epoch,lr,train_loss,train_mae,train_rmse,train_under_rate,train_over_rate,train_within_1,test_loss,test_mae,test_rmse,test_rounded_accuracy,test_under_rate,test_over_rate,test_within_1,epoch_time_sec
1,0.0009999975572749199,0.6347395815153917,0.3772604583902291,0.7961732721798446,0.13335483780913368,0.11581728781671977,0.879863859201942,nan,nan,nan,nan,nan,nan,nan,235.12114222347736
2,0.0009999902291237877,0.25881180131435394,0.2685166774484145,0.5083526626373207,0.1048121523289334,0.10397376422394174,0.9237069397663481,nan,nan,nan,nan,nan,nan,nan,131.220325820148
3,0.00099997801561893,0.2312171337902546,0.25235824326733425,0.4805310550367438,0.0984692168108026,0.10115451858595054,0.9319233184645729,nan,nan,nan,nan,nan,nan,nan,76.50349593162537
4,0.000999960916880889,0.21815199026465415,0.2431614352810651,0.46679639754797675,0.09528981338188439,0.09876718919739039,0.93671940282203,nan,nan,nan,nan,nan,nan,nan,70.81296730041504
5,0.000999938933078422,0.21312021841605505,0.23908844374905175,0.4614168400838083,0.09308392899408284,0.09837908420573509,0.938818896070399,nan,nan,nan,nan,nan,nan,nan,72.18585678189993
6,0.0009999120644285004,0.2041982270181179,0.23390973822257624,0.4516784716352271,0.09138189652556516,0.09665472553482021,0.9417863607950235,nan,nan,nan,nan,nan,nan,nan,71.34059897810221
7,0.000999880311196307,0.19796487247943878,0.22953208336178121,0.4447220936537228,0.09017889849795176,0.09467734425732059,0.9443002809892277,nan,nan,nan,nan,nan,nan,nan,72.54764179885387
8,0.0009998436736952333,0.19664503914117812,0.22827442985700197,0.4432351031564179,0.09002642391139433,0.09378991837353967,0.9450446548323471,nan,nan,nan,nan,nan,nan,nan,74.30148054659367
9,0.0009998021522868768,0.1906107900639375,0.22498064176528598,0.4363652749828036,0.0887536640873919,0.09278947898649674,0.9468308420573509,nan,nan,nan,nan,nan,nan,nan,70.97326335310936
10,0.000999755747381037,0.18628603863716126,0.22218126360757093,0.4313721514130427,0.08721079532696101,0.09198117796995904,0.9485725419511455,nan,nan,nan,nan,nan,nan,nan,70.40978949517012
11,0.0009997044594357114,0.1831807166536649,0.21971150206721288,0.42776334218734063,0.08605269974207252,0.09096773296920042,0.9498209230769231,nan,nan,nan,nan,nan,nan,nan,71.22777238488197
12,0.0009996482889570914,0.18083345701297124,0.21816491048399334,0.4250083112635256,0.08576031800940677,0.08995054104081324,0.9507443568502504,nan,nan,nan,nan,nan,nan,nan,74.21844200789928
13,0.000999587236499557,0.17913019461433094,0.21708112858443332,0.42298837706409315,0.08448714307388863,0.09014553664087392,0.9512927956304051,nan,nan,nan,nan,nan,nan,nan,73.66910272091627
14,0.0009995213026656716,0.17602489121754963,0.21501643554657868,0.41930057149653466,0.08315107874374146,0.0895088429676832,0.9524108147473828,nan,nan,nan,nan,nan,nan,nan,71.05487969517708
15,0.000999450488106175,0.1757286408543587,0.21439849083978152,0.41891661242686196,0.08328107904718555,0.08856834349871036,0.952872070399029,nan,nan,nan,nan,nan,nan,nan,70.05679358541965
16,0.0009993747935199786,0.17489074064294496,0.2136292048437263,0.4179377332673326,0.08310823972083144,0.08808268972841754,0.9528915879229252,nan,nan,nan,nan,nan,nan,nan,71.51661344617605
17,0.0009992942196541572,0.1716103646258513,0.2116385638275679,0.41399905134674725,0.08231122196935214,0.0873076801699287,0.9540975378546502,nan,nan,nan,nan,nan,nan,nan,74.59795938432217
18,0.0009992087673039425,0.1704506693780422,0.2105690749696556,0.4125730154157368,0.08100835563647397,0.08717072371415567,0.9544992529206494,nan,nan,nan,nan,nan,nan,nan,71.90785391628742
19,0.0009991184373127147,0.1675630267560482,0.20881577309968138,0.4090707352490362,0.08029714944621454,0.0865539651039296,0.9554394805037172,nan,nan,nan,nan,nan,nan,nan,71.07865703850985
20,0.0009990232305719941,0.16745294889807702,0.20856993665604612,0.40891869336221975,0.07993691275982401,0.0866881869215597,0.9556195454407526,0.15741453051567078,0.2005281545857988,0.3965747849799958,0.8398575876194811,0.06621298133818844,0.09392943104233045,0.9603114792899409,70.8159222304821
21,0.0009989231480214333,0.16495081027348837,0.2063931197561068,0.40586581173194747,0.07884004490972538,0.08602731118191473,0.9566842882718859,nan,nan,nan,nan,nan,nan,nan,70.939483307302
22,0.000998818190648806,0.16474181322256723,0.20612104667349415,0.4056208680108154,0.07911702017903201,0.08546265270823851,0.9566403192231832,nan,nan,nan,nan,nan,nan,nan,75.61179260909557
23,0.00099870835949,0.1639869177142779,0.2056340397322106,0.4046668265239001,0.07846985525716886,0.08556138977393415,0.9569691615839782,nan,nan,nan,nan,nan,nan,nan,71.34849009662867
24,0.0009985936556290034,0.1624938702881336,0.2047551152803065,0.4028309733840097,0.07843787710514338,0.08507203277196176,0.957571493248369,nan,nan,nan,nan,nan,nan,nan,71.37940482795238
25,0.0009984740801978979,0.16149598131577172,0.2043561036071916,0.4015832586529588,0.07815485844333181,0.08462880412683962,0.9577327555757852,nan,nan,nan,nan,nan,nan,nan,72.62091028690338
26,0.0009983496343768442,0.16318313069144885,0.20437479925276894,0.40368115412757344,0.07789872371415567,0.08467281080260962,0.9577618461538462,nan,nan,nan,nan,nan,nan,nan,70.75973741710186
27,0.0009982203193940726,0.16041791393856208,0.20350105794833864,0.4002357672998646,0.07784840175997572,0.08421745046275224,0.9582010984676074,nan,nan,nan,nan,nan,nan,nan,75.31084585934877
28,0.0009980861365258698,0.1591514390905698,0.20237770792558032,0.39865853093694475,0.07708553846153846,0.0840435976331361,0.9588772471552116,nan,nan,nan,nan,nan,nan,nan,70.97173459082842
29,0.0009979470870965664,0.15919840500255425,0.20240998551054468,0.39870761757117884,0.07730931998179336,0.083766345622819,0.9585266769837657,nan,nan,nan,nan,nan,nan,nan,71.1572121232748
30,0.000997803172478524,0.15962241982420286,0.20251393426642392,0.3992365444172095,0.07757210377787893,0.08352867850098619,0.9586776125018965,nan,nan,nan,nan,nan,nan,nan,70.3667886480689
31,0.0009976543940921222,0.15743550663193068,0.20098417514413594,0.39650584423319124,0.07666141344257321,0.0831675848884843,0.9593863571536945,nan,nan,nan,nan,nan,nan,nan,70.55647362023592
32,0.000997500753405743,0.15648291032016276,0.2004739026039296,0.39529856425317567,0.07619971597633136,0.082956691245638,0.9597139238355333,nan,nan,nan,nan,nan,nan,nan,76.26123436540365
33,0.0009973422519357583,0.15632820638020833,0.2002900538139129,0.39510697146327,0.07626234076771354,0.08257218510089516,0.9596872741617357,nan,nan,nan,nan,nan,nan,nan,71.14217459410429
34,0.0009971788912465137,0.15546999284625054,0.1998413430719921,0.3940084356818827,0.07604317523896222,0.0824123550295858,0.9600336082536792,nan,nan,nan,nan,nan,nan,nan,71.4459663555026
35,0.0009970106729503133,0.15498786656558514,0.19946452394363526,0.3934140097623652,0.07563969291458049,0.0824945070550751,0.9602312086178122,nan,nan,nan,nan,nan,nan,nan,70.56446129083633
36,0.0009968375987074035,0.15586052997907002,0.1998608092948718,0.3945166553012938,0.07597549385525718,0.08251526505841299,0.960164234865726,nan,nan,nan,nan,nan,nan,nan,71.20916216820478
37,0.0009966596702259572,0.15518185249467692,0.19926397935631923,0.39366024891476337,0.07540473008648156,0.08255223425883781,0.9603162822030041,nan,nan,nan,nan,nan,nan,nan,75.85761385411024
38,0.000996476889262057,0.15522566405435403,0.19920579114512213,0.3937179577577862,0.0755290171445911,0.08252378212714308,0.9602118209679866,nan,nan,nan,nan,nan,nan,nan,71.14292250573635
39,0.0009962892576196771,0.15338184299568336,0.19796793383022304,0.3913712173399772,0.07516826217569413,0.08180307813685328,0.9609274525868609,nan,nan,nan,nan,nan,nan,nan,70.62999008595943
40,0.000996096777150666,0.1533824906349182,0.19783520821954179,0.3913763964030435,0.07489901137915339,0.08197912668790776,0.9608530917918373,0.14650045335292816,0.19322619452662723,0.38250702823605376,0.846390459717797,0.0900827674101047,0.06352677287209832,0.9634350842057351,70.77748166024685
41,0.000995899449754728,0.15270482072234154,0.19739655185100896,0.39049996555414046,0.07490352662721894,0.08155474313457746,0.9611326111363981,nan,nan,nan,nan,nan,nan,nan,72.23020768910646
42,0.000995697277379405,0.15218771173556644,0.19710575646715217,0.3898474036004239,0.07456093946290396,0.08179048884842968,0.9613985046275224,nan,nan,nan,nan,nan,nan,nan,73.80617687106133
43,0.000995490262020057,0.1525353329827388,0.19737419369215597,0.3902936423717797,0.07514090608405401,0.0812625701714459,0.9610256592322864,nan,nan,nan,nan,nan,nan,nan,70.96278329193592
44,0.0009952784057198417,0.15177921423316001,0.19669475379305112,0.38932308074025995,0.07439183614019117,0.08129899681383705,0.9613842913063269,nan,nan,nan,nan,nan,nan,nan,70.29859159141779
45,0.0009950617105696953,0.1519177645991246,0.19692541297792443,0.3894981356488262,0.0744922409346078,0.08149701835836747,0.9613716231224397,nan,nan,nan,nan,nan,nan,nan,70.65867518633604
46,0.0009948401787083115,0.15061348557968934,0.19590919849036564,0.38783638020541666,0.07454563374298286,0.08057966317705963,0.9618442542861477,nan,nan,nan,nan,nan,nan,nan,73.04784880578518
47,0.0009946138123221205,0.1508819213261207,0.19590135246927629,0.3881815170226174,0.073983771810044,0.08117081596115916,0.9618967950235169,nan,nan,nan,nan,nan,nan,nan,72.37470158189535
48,0.0009943826136452668,0.1508575986425082,0.19589417517258384,0.38813989198737664,0.07378318676983765,0.08119188226369291,0.9621507668032165,nan,nan,nan,nan,nan,nan,nan,70.5745646879077
49,0.0009941465849595884,0.14948696425557137,0.1949542684437111,0.38636742780358935,0.07365349355181308,0.08052067121832802,0.9621967288727052,nan,nan,nan,nan,nan,nan,nan,71.33203323930502
50,0.0009939057285945926,0.15010216188927492,0.1953878817800789,0.3871681553669782,0.07403622758306783,0.08057991928387194,0.9619767756030951,nan,nan,nan,nan,nan,nan,nan,70.59590131789446
51,0.000993660046927435,0.1485456062903007,0.19428383739189806,0.3851427753250352,0.0733559617660446,0.08013861932938857,0.962684993475952,nan,nan,nan,nan,nan,nan,nan,75.82717338204384
52,0.000993409542382894,0.148813358604908,0.19442282356622667,0.3854968070347087,0.07346332635411926,0.08035674707935063,0.9624980160825368,nan,nan,nan,nan,nan,nan,nan,70.78641786426306
53,0.0009931542174333489,0.14959508494039375,0.19481929339250492,0.3865120218530161,0.07386267334243665,0.08014391382187831,0.9622422746169018,nan,nan,nan,nan,nan,nan,nan,70.49779533594847
54,0.0009928940745987534,0.1489412544866403,0.19437243257851616,0.3856715816485461,0.073808684569868,0.07980033742982856,0.962576127446518,nan,nan,nan,nan,nan,nan,nan,70.62083058804274
55,0.0009926291164466124,0.1480708835820357,0.19387688544037324,0.3845235256367688,0.07327543984220908,0.07986340039447731,0.9627985325443787,nan,nan,nan,nan,nan,nan,nan,70.20361266285181
56,0.000992359345591956,0.14795044544835886,0.19399846702890305,0.38436926559477197,0.07359814413594296,0.07949051737217418,0.9626370699438629,nan,nan,nan,nan,nan,nan,nan,75.22597020864487
57,0.0009920847646973136,0.1480707099189361,0.19401518964307388,0.3845430848280837,0.07360784342284935,0.07937591989076012,0.9626015099377939,nan,nan,nan,nan,nan,nan,nan,71.30711334943771
58,0.0009918053764726876,0.14741918650766214,0.1935145926263086,0.3836812737547551,0.0732829191321499,0.07926251191018055,0.9628633821878319,nan,nan,nan,nan,nan,nan,nan,71.10610835254192
59,0.000991521183675527,0.1474472723454237,0.1935063743172508,0.38372663860360956,0.07320286693976635,0.07937881960248824,0.9630130395994538,nan,nan,nan,nan,nan,nan,nan,70.9622195288539
60,0.0009912321891107005,0.14741983838379383,0.19328853482020938,0.38368977827141765,0.07276947473827947,0.07957694067668032,0.9629916091640115,0.15753484040498733,0.2038582951183432,0.3967451979610382,0.8356375056895767,0.11605749658625399,0.048304997724169324,0.959394010013655,70.76181702315807
61,0.000990938395630467,0.14654044584433237,0.19291312538878774,0.38253964528339907,0.07301474616901836,0.07899789167045972,0.96322912092247,nan,nan,nan,nan,nan,nan,nan,75.03745578974485
62,0.00099063980613445,0.1461991960008939,0.1924498278997876,0.3820978265715502,0.07281720527992717,0.07883088696707631,0.9634166748596571,nan,nan,nan,nan,nan,nan,nan,71.48516095429659
63,0.0009903364235696072,0.14647162724037965,0.19279928140646335,0.38244348760652,0.07312653497193142,0.07885543680776817,0.9633622928235472,nan,nan,nan,nan,nan,nan,nan,70.51899152249098
64,0.000990028250930202,0.14594778315722942,0.19232592920270064,0.3817517467929246,0.07248441571840389,0.07906156030951297,0.9638370820816264,nan,nan,nan,nan,nan,nan,nan,71.72609870880842
65,0.000989715291257774,0.14514520147939522,0.19153523235282963,0.3807122916119344,0.07239819875587923,0.0784418449400698,0.964077845546958,nan,nan,nan,nan,nan,nan,nan,70.71407859772444
66,0.0009893975476411086,0.14498667898277443,0.19140751926869976,0.3805155902173025,0.07227083841602185,0.07854211621908663,0.9637082809892278,nan,nan,nan,nan,nan,nan,nan,75.79871175438166
67,0.0009890750232162072,0.14527845192948977,0.19155783702207554,0.3808898306625511,0.07250815718403884,0.07844987042937339,0.9636596838112578,nan,nan,nan,nan,nan,nan,nan,70.93481920659542
68,0.0009887477211662557,0.14493599769473076,0.191207239502731,0.3804397839814993,0.07226513852222728,0.07816532240934608,0.9640021374601729,nan,nan,nan,nan,nan,nan,nan,70.57574997842312
69,0.000988415644721593,0.14428790504237016,0.19074765945986952,0.37960016888791215,0.07200572659687453,0.07810396115915642,0.9641048168714914,nan,nan,nan,nan,nan,nan,nan,70.82702497392893
70,0.00098807879715968,0.1460009756187598,0.19086614843157335,0.3818358963929396,0.07206803580640267,0.07779097435897436,0.9641766299499317,nan,nan,nan,nan,nan,nan,nan,71.05003271251917
71,0.0009877371818050654,0.14426345333456994,0.19076348215369443,0.3795589305436299,0.07235201213776361,0.07772188499468972,0.964103516917008,nan,nan,nan,nan,nan,nan,nan,76.49657040834427
72,0.0009873908020293556,0.14409396565953891,0.19067056223448642,0.37933474380910476,0.07192475921711425,0.07829980154756486,0.9642381028675466,nan,nan,nan,nan,nan,nan,nan,71.20827627927065
73,0.0009870396612511787,0.1433675049543381,0.19020142904149598,0.37837349095597084,0.07138635958124716,0.07832415597026247,0.9645772174176908,nan,nan,nan,nan,nan,nan,nan,71.34983664005995
74,0.0009866837629361525,0.1435982747723659,0.19044464766348052,0.37866870462481633,0.07153672947959339,0.07809310635715369,0.9643108966772872,nan,nan,nan,nan,nan,nan,nan,71.49221406131983
75,0.0009863231105968497,0.1432369988312324,0.19028541195380064,0.3782026983967346,0.07196971992110454,0.07741472067971476,0.9643487276589289,nan,nan,nan,nan,nan,nan,nan,73.28117749840021
76,0.0009859577077927634,0.14269657676418623,0.18975192889925657,0.3774897444552191,0.07181192292520103,0.0772878191473221,0.9645154981034745,nan,nan,nan,nan,nan,nan,nan,72.59655964374542
77,0.0009855875581302716,0.14421484360595543,0.1896861641253224,0.379495071206641,0.07117823092095281,0.07732665513579123,0.9648610116825975,nan,nan,nan,nan,nan,nan,nan,70.57445562630892
78,0.000985212665262602,0.14304370069503783,0.18902493164921863,0.37794735244655764,0.07135324047944167,0.07659231194052496,0.9650909434076771,nan,nan,nan,nan,nan,nan,nan,70.74828213453293
79,0.000984833032889796,0.14345372046033542,0.18923837652670308,0.3784755331212415,0.07128770990744955,0.0768755090274617,0.9649910483993325,nan,nan,nan,nan,nan,nan,nan,70.73201498389244
80,0.000984448664758672,0.14154746893544992,0.18881393435176755,0.3759511043853949,0.07123047792444243,0.07667991139432559,0.9650372787133971,0.14643796548247337,0.19360700329995448,0.38246896897995514,0.8470043513882567,0.09700944924897588,0.05598619936276741,0.9631735639508421,75.59892780333757
81,0.000984059564662788,0.14085358139375845,0.18821727519534212,0.37504084363245405,0.07098145106964042,0.07649080139584281,0.9654502175694128,nan,nan,nan,nan,nan,nan,nan,71.86627599596977
82,0.0009836657364424048,0.1400188636481762,0.18770859042633894,0.37392255240522554,0.07017935851919284,0.0767377781823699,0.9659814170839023,nan,nan,nan,nan,nan,nan,nan,71.42505808919668
83,0.000983267183984448,0.14068802341322104,0.18819409370732817,0.3747998199965054,0.07087190411166742,0.07648765285996055,0.9653338843878015,nan,nan,nan,nan,nan,nan,nan,70.60183475166559
84,0.00098286391122247,0.13962531452377638,0.18731557426794113,0.3734002673894387,0.07062978000303444,0.07593347413139129,0.9656205686542254,nan,nan,nan,nan,nan,nan,nan,70.91794130206108
85,0.0009824559221366094,0.13837250845630963,0.1863550686352602,0.3717112459172773,0.06994045213169474,0.07575279502351692,0.9660631030192687,nan,nan,nan,nan,nan,nan,nan,75.30733972787857
86,0.000982043220753554,0.13914208858211835,0.18695489258079198,0.37273531367686213,0.0703519842209073,0.07574522712790169,0.9658721323016234,nan,nan,nan,nan,nan,nan,nan,71.01000815629959
87,0.0009816258111465,0.1383221121231715,0.18625666298740706,0.3716381022441045,0.069914338947049,0.075652449704142,0.9662512019420422,nan,nan,nan,nan,nan,nan,nan,70.99361867457628
88,0.0009812036974351116,0.13857049635549387,0.18649876300068274,0.37197423021924614,0.07020153421332119,0.07543376240327719,0.9660463262023972,nan,nan,nan,nan,nan,nan,nan,70.40815610438585
89,0.0009807768837854806,0.13795305182536444,0.18606724635867092,0.37114067168700837,0.07012594143529055,0.07523154726141708,0.9662740719162495,nan,nan,nan,nan,nan,nan,nan,71.2614338696003
90,0.0009803453744100857,0.13687977356712022,0.1852215682559551,0.36968610688712705,0.0696305798816568,0.07497636291913215,0.9666632413897739,nan,nan,nan,nan,nan,nan,nan,74.11586672067642
91,0.0009799091735677502,0.13790922834475836,0.1857759582859202,0.37109043819182747,0.06993678774085875,0.07501438446366257,0.966348533454711,nan,nan,nan,nan,nan,nan,nan,70.96611359715462
92,0.0009794682855636,0.13818718358377616,0.18607286858026095,0.37145474228895997,0.0699867540585647,0.0750306053709604,0.9662184214838416,nan,nan,nan,nan,nan,nan,nan,70.29431349039078
93,0.0009790227147490219,0.13698624811569848,0.18556752051092398,0.3698262596419815,0.07000380154756486,0.07438006129570626,0.9664813060233652,nan,nan,nan,nan,nan,nan,nan,71.01059657335281
94,0.00097857246552162,0.1357056451936563,0.18456684618229405,0.3681058387682995,0.06960633227127902,0.07390655985434684,0.9669299384008496,nan,nan,nan,nan,nan,nan,nan,70.70587010681629
95,0.000978117542325172,0.13656386047601698,0.18509400989038083,0.36924978201505915,0.06973633621605219,0.07414585829160977,0.9667033093612502,nan,nan,nan,nan,nan,nan,nan,74.12183406949043
96,0.0009776579496495869,0.13584683278699716,0.18454523425883781,0.36827720381108636,0.06928650584129874,0.07405171294189046,0.9670023583674708,nan,nan,nan,nan,nan,nan,nan,70.34576981514692
97,0.0009771936920308583,0.13513829886416595,0.1840228126327568,0.3673216443736888,0.06915305719921104,0.07379727507206797,0.9672834993172508,nan,nan,nan,nan,nan,nan,nan,70.25467874109745
98,0.0009767247740510218,0.13455213075876235,0.1835165298228645,0.36652246121200055,0.06877320831436808,0.07358781854043392,0.967432345926263,nan,nan,nan,nan,nan,nan,nan,71.02561359107494
99,0.0009762512003381084,0.13467433941860993,0.18356454680625095,0.36667976217890647,0.06889071885905022,0.0735550744955242,0.9673884278561675,nan,nan,nan,nan,nan,nan,nan,70.63865246623755
100,0.0009757729755660996,0.13487028835713863,0.18376978153922016,0.3669548940455195,0.06911415930814747,0.07362696282809893,0.9673406135639508,0.13799275293946267,0.18890955820436958,0.37125634334490226,0.8548892853891671,0.08065412835685025,0.0644565862539827,0.9671473463814292,75.99850822985172
101,0.0009752901044548805,0.13416240107019742,0.1830861634425732,0.3659928130237846,0.06854838780154757,0.07353952237900167,0.9677287464724624,nan,nan,nan,nan,nan,nan,nan,69.75186535716057
102,0.0009748025917701944,0.13361402042706808,0.18257132225762404,0.3652390781405979,0.06796556516461842,0.07371794629039599,0.9682297812168108,nan,nan,nan,nan,nan,nan,nan,70.84552818536758
103,0.0009743104423235942,0.1346696034471194,0.18331575973865877,0.36667504722253963,0.0684611282051282,0.07363803732362312,0.9676840188135336,nan,nan,nan,nan,nan,nan,nan,70.95060583204031
104,0.0009738136609723967,0.13332167544960977,0.18234294783606433,0.36483611631803575,0.0684688271885905,0.07285341465634956,0.9677403149749658,nan,nan,nan,nan,nan,nan,nan,70.95798863470554
105,0.0009733122526196333,0.13307517600556215,0.1821253884937794,0.36450381393458275,0.06840182187831892,0.07271715248065544,0.9678772774996207,nan,nan,nan,nan,nan,nan,nan,74.70666034519672
106,0.0009728062222140018,0.13250732911129792,0.18166460298133819,0.3637151027379011,0.06816568411470186,0.07260812501896526,0.9680556637839478,nan,nan,nan,nan,nan,nan,nan,70.96523654460907
107,0.000972295574749818,0.13315074005226293,0.18223990153239267,0.364584281107206,0.06817427522379002,0.07300454802002732,0.9678954270975573,nan,nan,nan,nan,nan,nan,nan,69.51755262166262
108,0.0009717803152669663,0.132740514198939,0.18186782491275982,0.36402017280038385,0.06792783128508573,0.07284734213321195,0.9681734304354422,nan,nan,nan,nan,nan,nan,nan,71.1191719174385
109,0.0009712604488508497,0.13234668613473574,0.18142682301623425,0.3634861190526141,0.06775222576240328,0.07271904111667425,0.9682925540889091,nan,nan,nan,nan,nan,nan,nan,72.25854318588972
110,0.00097073598063234,0.1325775053103765,0.18159371480996814,0.3638116930137931,0.06803663662570171,0.07255373084509179,0.9681245128205128,nan,nan,nan,nan,nan,nan,nan,74.07679746299982
111,0.0009702069157877266,0.13221227378646533,0.18134951795061446,0.3633073029746373,0.06777973600364133,0.07262074101046882,0.968241681080261,nan,nan,nan,nan,nan,nan,nan,70.38538484275341
112,0.0009696732595386662,0.13399148542185624,0.18153989687642239,0.36575455996830974,0.0678145386132605,0.07250031011986041,0.9682367228038234,nan,nan,nan,nan,nan,nan,nan,70.55892656743526
113,0.0009691350171521301,0.13144932309786478,0.18075378122629343,0.362252011352052,0.0675233597329692,0.07254130056137156,0.9685887276589289,nan,nan,nan,nan,nan,nan,nan,70.54506555199623
114,0.0009685921939403538,0.1318759086728096,0.18107209509179184,0.3628509271081644,0.06709616628736155,0.0733255117584585,0.9685193639811864,nan,nan,nan,nan,nan,nan,nan,74.91488033533096
115,0.0009680447952607828,0.13211945590873558,0.18123862012592928,0.36318253262337796,0.06697469154908209,0.07337825641025641,0.9684370590198755,nan,nan,nan,nan,nan,nan,nan,71.5401951521635
116,0.0009674928265160214,0.13107803871730964,0.18065659536678805,0.36174242435612547,0.06734776149294493,0.07231836382946442,0.9685018771051433,nan,nan,nan,nan,nan,nan,nan,70.47132551670074
117,0.0009669362931537782,0.13099594531953335,0.18059196349188286,0.3616259381627145,0.06745763374298286,0.072121939614626,0.9685544057047489,nan,nan,nan,nan,nan,nan,nan,70.7390272244811
118,0.0009663752006668128,0.13053368782500427,0.18027546719010773,0.36097502760121686,0.0671481426187225,0.07213761553633743,0.9687114258837809,nan,nan,nan,nan,nan,nan,nan,70.91489004343748
119,0.0009658095545928816,0.13090789798398814,0.1805931370239721,0.36149751707751593,0.06739670823850706,0.07214639478076164,0.9685897897132454,nan,nan,nan,nan,nan,nan,nan,75.25807226449251
120,0.0009652393605146829,0.13038648809492587,0.1801484892656653,0.36077899159176674,0.06713468548020027,0.07204423001062055,0.9687940257927476,0.148703006953001,0.19514270510923987,0.3854292967254015,0.8454303140646335,0.10369292671825216,0.050876759217114244,0.9623063450159308,70.33747996389866
121,0.000964664624059802,0.13054895742734274,0.1801448197921408,0.3610115000181956,0.06700299074495525,0.07211320163859809,0.9688034786830526,nan,nan,nan,nan,nan,nan,nan,70.66811334341764
122,0.0009640853509006558,0.13066360869506996,0.1803008727810651,0.3611543788645606,0.06698383007130936,0.07219778243058717,0.9689111758458504,nan,nan,nan,nan,nan,nan,nan,70.59178887307644
123,0.0009635015467544365,0.13090711617966494,0.18046958543847672,0.3614822721467183,0.06708883750568957,0.07225848217265969,0.9687761055985434,nan,nan,nan,nan,nan,nan,nan,70.61437052488327
124,0.0009629132173830553,0.12916929000119368,0.1791893774180701,0.3590900993325052,0.06660237293278713,0.07160012259141253,0.969310375967228,nan,nan,nan,nan,nan,nan,nan,74.60171768069267
125,0.0009623203685930855,0.12996927406887213,0.1795782214478076,0.36020270089026973,0.06668450189652557,0.07189470854195115,0.9690316929145805,nan,nan,nan,nan,nan,nan,nan,70.80521574616432
126,0.0009617230062357055,0.1294160129725933,0.17918047516499772,0.35944357760321755,0.06662244879380974,0.0716410523441056,0.9692101775147929,nan,nan,nan,nan,nan,nan,nan,70.77319276332855
127,0.0009611211362066404,0.12992210295796394,0.17949084744348354,0.36012508404023186,0.06669623790016689,0.07183448460021241,0.9690803871946594,nan,nan,nan,nan,nan,nan,nan,71.06404336541891
128,0.0009605147644461045,0.129451823780934,0.1791831736932939,0.35948144924609254,0.06625767258382644,0.07197325686542255,0.96953317432863,nan,nan,nan,nan,nan,nan,nan,70.05678518861532
129,0.0009599038969387422,0.12954601462185383,0.17931720424632075,0.3596096006902311,0.06630741799423456,0.07205661417083903,0.9694895342133212,nan,nan,nan,nan,nan,nan,nan,74.10119735449553
130,0.0009592885397135693,0.12913057437042394,0.17880084406766802,0.3590337453761219,0.06598556819905932,0.0719575372477621,0.9698150229100289,nan,nan,nan,nan,nan,nan,nan,71.02283595502377
131,0.000958668698843913,0.1293311915298303,0.17893976169208012,0.35930634921458404,0.06611629434076771,0.07187210559854347,0.9695163647397967,nan,nan,nan,nan,nan,nan,nan,71.27189563959837
132,0.0009580443804473528,0.12878911337256432,0.17862632676187226,0.3585589404522752,0.06623921832802306,0.07137633014717039,0.9693514550144136,nan,nan,nan,nan,nan,nan,nan,71.58781798928976
133,0.0009574155906856588,0.12914803749819598,0.17874619988431195,0.35905948348584,0.06636419238355333,0.07153531057502654,0.9692151491427704,nan,nan,nan,nan,nan,nan,nan,69.92751989513636
134,0.0009567823357647325,0.12853560465574265,0.17823884108064025,0.3582014942792769,0.06611783947807616,0.07124097102108937,0.9694681693218025,nan,nan,nan,nan,nan,nan,nan,75.45003587007523
135,0.000956144621934544,0.12856516821682454,0.1781595877143074,0.35824673389148426,0.06608800849643454,0.07121964375663783,0.9694814286147777,nan,nan,nan,nan,nan,nan,nan,70.63403759151697
136,0.0009555024554890715,0.12803674123684566,0.17796902113677743,0.3574961188653564,0.0658811882870581,0.07121294249734486,0.9696303237748445,nan,nan,nan,nan,nan,nan,nan,70.66854337602854
137,0.0009548558427662385,0.12821328226228554,0.17798514021013503,0.3577587116921261,0.06605541981489911,0.07119839538764983,0.969550459717797,nan,nan,nan,nan,nan,nan,nan,70.00872431695461
138,0.0009542047901478514,0.1306311765909195,0.1784499497705204,0.36111857207672543,0.06609336610529509,0.07121247155211652,0.9695896428463056,nan,nan,nan,nan,nan,nan,nan,70.23422986268997
139,0.000953549304059537,0.12854657921691737,0.1781789653789258,0.35822135108144937,0.06587891852526172,0.07137806463359127,0.9696463067819754,nan,nan,nan,nan,nan,nan,nan,75.35420662164688
140,0.0009528893909706782,0.12836434205869834,0.17809348949324838,0.3579600428568658,0.06590996935214687,0.07133651585495372,0.9697378206645425,0.15257749676704407,0.19733517893718708,0.39037533947064124,0.8436036413290852,0.1089977241693218,0.04739863450159308,0.9611831770596267,69.9721978455782
141,0.0009522250573943508,0.1285270199974378,0.17826238831360947,0.35818588195078976,0.06598902746169018,0.07138899954483387,0.9695647507206797,nan,nan,nan,nan,nan,nan,nan,70.9828158468008
142,0.0009515563098872589,0.12752792505423227,0.1775126471134881,0.3567842718999831,0.06565062661204674,0.07093427158246093,0.9698781987558792,nan,nan,nan,nan,nan,nan,nan,70.43938256055117
143,0.0009508831550496706,0.12786211730043093,0.17744342127522378,0.35725724634630907,0.06562019481110605,0.07097260021241086,0.9698285698680018,nan,nan,nan,nan,nan,nan,nan,72.02667480707169
144,0.0009502055995253523,0.12758838719626267,0.1774449725667577,0.35687349241177624,0.06558628432711273,0.07098399271734183,0.9698726360188136,nan,nan,nan,nan,nan,nan,nan,72.49392462521791
145,0.0009495236500015033,0.127750428656737,0.17744724647246246,0.3571032826648675,0.06567287756030951,0.07100225883780914,0.9698670514337733,nan,nan,nan,nan,nan,nan,nan,71.51000747084618
146,0.0009488373132086904,0.12815012872715792,0.17780214280837506,0.357662804344103,0.06576913609467455,0.0711599902897891,0.9697170177514793,nan,nan,nan,nan,nan,nan,nan,70.49017535150051
147,0.0009481465959207804,0.12740903566281,0.17734646417463207,0.3566274554802977,0.06567296859353663,0.07073480443028372,0.9699431867698377,nan,nan,nan,nan,nan,nan,nan,70.07501384615898
148,0.0009474515049548741,0.12693802027901013,0.1770499348448642,0.3559639696048501,0.06548180609922621,0.07062711090881504,0.9700963738431194,nan,nan,nan,nan,nan,nan,nan,72.92813518643379
149,0.000946752047171239,0.12800129692753157,0.17792349463283266,0.35744570066369963,0.06593797360036413,0.0709103674707935,0.9697506235776058,nan,nan,nan,nan,nan,nan,nan,72.44045992940664
150,0.0009460482294732407,0.1270401407380899,0.17719706940335306,0.35611067883049047,0.06570569200424822,0.07030532301623425,0.9699884934000911,nan,nan,nan,nan,nan,nan,nan,70.79061176627874
151,0.0009453400588072759,0.12710229631265005,0.17736418819223182,0.35618520004267673,0.06561229555454408,0.0704917117281141,0.9699852186314671,nan,nan,nan,nan,nan,nan,nan,69.9697954133153
152,0.000944627542162703,0.12908349119126797,0.17772335306668183,0.3589659018093662,0.06583270763161887,0.07036021605219238,0.9697842087695342,nan,nan,nan,nan,nan,nan,nan,70.27550137042999
153,0.0009439106865717741,0.12743312306205432,0.1775830850212411,0.35665812870548214,0.06586061235017449,0.07042201790320134,0.9697946205431649,nan,nan,nan,nan,nan,nan,nan,73.60102785378695
154,0.0009431894991095639,0.1271372573375702,0.1773726004684418,0.3562302066106178,0.06578520527992718,0.07034295615232894,0.9699183225610681,nan,nan,nan,nan,nan,nan,nan,71.24155377596617
155,0.0009424639868939019,0.12721225666006405,0.17744166165983918,0.35633143594448996,0.06578632316795631,0.07027612319830072,0.9699360497648308,nan,nan,nan,nan,nan,nan,nan,69.92090575397015
156,0.0009417341570853006,0.12739954969783623,0.17755555925694128,0.35660365853301423,0.06572357093005614,0.07044296282809892,0.9698727792444242,nan,nan,nan,nan,nan,nan,nan,70.48478730767965
157,0.0009410000168868854,0.127092769463857,0.1772487164314975,0.3561779994757356,0.06559888332574723,0.07027417387346381,0.96997771142467,nan,nan,nan,nan,nan,nan,nan,69.65165255963802
158,0.000940261573544324,0.1261448524246613,0.17667706101122743,0.3548400982018172,0.06520404915794265,0.07005039720831437,0.9704064852071006,nan,nan,nan,nan,nan,nan,nan,75.84283962100744
159,0.000939518834345754,0.12561661349733672,0.17635510985624336,0.3541023897914283,0.06513076862388105,0.06989640904263389,0.9706188645122136,nan,nan,nan,nan,nan,nan,nan,71.08921111375093
160,0.0009387718066217112,0.12594851485888164,0.17651285670801092,0.35456548665664145,0.06518525140342891,0.0699825070550751,0.9704305373994841,0.13650357261300086,0.1837809433318161,0.3692472874063414,0.8567241875284479,0.07895938097405553,0.06431643149749659,0.9668497041420119,71.19704685360193
161,0.000938020497745058,0.12635663212835788,0.17683639681952662,0.3551346318727928,0.06534090608405402,0.07025483113336367,0.9702823268092854,nan,nan,nan,nan,nan,nan,nan,72.10647361725569
162,0.0009372649151309094,0.1259123703042666,0.17628030938969808,0.3545212282931717,0.06523755424063116,0.0699864979517524,0.9703824803519951,nan,nan,nan,nan,nan,nan,nan,71.06660030037165
163,0.0009365050662365609,0.1255919289936622,0.17608726715407375,0.35406005772948146,0.06500588074647247,0.06987014534971932,0.970508305264755,nan,nan,nan,nan,nan,nan,nan,75.3667638450861
164,0.0009357409585614142,0.12645913443962734,0.17674155260961918,0.35528425904238553,0.06533352996510393,0.07014591169776968,0.9702305094826278,nan,nan,nan,nan,nan,nan,nan,70.83336867392063
165,0.0009349725996469037,0.1262119191835324,0.17645211731907146,0.35493883296960554,0.06526482294037324,0.0699584402973752,0.9703177278106508,nan,nan,nan,nan,nan,nan,nan,71.26822407543659
166,0.0009341999970764216,0.12546102765699227,0.17593764690487027,0.353886604533096,0.06504031800940677,0.06971675678956152,0.9705879836140191,nan,nan,nan,nan,nan,nan,nan,70.97389980405569
167,0.0009334231584752434,0.12587278659641743,0.17617324289751177,0.3544656118827275,0.06520569503868912,0.06980066029434077,0.9704646700045516,nan,nan,nan,nan,nan,nan,nan,71.335619173944
168,0.0009326420915104524,0.12588085375726224,0.17614069269648006,0.3544720620878167,0.06496166530116826,0.06997228827188591,0.9704785422545896,nan,nan,nan,nan,nan,nan,nan,75.96153193712234
169,0.0009318568038908645,0.1255405180156231,0.17583528518054922,0.3539961686694834,0.06476107055075102,0.06995481231983007,0.970772963131543,nan,nan,nan,nan,nan,nan,nan,71.08479887247086
170,0.0009310673033669511,0.12549583032230535,0.1759285647853133,0.35392417639507073,0.06448463662570171,0.07003353299954483,0.9709644108632984,nan,nan,nan,nan,nan,nan,nan,71.18209557235241
171,0.0009302735977307638,0.1257508373707533,0.17597713378091337,0.35429613790991993,0.06456322257624032,0.07022405947504172,0.971001979669246,nan,nan,nan,nan,nan,nan,nan,69.74924018234015
172,0.0009294756948158568,0.12440705614785354,0.1753019428861326,0.3523773410575953,0.0640319113943256,0.06991126687907753,0.9714741896525565,nan,nan,nan,nan,nan,nan,nan,71.97987709194422
173,0.0009286736024972098,0.12738035269081593,0.17618353430814748,0.35657928574851394,0.0645548147473828,0.06997450826885146,0.97082628189956,nan,nan,nan,nan,nan,nan,nan,76.67438588291407
174,0.00092786732869115,0.125410462235411,0.17605868609657108,0.35378141026253046,0.06465558003337885,0.06977513579123047,0.9706238082233348,nan,nan,nan,nan,nan,nan,nan,71.41133198142052
175,0.0009270568813552746,0.12679643096029758,0.17556325580336823,0.35576397201454857,0.06454030890608406,0.06935233378849946,0.9707724399939311,nan,nan,nan,nan,nan,nan,nan,70.38947189599276
176,0.0009262422684883714,0.127005621706446,0.17632912039144288,0.3560459394887121,0.06475360825367926,0.06964682020937642,0.9705589124563799,nan,nan,nan,nan,nan,nan,nan,71.00220940262079
177,0.0009254234981303404,0.12538729689021905,0.1760304117357002,0.35377035814033475,0.06487834926414808,0.06963892095281445,0.9705626096191776,nan,nan,nan,nan,nan,nan,nan,70.78528564423323
178,0.0009246005783621151,0.12357496988773346,0.17445358443331815,0.3511995492152403,0.06420418510089516,0.06910165983917463,0.9711643186162949,nan,nan,nan,nan,nan,nan,nan,74.87538931518793
179,0.0009237735173055808,0.12454439714550972,0.17521390689956,0.3525710063112846,0.06443279380974055,0.069442738279472,0.9709094098012441,nan,nan,nan,nan,nan,nan,nan,71.3685692474246
180,0.0009229423231234963,0.1246033276617527,0.17515243272075556,0.3526629414150239,0.06439694856622667,0.06939688180852678,0.9709773800637232,0.14238017082214355,0.19179942108557124,0.37711154115763035,0.8525022849340009,0.09771364588074648,0.04978406918525262,0.9644878652708239,71.08655616641045
181,0.0009221070040194129,0.12413187373677889,0.1748128181895767,0.3520039145592067,0.06418493218024579,0.0694439714762555,0.9711417399484145,nan,nan,nan,nan,nan,nan,nan,71.4879037514329
182,0.0009212675682375926,0.12380590475102266,0.1750010034706418,0.35151270521697525,0.06413540039447732,0.0693119332423001,0.9712731081778182,nan,nan,nan,nan,nan,nan,nan,72.64786919206381
183,0.0009204240240629278,0.12457060661911964,0.17491201198604156,0.35261840719935833,0.06435012228796844,0.06941270095584888,0.970984671218328,nan,nan,nan,nan,nan,nan,nan,75.084164083004
184,0.0009195763798208592,0.12445973138014475,0.17518530978796845,0.3524506458426386,0.0642619620694887,0.0694483070854195,0.971002755272341,nan,nan,nan,nan,nan,nan,nan,70.88348080962896
185,0.0009187246438772927,0.12474663650989533,0.17518431473790017,0.35286290293231026,0.06439833348505537,0.06952450553785465,0.9709773096646943,nan,nan,nan,nan,nan,nan,nan,70.8547443524003
186,0.0009178688246385187,0.12516193249821664,0.1759177737160522,0.3534374097791987,0.06454399635867092,0.06980227825823092,0.9707625404339251,nan,nan,nan,nan,nan,nan,nan,71.27948582172394
187,0.0009170089305511273,0.1238647164851427,0.17499243303368228,0.3516028247671995,0.06424957790927022,0.06913382855408891,0.9710998282506448,nan,nan,nan,nan,nan,nan,nan,72.00845418870449
188,0.0009161449701019262,0.1246335492581129,0.17531198978720983,0.3526957908557803,0.06441461629494766,0.06949182218176302,0.9708545058412987,nan,nan,nan,nan,nan,nan,nan,74.02007953077555
189,0.000915276951817856,0.12548069034516812,0.1748864598221059,0.3539020498686451,0.06412835320892125,0.0690133818843878,0.9711123046578668,nan,nan,nan,nan,nan,nan,nan,70.87123867124319
190,0.000914404884265907,0.12382338732481003,0.17475654078478228,0.35155297727708845,0.06420283902291003,0.06911684782278865,0.9710695360339857,nan,nan,nan,nan,nan,nan,nan,71.25286572426558
191,0.0009135287760530338,0.12565677289664745,0.17521917497344863,0.35414216631678974,0.06406554513730846,0.06902419663177059,0.9711278009406766,nan,nan,nan,nan,nan,nan,nan,71.03707309812307
192,0.0009126486358260706,0.12325121561189492,0.17448819790244272,0.35072359893120086,0.06387549082081627,0.0688461708390229,0.9713061180397512,nan,nan,nan,nan,nan,nan,nan,74.42259840667248
193,0.0009117644722716462,0.12418969233334065,0.17496085773213474,0.3520774712923418,0.06417840934607799,0.06933231861629495,0.9709490444545592,nan,nan,nan,nan,nan,nan,nan,71.27062920480967
194,0.000910876294116098,0.12360081869363784,0.1744832514982552,0.35124141651737983,0.06413248975876194,0.06895549324836898,0.9711442949476559,nan,nan,nan,nan,nan,nan,nan,71.67556870728731
195,0.0009099841101253857,0.12377133172750474,0.17484747629343045,0.35147502597844676,0.06416733606433014,0.06909986951904111,0.9710933661052951,nan,nan,nan,nan,nan,nan,nan,70.65498973429203
196,0.0009090879291050052,0.1243719608982404,0.17506886251137915,0.35232313970859735,0.06424778880291307,0.06919529540282203,0.9709496659080564,nan,nan,nan,nan,nan,nan,nan,71.09083499014378
197,0.0009081877598999013,0.1229520748257637,0.17456508988582917,0.35029320468867514,0.0637651536944318,0.06873759732969201,0.9713734013048095,nan,nan,nan,nan,nan,nan,nan,75.94683419913054
198,0.0009072836113943806,0.12327299418548743,0.17429793266385982,0.35076403523171973,0.06381133667121833,0.06878306660597786,0.9712875533302989,nan,nan,nan,nan,nan,nan,nan,71.3018689751625
199,0.0009063754925120241,0.12291189147531986,0.17402387416552875,0.35026454153465,0.06381378485813989,0.06877965710817782,0.9713460075861022,nan,nan,nan,nan,nan,nan,nan,70.934296451509
200,0.0009054634122155982,0.12297148607174556,0.174397541989076,0.3503257339871065,0.06379116734941587,0.06880537460172963,0.9713867504172357,0.13890297710895538,0.1856507689462904,0.3724467060466718,0.8548080837505689,0.09065525716886663,0.054536659080564404,0.9660204278561675,70.39408598095179
201,0.0009045473795069673,0.12305915975073974,0.17454144723865878,0.3504467606733643,0.06371947322105902,0.06884445941435291,0.9713383607950236,nan,nan,nan,nan,nan,nan,nan,71.68139991909266
202,0.0009036274034270045,0.12343951684733231,0.1742776232646791,0.351011261540788,0.06384530420270065,0.06893350326202397,0.9712304123805189,nan,nan,nan,nan,nan,nan,nan,75.0990649536252
203,0.0009027034930555025,0.12304248455166816,0.1742105114455318,0.35043300951231243,0.06361482627825824,0.0688334358974359,0.9713414668487331,nan,nan,nan,nan,nan,nan,nan,71.6421050131321
204,0.0009017756575110832,0.12366690422594548,0.17491973827947202,0.3513153036421925,0.06375553815809437,0.06908525322409347,0.9711345191928388,nan,nan,nan,nan,nan,nan,nan,70.77131696045399
205,0.0009008439059511092,0.12497017641365528,0.17462834608746777,0.3531589007207973,0.06348157305416477,0.06875031285085723,0.9713668274920346,nan,nan,nan,nan,nan,nan,nan,71.44306093454361
206,0.0008999082475715919,0.12274540121853351,0.17421285447011076,0.3500032102747413,0.0633114137460173,0.06888111181914733,0.9715870514337733,nan,nan,nan,nan,nan,nan,nan,71.1692848727107
207,0.0008989686916071021,0.12523382689058782,0.17446054673987255,0.35354710234542613,0.06339268942497345,0.06891021453497193,0.9715492592929753,nan,nan,nan,nan,nan,nan,nan,76.12558208405972
208,0.0008980252473306776,0.12365137997766336,0.17487844879380973,0.3512789390860784,0.0635956704597178,0.06908512092247003,0.9713825616750114,nan,nan,nan,nan,nan,nan,nan,71.39376024901867
209,0.000897077924053733,0.12328248477975527,0.17431309142201487,0.3507804125171757,0.06361457988165681,0.06897391837353968,0.9713198531330602,nan,nan,nan,nan,nan,nan,nan,70.40140485018492
210,0.0008961267311259659,0.12292778782049815,0.17401302502465482,0.350276805916367,0.06348433439538766,0.06883966742527689,0.9714252137763617,nan,nan,nan,nan,nan,nan,nan,71.53393929451704
211,0.000895171677935267,0.12409229799111685,0.1741155449097254,0.35191299937878195,0.0631552869063875,0.06855772781065089,0.9717361650735852,nan,nan,nan,nan,nan,nan,nan,71.31895193457603
212,0.0008942127739076256,0.12233886983990669,0.17377645639887726,0.3494323356737084,0.06322142193900773,0.06871621301775148,0.9717249861932938,nan,nan,nan,nan,nan,nan,nan,75.27370305359364
213,0.0008932500285070372,0.12264788407584032,0.173745500483614,0.349872938991016,0.06314003944773175,0.06889562858443332,0.97173601335154,nan,nan,nan,nan,nan,nan,nan,70.90777195245028
214,0.0008922834512354103,0.1221868804693222,0.17343934237027764,0.34920929301671916,0.0631200983158853,0.068566459717797,0.97177655712335,nan,nan,nan,nan,nan,nan,nan,70.75966290384531
215,0.0008913130516324724,0.12317936865488688,0.1744582005860264,0.35061526108426727,0.06343776179638902,0.06891876923076923,0.9713733369746624,nan,nan,nan,nan,nan,nan,nan,70.8127353861928
216,0.0008903388392756758,0.12250683835148811,0.17388548831740253,0.349663200037137,0.06323260324685177,0.06874438476710666,0.9716301319981794,nan,nan,nan,nan,nan,nan,nan,66.38945749402046
217,0.000889360823780103,0.12171086695293586,0.17292221988317402,0.3485312961643591,0.06288666727355485,0.06847524927932029,0.9719452259141254,nan,nan,nan,nan,nan,nan,nan,66.71520457416773
218,0.0008883790147983724,0.12197737902402878,0.17307106085002275,0.34891670337872516,0.0627332265210135,0.06868094067668032,0.97203201335154,nan,nan,nan,nan,nan,nan,nan,66.02295894175768
219,0.000887393422020542,0.12147579596439997,0.1729613585760886,0.34820009517430656,0.06290690456683357,0.06827851919283871,0.9719413903808223,nan,nan,nan,nan,nan,nan,nan,66.27377088367939
220,0.0008864040551740147,0.12240202199916045,0.17334310785540888,0.3495220746976589,0.06297322045213169,0.06881294856622668,0.9718516291913215,0.13844851538538933,0.1855304784934001,0.37184541622781964,0.8554969503868912,0.09177959035047792,0.05272345926263086,0.9660557123350023,66.32086908817291
221,0.000885410924023442,0.12241701201101145,0.17368058657639204,0.349534334698573,0.06314945106964041,0.06864242512517069,0.9717870927021697,nan,nan,nan,nan,nan,nan,nan,66.60788059234619
222,0.0008844140383706272,0.12235363424321016,0.17402382179297526,0.3494129842192515,0.0629527889546351,0.06870746169018359,0.9718091057502655,nan,nan,nan,nan,nan,nan,nan,66.55851949751377
223,0.0008834134080544294,0.12309605625271797,0.17388699900432408,0.3505131091766911,0.06298730754058565,0.06917859990896677,0.9717527889546351,nan,nan,nan,nan,nan,nan,nan,66.16768752783537
224,0.0008824090429506657,0.12187582371632258,0.1730849574704142,0.3487679333633619,0.06269606068881808,0.06848905113032924,0.9720968059475041,nan,nan,nan,nan,nan,nan,nan,66.15524287521839
225,0.0008814009529720144,0.1215921910405159,0.1728507541913215,0.3483605461508954,0.06253621119708694,0.06861922864512214,0.9721765073585192,nan,nan,nan,nan,nan,nan,nan,66.31374661624432
226,0.0008803891480679165,0.12211258389552435,0.17348190462372934,0.34909532035753754,0.06252294947655894,0.0689515593991807,0.9722774862691549,nan,nan,nan,nan,nan,nan,nan,66.14275489747524
227,0.0008793736382244778,0.12195922343432904,0.1735073833541951,0.3488788031585676,0.06245240843574571,0.06881544409042634,0.9723028007889546,nan,nan,nan,nan,nan,nan,nan,66.60489337146282
228,0.0008783544334643707,0.12174126517772675,0.1731202123729328,0.3485790063537039,0.06241918130784403,0.06879251949628282,0.9723110034896071,nan,nan,nan,nan,nan,nan,nan,66.20863743126392
229,0.0008773315438467343,0.12235832816362381,0.17363793188628432,0.34945362448550993,0.06280028645122136,0.0689211919283872,0.9720718543468366,nan,nan,nan,nan,nan,nan,nan,66.208067253232
230,0.0008763049794670767,0.12220954538881779,0.17391149218631466,0.34922005399614564,0.06273634471248672,0.06886886724321044,0.9719796328326505,nan,nan,nan,nan,nan,nan,nan,66.20912369340658
231,0.0008752747504571735,0.12135652366777261,0.17264022769685936,0.34803033842022113,0.06274191109088151,0.06821392686997421,0.9720519617660446,nan,nan,nan,nan,nan,nan,nan,66.42184966802597
232,0.0008742408669849694,0.12216319861014684,0.1737509375,0.3491746619738576,0.0629412872098316,0.06850768988013958,0.9717758300713094,nan,nan,nan,nan,nan,nan,nan,66.49065304547548
233,0.0008732033392544765,0.12118704414864381,0.173051739502731,0.3477735327886405,0.06263768775603096,0.068232342284934,0.9720852459414353,nan,nan,nan,nan,nan,nan,nan,66.32849523425102
234,0.0008721621775056751,0.12134814169009527,0.1729021558754362,0.34800981586643076,0.06277235624336217,0.06816783128508572,0.9720412756789562,nan,nan,nan,nan,nan,nan,nan,66.35817137360573
235,0.000871117392014411,0.12196969850361347,0.17361558566605978,0.34888513623828454,0.0630068966772872,0.06831543377332726,0.9718383686845699,nan,nan,nan,nan,nan,nan,nan,66.16244811564684
236,0.0008700689930922953,0.12151057836413383,0.1728746847026248,0.34824619207442997,0.06279976331360947,0.06814802245486269,0.9719915157032317,nan,nan,nan,nan,nan,nan,nan,66.1414595618844
237,0.0008690169910866021,0.12171644936005274,0.17299975857229555,0.3485389254350659,0.06293847124867243,0.06829531907146108,0.9719117620998331,nan,nan,nan,nan,nan,nan,nan,66.46402228623629
238,0.0008679613963801664,0.12129592839876811,0.1729996950292065,0.3479213321791266,0.06274532665756334,0.06809653648915187,0.9720601159156426,nan,nan,nan,nan,nan,nan,nan,66.19814416766167
239,0.000866902219391282,0.12093060039977233,0.1730003301187225,0.3473937077245769,0.06262075800333788,0.0679264754968897,0.9721742594446973,nan,nan,nan,nan,nan,nan,nan,66.25325219333172
240,0.0008658394705735979,0.12132801938553651,0.17285056623615536,0.34797817933965447,0.06284049522075558,0.068010681231983,0.9720733339402216,0.13780375361442565,0.18551209547109695,0.3709983319611202,0.8558577696859354,0.08904750113791533,0.05509472917614929,0.9665345106964042,66.54389601945877
241,0.0008647731604160161,0.12147352210680644,0.17298662800599302,0.3481885534066975,0.06277789834622971,0.0681780124412077,0.9719983007130936,nan,nan,nan,nan,nan,nan,nan,66.23641973733902
242,0.0008637032994425873,0.12130262186129888,0.17322502654187527,0.3479208427045898,0.06255949021392808,0.06810185647094523,0.9720730098619329,nan,nan,nan,nan,nan,nan,nan,66.32275266200304
243,0.0008626298982124074,0.12137625568608443,0.17314349085874678,0.348056750249074,0.06275114186011227,0.06815232165073586,0.9720177126384464,nan,nan,nan,nan,nan,nan,nan,66.3092100173235
244,0.000861552967319513,0.12132684335112572,0.1731833266101502,0.34795064469491205,0.06259433651949628,0.06815039053254437,0.9720918161128812,nan,nan,nan,nan,nan,nan,nan,66.29290328919888
245,0.0008604725173927776,0.12068540401756764,0.17292806944128356,0.3470316630309581,0.062351518130784406,0.06803107510241238,0.9723415044758004,nan,nan,nan,nan,nan,nan,nan,66.3528204858303
246,0.0008593885590958056,0.12119472940266132,0.17314549067857685,0.34777021900614646,0.062297995448338646,0.06828111303292368,0.9723805273858291,nan,nan,nan,nan,nan,nan,nan,66.40491639077663
247,0.0008583011031268277,0.12086385204891363,0.17286404040547718,0.34730559934365796,0.06195986891215294,0.06845779153390988,0.9726222424518283,nan,nan,nan,nan,nan,nan,nan,66.32307410240173
248,0.0008572101602185955,0.12243472627302011,0.17237340111515703,0.349581946269651,0.06193835715369443,0.06822981884387802,0.972643177666515,nan,nan,nan,nan,nan,nan,nan,66.87635775655508
249,0.0008561157411382746,0.12054574689269065,0.1718835024180701,0.3468664209929799,0.06177014231527841,0.06831407434380216,0.9727592122591413,nan,nan,nan,nan,nan,nan,nan,66.5427903458476
250,0.0008550178566873401,0.12057232789198558,0.17193238337316036,0.34689398432674595,0.061769389773934154,0.06825871157639204,0.9727676152328933,nan,nan,nan,nan,nan,nan,nan,66.56342934072018
251,0.000853916517701468,0.12097510238488515,0.17251464293164923,0.34747226312080604,0.061894423304506146,0.06851969776968593,0.972659738431194,nan,nan,nan,nan,nan,nan,nan,66.05584388971329
252,0.0008528117350504295,0.12034350081781546,0.17218931564823245,0.3465587416243055,0.06181440631163708,0.06807922682445759,0.9726989470490062,nan,nan,nan,nan,nan,nan,nan,66.5962715446949
253,0.0008517035196379831,0.12093876885871092,0.17265956452928236,0.3474119254614246,0.06203920376270672,0.06830613139129116,0.9725233269610074,nan,nan,nan,nan,nan,nan,nan,66.64592088758945
254,0.000850591882401768,0.1208932541757822,0.17228888399901382,0.3473578989615511,0.061806054316492186,0.06844324806554393,0.9725454383249886,nan,nan,nan,nan,nan,nan,nan,66.30963773280382
255,0.0008494768343131945,0.12093972048163414,0.17250148387005007,0.3474144364473438,0.062460625701714456,0.06783557335760886,0.9722152353208922,nan,nan,nan,nan,nan,nan,nan,66.20213580876589
256,0.0008483583863773375,0.12225212411085765,0.17286314293164923,0.349287760579278,0.062315379153390985,0.06760595114550144,0.9723347971476255,nan,nan,nan,nan,nan,nan,nan,66.26266362518072
257,0.0008472365496328261,0.1203159244855245,0.1723728557502655,0.346512810553921,0.06224715399787589,0.06769979426490669,0.9723936944318009,nan,nan,nan,nan,nan,nan,nan,66.21401156485081
258,0.0008461113351517365,0.12066893622775872,0.17274090403580641,0.3470189060002426,0.062296367774237596,0.06786911363981186,0.9722619499317251,nan,nan,nan,nan,nan,nan,nan,66.56361962109804
259,0.0008449827540394812,0.12016257234414418,0.17245293901722045,0.34627370736692126,0.062093769079047186,0.06759818540433925,0.9724530250341374,nan,nan,nan,nan,nan,nan,nan,66.18106714636087
260,0.0008438508174347,0.12159329952299595,0.1719988036716735,0.3483620742171609,0.062079371263844635,0.06761624275527234,0.9724457011075709,0.1356787995994091,0.182058818843878,0.3680204037174354,0.8585215111515703,0.08858203004096495,0.05289645880746473,0.9670442603550296,66.25166757404804
261,0.0008427155365091504,0.12076519193251928,0.17247012870770748,0.3471547727233295,0.062222627218934914,0.06783518616294948,0.9722753366712183,nan,nan,nan,nan,nan,nan,nan,65.96655274927616
262,0.0008415769224675966,0.12048936707278092,0.1726179373956911,0.3467484282525849,0.062164690031861626,0.0677485480200273,0.9723293764223941,nan,nan,nan,nan,nan,nan,nan,66.14546981453896
263,0.0008404349865476998,0.12042778759201368,0.17242632495069032,0.3466746980835842,0.062078775299651036,0.06781259657108178,0.9724149318768017,nan,nan,nan,nan,nan,nan,nan,66.6176545098424
264,0.0008392897400199063,0.12022591045995554,0.17194919358784708,0.3463863351685127,0.06216562706721287,0.06770005158549537,0.9723866800182066,nan,nan,nan,nan,nan,nan,nan,66.37372416257858
265,0.000838141194187337,0.12021933505435785,0.17168615039447732,0.3463876178078487,0.06206821059019876,0.06765974085874678,0.97242169139736,nan,nan,nan,nan,nan,nan,nan,66.40442355722189
266,0.0008369893603856756,0.11966838763157527,0.17137466962524656,0.3456005382380361,0.061918070095584886,0.06747497739341526,0.9725894049461387,nan,nan,nan,nan,nan,nan,nan,66.26287496089935
267,0.0008358342499830568,0.120019082163771,0.17194845730920952,0.34607272291387475,0.06188646214534972,0.06755617053557882,0.9724856695493855,nan,nan,nan,nan,nan,nan,nan,66.2393581867218
268,0.0008346758743799539,0.1202098583728075,0.17243513400849644,0.3463537522835682,0.061987324533454714,0.06771325383098165,0.9724225774541041,nan,nan,nan,nan,nan,nan,nan,66.66945497691631
269,0.0008335142450090662,0.12032544654607773,0.17255464325405856,0.3465009523870326,0.062048216052192386,0.06771856288878775,0.9723897156728872,nan,nan,nan,nan,nan,nan,nan,66.42142756283283
270,0.0008323493733352068,0.1201348334401846,0.17227687688704293,0.3462430239130362,0.061981692611136396,0.0676007161280534,0.9724398337126384,nan,nan,nan,nan,nan,nan,nan,66.23000319302082
271,0.0008311812708551891,0.11934867655237516,0.17121975404908207,0.3451274156162847,0.06172952814443939,0.06736745986951904,0.972732238507055,nan,nan,nan,nan,nan,nan,nan,66.18068471550941
272,0.0008300099490977126,0.121914065549771,0.17211450694128358,0.3488253206586538,0.061768920042482175,0.06787991260810196,0.9726106775906539,nan,nan,nan,nan,nan,nan,nan,66.28016219288111
273,0.0008288354196232504,0.12071719979743163,0.17249513578174783,0.34708445183764997,0.06167635017448035,0.06838193415263238,0.9727116637839478,nan,nan,nan,nan,nan,nan,nan,66.56613554805517
274,0.0008276576940239341,0.1194705985536178,0.17124605463890152,0.3452999681092044,0.06139903868912153,0.06776728751327568,0.9729340045516613,nan,nan,nan,nan,nan,nan,nan,66.35600072145462
275,0.0008264767839234401,0.11980443791051705,0.17140529065202548,0.34578727114307933,0.06134779912001214,0.06804681899560006,0.9729611093915946,nan,nan,nan,nan,nan,nan,nan,66.22493356466293
276,0.0008252927009768741,0.12161104908585549,0.17209801340843575,0.3483696268811593,0.06182731360946746,0.06739330480958883,0.9723592049764831,nan,nan,nan,nan,nan,nan,nan,66.46209563314915
277,0.0008241054568706569,0.11948765365282694,0.17200552417121834,0.3452927762101505,0.06146538370505234,0.06766256895766955,0.9728222036109847,nan,nan,nan,nan,nan,nan,nan,66.1217939183116
278,0.0008229150633224085,0.1195804376155138,0.1720662966165984,0.3454046751734764,0.061763648611743285,0.06740503231679564,0.9726672796237293,nan,nan,nan,nan,nan,nan,nan,66.52203534543514
279,0.0008217215320808326,0.1194240809082985,0.17159695981262327,0.3452184648603022,0.061798073736913976,0.06736974662418449,0.9726835672887271,nan,nan,nan,nan,nan,nan,nan,66.22478709369898
280,0.0008205248749256007,0.11924653260906537,0.17180170015930815,0.344939666459228,0.06164213746017296,0.06728068942497345,0.9727514064633591,0.14536036759614945,0.19786872354346838,0.38103507563375655,0.8508032771961767,0.1058993536640874,0.043297369139736,0.9635798998634502,66.18384272605181
281,0.0008193251036672359,0.12036791684726875,0.17244964215407374,0.34656521787379424,0.06195655530268548,0.06767502473069337,0.9724054316492187,nan,nan,nan,nan,nan,nan,nan,65.99460010975599
282,0.000818122230146996,0.12011138158539932,0.171720030676301,0.346227271675081,0.06198290517372174,0.06753717129418904,0.9724456379912001,nan,nan,nan,nan,nan,nan,nan,66.38365928083658
283,0.0008169162662367569,0.11982075333595275,0.17165077082385072,0.3457837041350083,0.06193619905932332,0.06746779183735396,0.9725413709604005,nan,nan,nan,nan,nan,nan,nan,66.60759200155735
284,0.0008157072238388959,0.11914555094142755,0.1711398208162646,0.344821269468934,0.06165905993020786,0.06718371354877864,0.9727636777423759,nan,nan,nan,nan,nan,nan,nan,66.378487162292
285,0.0008144951148861733,0.11992455811798572,0.1720868363867395,0.3459160657265938,0.06178686936731907,0.06744445091791837,0.9725456385980883,nan,nan,nan,nan,nan,nan,nan,66.40280441194773
286,0.0008132799513416149,0.11927035560707251,0.17137379956569565,0.34500029132269533,0.06160992990441511,0.06717463450159308,0.9727425980883022,nan,nan,nan,nan,nan,nan,nan,66.45561454445124
287,0.0008120617451983945,0.11943013010919094,0.17159993407677135,0.34521953913043263,0.06165944469731452,0.06735739280837506,0.9726698916704597,nan,nan,nan,nan,nan,nan,nan,66.31663688272238
288,0.0008108405084797147,0.11963677410781383,0.1722577068540434,0.3454876008642468,0.06173289880139584,0.06747102776513428,0.9726340852677894,nan,nan,nan,nan,nan,nan,nan,66.39016749709845
289,0.0008096162532386891,0.11955030437807242,0.17191462760772266,0.34535219431649133,0.061732793202852375,0.0674283392504931,0.9726649030496131,nan,nan,nan,nan,nan,nan,nan,66.54085398465395
290,0.0008083889915582226,0.11917021683355172,0.17120524712676377,0.34485092880324,0.06155865028068579,0.06722369048702777,0.9727660615991504,nan,nan,nan,nan,nan,nan,nan,66.02239310741425
291,0.0008071587355508924,0.1197168935239315,0.17172118202852374,0.3456494743377466,0.061827740858746774,0.06730975329995448,0.9726261447428312,nan,nan,nan,nan,nan,nan,nan,66.27384079247713
292,0.000805925497358829,0.11912612600624561,0.17184292122781064,0.3447507137406355,0.061466239417387346,0.06720889819450766,0.97282632195418,nan,nan,nan,nan,nan,nan,nan,66.33833224326372
293,0.000804689289153595,0.11872872110704581,0.1710904168183887,0.3441937901611245,0.06143406706114399,0.06702051403428919,0.9729269282354727,nan,nan,nan,nan,nan,nan,nan,66.18732879310846
294,0.0008034501231360666,0.11964168169101079,0.17149802008420573,0.34548314495209015,0.06171743164921863,0.06740469974207253,0.9726221611288121,nan,nan,nan,nan,nan,nan,nan,66.63217496871948
295,0.0008022080115363118,0.11934058800836404,0.17149833983841603,0.3451002877821095,0.06154701987558792,0.06732696707631619,0.9727334534971931,nan,nan,nan,nan,nan,nan,nan,66.16409704834223
296,0.0008009629666134711,0.11912584379315376,0.17179058354195115,0.34475933590920477,0.06149872371415566,0.0671404533454711,0.9728948226369292,nan,nan,nan,nan,nan,nan,nan,66.37955302000046
297,0.0007997150006556348,0.1195912829786539,0.1722167591317706,0.345377109608836,0.06158567137005007,0.06736664421180398,0.9727562203004096,nan,nan,nan,nan,nan,nan,nan,66.37074083834887
298,0.0007984641259797236,0.11866774670283,0.17082538717569412,0.34412324905053426,0.06129884145046275,0.06700669276285845,0.9730324454559247,nan,nan,nan,nan,nan,nan,nan,66.276711858809
299,0.000797210354931365,0.11810466520984968,0.17083695458769535,0.34329334779699777,0.061106290395994536,0.06681757305416477,0.9732278088302231,nan,nan,nan,nan,nan,nan,nan,66.8317256346345
300,0.0007959536998847734,0.11959423375129699,0.17159884524351388,0.345442167419281,0.06154901653770293,0.06727325261720528,0.9728031606736459,0.13609008148312568,0.18627405865953572,0.36870217320974097,0.858014929449249,0.08946934911242603,0.05251572143832499,0.9671375876194811,66.07891944050789
301,0.0007946941732426267,0.1191937584678332,0.17146948029509937,0.3448723315974538,0.061546400849643454,0.0671870271582461,0.9728287410104688,nan,nan,nan,nan,nan,nan,nan,66.33143761754036
302,0.0007934317874359444,0.1183679117312034,0.17114578136853284,0.34366073617223664,0.06122009770899712,0.06691111758458504,0.9731223498710363,nan,nan,nan,nan,nan,nan,nan,66.4988658875227
303,0.0007921665549239647,0.11867072718342145,0.17090980839402214,0.34411255886018044,0.06137147140039448,0.0669625137308451,0.9729090444545593,nan,nan,nan,nan,nan,nan,nan,66.46985337138176
304,0.0007908984881940217,0.11864935711026192,0.17069897997269004,0.34409566421458654,0.061426511303292367,0.06695781520254893,0.9728599095736611,nan,nan,nan,nan,nan,nan,nan,66.46142203360796
305,0.0007896275997614223,0.11903509645164013,0.17120159216165984,0.344628892515912,0.06152969200424822,0.06712479441662873,0.97275824852071,nan,nan,nan,nan,nan,nan,nan,66.53660356253386
306,0.0007883539021693218,0.11847414215902488,0.17091792326657562,0.34381772471154404,0.061310360188135335,0.06694606706114399,0.9729096222121074,nan,nan,nan,nan,nan,nan,nan,66.18939986079931
307,0.0007870774079886016,0.11832988407711188,0.17073109948224852,0.3436339661267459,0.06129771627977545,0.06678818145956608,0.9729554240631164,nan,nan,nan,nan,nan,nan,nan,66.34193158149719
308,0.0007857981298177439,0.1182197439521551,0.17065600669473524,0.3434524457742945,0.06117340130480959,0.06671974267941132,0.9730247658928842,nan,nan,nan,nan,nan,nan,nan,66.11564545333385
309,0.0007845160802827075,0.11874100148677826,0.17144299435783644,0.34420227069424925,0.061354723714155665,0.06703328417539069,0.9728295020482476,nan,nan,nan,nan,nan,nan,nan,66.45291792601347
310,0.000783231272036804,0.1185272483030955,0.17087378812016385,0.3438972626591429,0.06132550204824761,0.0669158573812775,0.972906694583523,nan,nan,nan,nan,nan,nan,nan,66.2321621850133
311,0.000781943717760572,0.11864170635739962,0.1711962733841602,0.3440315305184377,0.061350916097709,0.066982916097709,0.9729844709452283,nan,nan,nan,nan,nan,nan,nan,66.23339201509953
312,0.0007806534301616525,0.1181501872241497,0.17083965680473373,0.34332157169508726,0.06093317554240631,0.0668769607039903,0.9732424190562888,nan,nan,nan,nan,nan,nan,nan,66.11258631944656
313,0.000779360421974663,0.11848550565044084,0.17097729568730086,0.34378948733903997,0.061127532696100745,0.06695089910483994,0.9731479022910029,nan,nan,nan,nan,nan,nan,nan,66.32284980267286
314,0.0007780647059610726,0.11811478206515312,0.17047730746472461,0.3433089296874694,0.06111148535882264,0.0667378922773479,0.9732340476407222,nan,nan,nan,nan,nan,nan,nan,66.20429335534573
315,0.0007767662949090747,0.11891506994267305,0.17143137524654833,0.3444170991481027,0.0613613533606433,0.06711968320436959,0.9728107273554848,nan,nan,nan,nan,nan,nan,nan,66.32385992258787
316,0.0007754652016334627,0.11883468327919643,0.17138078533227127,0.3443358995909072,0.061469361250189654,0.06690594325595509,0.9728036024882415,nan,nan,nan,nan,nan,nan,nan,66.30545411258936
317,0.0007741614389755017,0.11786795257528623,0.17075649275527235,0.34293578278201337,0.061057626460324685,0.06673108420573509,0.9731305707783341,nan,nan,nan,nan,nan,nan,nan,66.22390685975552
318,0.0007728550198028029,0.11802731023728848,0.17040654872174177,0.3431776890105738,0.0611410553785465,0.06653339644970414,0.9731285765437718,nan,nan,nan,nan,nan,nan,nan,66.2695810124278
319,0.0007715459570091961,0.11858781634271146,0.17121610034516765,0.34397674975424053,0.06132911910180549,0.06685626460324685,0.9728898328023061,nan,nan,nan,nan,nan,nan,nan,66.40763859450817
320,0.0007702342635146026,0.11865076846381029,0.17132643632415415,0.34406339644822626,0.06137742497344864,0.06684088241541496,0.9728843101198604,0.14252928122878075,0.18727497012972236,0.37714666547242415,0.8524559672280382,0.10301498406918526,0.04452904870277651,0.9645336003641329,66.36056522279978
321,0.0007689199522649077,0.11829620736837387,0.17101076392998027,0.3435663438851136,0.061153940828402364,0.06671358519192838,0.972947023516917,nan,nan,nan,nan,nan,nan,nan,66.2336982935667
322,0.0007676030362318327,0.12004383995632331,0.1711043709509179,0.34601163791425554,0.06119688544985587,0.06679481474738279,0.9729182788651191,nan,nan,nan,nan,nan,nan,nan,66.183953396976
323,0.0007662835284128072,0.11892185332377751,0.17141153804430284,0.3444518807604655,0.06126202397208314,0.0670387036868457,0.972787765134274,nan,nan,nan,nan,nan,nan,nan,66.14710836112499
324,0.0007649614418308407,0.11779641980926196,0.17053859082460932,0.3428128624393288,0.060764855105446824,0.06679727992717342,0.9732307133970566,nan,nan,nan,nan,nan,nan,nan,66.32383005321026
325,0.000763636789534394,0.11848498005668322,0.17075312096040055,0.34381213887820933,0.06095130814747383,0.06714858200576544,0.9730501131846457,nan,nan,nan,nan,nan,nan,nan,66.46133805066347
326,0.0007623095845972505,0.11805790139734745,0.17065069289561524,0.3432050569920736,0.06083544591109088,0.06696907055075102,0.9731699626763769,nan,nan,nan,nan,nan,nan,nan,66.38491482287645
327,0.0007609798401183871,0.1180937859416008,0.17048313458693673,0.34327271215202665,0.060894317705962674,0.06686306053709604,0.9731657302382036,nan,nan,nan,nan,nan,nan,nan,66.26068575680256
328,0.0007596475692218452,0.12053154058257738,0.17097796042899407,0.34673462483265793,0.061069412228796846,0.06716272492793203,0.97289483234714,nan,nan,nan,nan,nan,nan,nan,66.37297075986862
329,0.0007583127850566003,0.11810616840918858,0.17035293641898042,0.34329635491651855,0.060990281292671825,0.06686991958731604,0.973087359126081,nan,nan,nan,nan,nan,nan,nan,66.29565390199423
330,0.0007569755007964333,0.1179224254488945,0.1704501381239569,0.3430204134029804,0.06075128265817023,0.06682586800182067,0.973168114094978,nan,nan,nan,nan,nan,nan,nan,66.39350952208042
331,0.0007556357296398001,0.11805257494747638,0.17047209856243362,0.34321637506816227,0.06087341647701411,0.06664869913518434,0.9731062539827037,nan,nan,nan,nan,nan,nan,nan,66.38759026676416
332,0.000754293484809701,0.11998489647110304,0.17083805369063876,0.3460148654880479,0.061106369291458046,0.06679671794871794,0.9728954829312699,nan,nan,nan,nan,nan,nan,nan,66.31580470502377
333,0.000752948779553551,0.11753460251788299,0.17030744244993173,0.3423921171140176,0.06060293005613716,0.06677406038537399,0.9733450499165529,nan,nan,nan,nan,nan,nan,nan,66.47433063387871
334,0.0007516016271430474,0.11784205366671086,0.17039168598277954,0.342877216919211,0.0605873597329692,0.06712169079047185,0.9732833560916401,nan,nan,nan,nan,nan,nan,nan,66.19660992920399
335,0.0007502520408740412,0.11745267366369565,0.17005763437831892,0.3422879234645724,0.060461834622970716,0.06684819784554696,0.9734133600364133,nan,nan,nan,nan,nan,nan,nan,66.68904890865088
336,0.0007489000340664038,0.1179356018602848,0.16965037464914276,0.34305320782572796,0.060575883477469276,0.06709695766954939,0.9732078992565619,nan,nan,nan,nan,nan,nan,nan,66.29267355799675
337,0.0007475456200638967,0.11757094021638234,0.16938893956721288,0.3425302680757687,0.0605199016841147,0.06682403398573812,0.9733328611743286,nan,nan,nan,nan,nan,nan,nan,65.95796098560095
338,0.0007461888122340389,0.11746950154006482,0.16957261438893947,0.3423673830524601,0.06046424154149598,0.06688911303292368,0.9733597633136095,nan,nan,nan,nan,nan,nan,nan,66.30334603786469
339,0.0007448296239679765,0.11681550454596679,0.1695348190809437,0.34140630510795084,0.06022506933697466,0.06665757912304658,0.9735717020179032,nan,nan,nan,nan,nan,nan,nan,66.10475398600101
340,0.0007434680686803485,0.11962290627757709,0.17014909716848733,0.34549469586993714,0.06052129509937794,0.06692696586253982,0.9732207932028524,0.14155682131648065,0.18709301063950842,0.37575904972489926,0.8525561037778789,0.10206579881656805,0.04537809740555303,0.965167956304051,66.64374893903732
341,0.0007421041598091562,0.1191925562620163,0.16980992723979668,0.34486324608079477,0.06012652404794416,0.06666055530268548,0.9735231145501442,nan,nan,nan,nan,nan,nan,nan,65.978416018188
342,0.0007407379108156294,0.11773555688063303,0.1696254895691094,0.34277772218862124,0.06050337369139736,0.06697543802154453,0.9732649673797603,nan,nan,nan,nan,nan,nan,nan,66.08874894678593
343,0.000739369335184094,0.1178272789021333,0.16974735354081322,0.34289749561252975,0.060470258230920955,0.0670770808678501,0.9732579201942042,nan,nan,nan,nan,nan,nan,nan,66.06918449699879
344,0.0007379984464218392,0.11795432424545288,0.17059903587278105,0.3429974157253668,0.06051773509330906,0.06708858139887726,0.9732482403277196,nan,nan,nan,nan,nan,nan,nan,66.08318265527487
345,0.0007366252580589834,0.11779871129492919,0.17009387147246244,0.34284743827228237,0.060526253375815506,0.06696299802761341,0.9732674301319982,nan,nan,nan,nan,nan,nan,nan,66.54005581140518
346,0.0007352497836483414,0.11909531207879384,0.16942139131011985,0.3447427338375069,0.06033226763768776,0.06678327780306478,0.9733706047640722,nan,nan,nan,nan,nan,nan,nan,66.05993664264679
347,0.0007338720367652904,0.11722383426129818,0.16899566656235776,0.34202529960945927,0.06026487634653315,0.0667887191624943,0.973442751631012,nan,nan,nan,nan,nan,nan,nan,66.1483717635274
348,0.0007324920310076361,0.11733748760322729,0.16938093523365194,0.3421814883950147,0.06037897860719162,0.06683552480655439,0.9733940185100896,nan,nan,nan,nan,nan,nan,nan,66.19721968472004
349,0.0007311097799954778,0.1172582618544499,0.16943488595243514,0.34206027293964913,0.060405329692004246,0.06674488969807313,0.9733482530723714,nan,nan,nan,nan,nan,nan,nan,66.1990275606513
350,0.0007297252973710752,0.11709474098682404,0.16971360977089972,0.3418158807446997,0.060316683962979824,0.0666988208162646,0.9733837293278713,nan,nan,nan,nan,nan,nan,nan,66.5973100811243
351,0.0007283385967987129,0.1172332289715608,0.16934638543089062,0.3420077203592797,0.06025629980276134,0.06677820179032014,0.9733755472614171,nan,nan,nan,nan,nan,nan,nan,66.07383979856968
352,0.0007269496919645657,0.11690777760744095,0.16886419790244273,0.34157301208077007,0.06024071976938249,0.06665407859201943,0.9734417102108937,nan,nan,nan,nan,nan,nan,nan,66.25518336892128
353,0.0007255585965765632,0.11744799834489822,0.16935514975914126,0.3423146928233924,0.06049469761796389,0.06682545653163405,0.9732873069336975,nan,nan,nan,nan,nan,nan,nan,66.07403889298439
354,0.0007241653243642559,0.11783131244778633,0.16963573819412836,0.34288383158682556,0.06046066939766348,0.06693203580640267,0.9731648538916705,nan,nan,nan,nan,nan,nan,nan,66.32079463452101
355,0.0007227698890786776,0.11732748113075891,0.16928389463852223,0.3421738452916647,0.06036699742072523,0.06675028250644818,0.9733314301319982,nan,nan,nan,nan,nan,nan,nan,66.74081145226955
356,0.0007213723044922114,0.11672767966985703,0.16889793038802914,0.34129486143365545,0.06008231467152177,0.06667857502655136,0.9735286894249735,nan,nan,nan,nan,nan,nan,nan,66.26160601526499
357,0.000719972584398453,0.11772432918349902,0.17020405563457747,0.3426023810964565,0.06045052101350326,0.06683047185556061,0.9733330832954028,nan,nan,nan,nan,nan,nan,nan,66.12872641533613
358,0.0007185707426120743,0.11729369962712129,0.16966421438324988,0.34211059767781,0.06029935609164012,0.06684678743741465,0.9733243016234259,nan,nan,nan,nan,nan,nan,nan,66.1050326898694
359,0.0007171667929686882,0.11762959700326125,0.1696379518851464,0.34257299361609095,0.06043413503262024,0.06692183158852981,0.9732264773175543,nan,nan,nan,nan,nan,nan,nan,66.28653504699469
360,0.0007157607493247106,0.1173104876925548,0.16960363309816417,0.34204824738188644,0.06026969018358368,0.06678468092853891,0.9733908044302837,0.13633565992116928,0.18511835798816567,0.3689847341182146,0.8577076012744652,0.0937753664087392,0.04851703231679563,0.9670753937187073,66.50237196683884
361,0.0007143526255572249,0.11690140815575918,0.1691831990498407,0.3415334034774699,0.06024186193293886,0.06661804521316947,0.9734189737520862,nan,nan,nan,nan,nan,nan,nan,66.44256610423326
362,0.0007129424355638437,0.11760777782897154,0.16969517389242908,0.34256909590864426,0.06017758033682294,0.06719160188135335,0.9735435351236534,nan,nan,nan,nan,nan,nan,nan,66.10761501640081
363,0.0007115301932625734,0.11875542864700159,0.16985050992831133,0.34423997909924525,0.06033145562130177,0.06687828007889546,0.9734904421180397,nan,nan,nan,nan,nan,nan,nan,66.2396844252944
364,0.0007101159125916754,0.11896161037683486,0.17023487591033226,0.34450637702195336,0.06029814231527841,0.06688585282961615,0.9734603319678349,nan,nan,nan,nan,nan,nan,nan,66.19481921941042
365,0.0007086996075095284,0.11737892751892408,0.1697582721514186,0.3422232349186809,0.06037391594598695,0.06690801517220452,0.9734710593233197,nan,nan,nan,nan,nan,nan,nan,66.04719959199429
366,0.0007072812919944924,0.11705212007959684,0.16966505784402974,0.3417439517571939,0.060265980883022305,0.06682818510089517,0.9735603337884995,nan,nan,nan,nan,nan,nan,nan,66.43914878368378
367,0.0007058609800447685,0.1171313677082459,0.1697551877086178,0.34187078715280905,0.060225367925959644,0.0667161426187225,0.9735660713093612,nan,nan,nan,nan,nan,nan,nan,66.19193809479475
368,0.0007044386856782626,0.11792719032863776,0.17000875594560766,0.34303278486768995,0.06051027643756638,0.06709617599757245,0.9733599963586709,nan,nan,nan,nan,nan,nan,nan,66.326705776155
369,0.0007030144229324455,0.1173318376938502,0.16977345452131695,0.3421125499146381,0.060399600667577,0.06673438689121529,0.9734538103474435,nan,nan,nan,nan,nan,nan,nan,66.27903435379267
370,0.000701588205864216,0.1172071809520324,0.169159097661584,0.34198546718283496,0.0603981902594447,0.06670144742831133,0.9734722027006524,nan,nan,nan,nan,nan,nan,nan,66.02314751595259
371,0.0007001600485497603,0.11902019891142845,0.16957532917994234,0.34463938492186114,0.06035047671066606,0.06678396358670916,0.9733272098315885,nan,nan,nan,nan,nan,nan,nan,66.377271451056
372,0.0006987299650844149,0.1170734053850174,0.1692579608462297,0.34180663993284977,0.0604572489758762,0.0665206117432863,0.9735033008648156,nan,nan,nan,nan,nan,nan,nan,66.13423289358616
373,0.000697297969582526,0.11664899169902007,0.16930421307464724,0.34114129548759103,0.060152663935669856,0.066507949628281,0.9736942873615536,nan,nan,nan,nan,nan,nan,nan,66.05254428833723
374,0.0006958640761773109,0.11669818572203318,0.16930539171787284,0.34118862351063,0.060264802306175085,0.06644186436049158,0.9736684521316947,nan,nan,nan,nan,nan,nan,nan,66.09328317642212
375,0.0006944282990207192,0.11685251270731291,0.16922546449704143,0.3414491325968673,0.06027833469883174,0.06652884842967684,0.9735917815202549,nan,nan,nan,nan,nan,nan,nan,66.24146344512701
376,0.0006929906522832914,0.11646898231903711,0.1688728455185101,0.3408844746061334,0.06012925868608709,0.06643486693976634,0.9737294152632378,nan,nan,nan,nan,nan,nan,nan,66.59901505708694
377,0.0006915511501540203,0.11627617723246415,0.16849792517258383,0.34064000554696977,0.05998087452586861,0.06633111697769686,0.9737497035351237,nan,nan,nan,nan,nan,nan,nan,66.27401032298803
378,0.0006901098068402109,0.11657539969682694,0.16883152735738127,0.34106270707901615,0.0599943170990745,0.06642973266575633,0.9737989695038689,nan,nan,nan,nan,nan,nan,nan,66.24522125720978
379,0.0006886666365673401,0.11719149681925774,0.16964977025489303,0.34193301687761474,0.060161172507965405,0.06671807859201942,0.973541235017448,nan,nan,nan,nan,nan,nan,nan,66.0296960324049
380,0.0006872216535789153,0.1161924525598685,0.16860815473752086,0.3405266334459412,0.05997518676983766,0.06635462661204673,0.973762154453042,0.13744720876216887,0.18440406378015475,0.3704782621464199,0.8568216294947656,0.09232822940373236,0.05085014110150205,0.966588620846609,66.39083480089903
381,0.0006857748721363358,0.11636879671613376,0.16925561285275376,0.3407371286932581,0.06014842542861478,0.066290453042027,0.9736841838871187,nan,nan,nan,nan,nan,nan,nan,66.39843828976154
382,0.0006843263065187499,0.11674884267151356,0.16919273615536337,0.34130486413054323,0.060205226521013504,0.06655816719769382,0.9735435897435898,nan,nan,nan,nan,nan,nan,nan,66.0997649654746
383,0.0006828759710229157,0.11671600675582885,0.16935972797185556,0.34123993894334254,0.060107922925201035,0.06648506144742831,0.9735932926718253,nan,nan,nan,nan,nan,nan,nan,66.34410006552935
384,0.0006814238799630589,0.11662473798791567,0.16877705333978152,0.34115405018850536,0.060227300257927475,0.06638438719465939,0.9736531888939463,nan,nan,nan,nan,nan,nan,nan,66.11928075551987
385,0.0006799700476707322,0.11640970601141452,0.1686573423133819,0.3408266851812874,0.060165000758610226,0.06640354301319981,0.973679845850402,nan,nan,nan,nan,nan,nan,nan,66.25678112357855
386,0.0006785144884946731,0.11656959813336532,0.16878460773213472,0.3410541034224232,0.06009029767865271,0.06639717675618267,0.9736400631163709,nan,nan,nan,nan,nan,nan,nan,66.44874656200409
387,0.0006770572168006631,0.11639732878903548,0.16905896538840842,0.34080174824594883,0.060207899256561975,0.06620475193445607,0.9736730778334092,nan,nan,nan,nan,nan,nan,nan,66.41775529831648
388,0.0006755982469713859,0.11739042960604032,0.16947601258344713,0.3422015329284749,0.06046462630860264,0.0666621805492338,0.9733525389167046,nan,nan,nan,nan,nan,nan,nan,66.2616798877716
389,0.0006741375934062841,0.11652726584672927,0.16927797878736156,0.3409741977667955,0.060132857532999545,0.066409426187225,0.9736184421180397,nan,nan,nan,nan,nan,nan,nan,66.26460377126932
390,0.0006726752705214193,0.11674295370280742,0.16951235354081323,0.3412611813286248,0.06023420664542558,0.06627432074040358,0.9736243325747231,nan,nan,nan,nan,nan,nan,nan,66.15690127015114
391,0.0006712112927493273,0.11653256915012995,0.16906181522151417,0.3409939502105354,0.060261429221665906,0.06637048460021241,0.9735987570930056,nan,nan,nan,nan,nan,nan,nan,66.38944943249226
392,0.0006697456745388782,0.11656340958674749,0.16862673203042028,0.34105866458390416,0.06012875011379153,0.0662830647853133,0.9736417502655136,nan,nan,nan,nan,nan,nan,nan,66.37385192513466
393,0.000668278430355132,0.11678007246553898,0.16910030707593687,0.3413461666944465,0.06015411318464573,0.06641370110757093,0.9735736792595964,nan,nan,nan,nan,nan,nan,nan,66.1577952876687
394,0.0006668095746791965,0.11620111900071303,0.16896620634198148,0.34045819581025083,0.06005939736003641,0.06619181065088757,0.9737652180245789,nan,nan,nan,nan,nan,nan,nan,66.253319054842
395,0.0006653391220080838,0.11594021880129973,0.16848611064330146,0.3401469260805806,0.059925090578060995,0.06609647094522834,0.9738441499013807,nan,nan,nan,nan,nan,nan,nan,66.22828685492277
396,0.0006638670868545684,0.11677071987092495,0.16912250192497344,0.34127196098993,0.060263549688969804,0.06637072978303747,0.973574047033834,nan,nan,nan,nan,nan,nan,nan,66.25429147481918
397,0.0006623934837470433,0.11600000741581122,0.16832521502806858,0.3402384601499515,0.05957200060688818,0.06661952237900166,0.9738834264906691,nan,nan,nan,nan,nan,nan,nan,66.52725563198328
398,0.0006609183272293757,0.11678549433747927,0.16932807792823548,0.34136198675673224,0.059530109543316646,0.06735379881656804,0.9737496998937946,nan,nan,nan,nan,nan,nan,nan,66.3555583357811
399,0.0006594416318607653,0.11623976153632005,0.16894665039447732,0.34052907642913666,0.05930818995600061,0.06724293005613716,0.973953369139736,nan,nan,nan,nan,nan,nan,nan,66.19794376939535
400,0.0006579634122155989,0.1167425114462773,0.16891819364474284,0.34129517059600917,0.05971833227127902,0.0670394453042027,0.9737569837657412,0.12810986816883088,0.17739498435366408,0.3577277490474461,0.8657946290395995,0.07477709604005461,0.05942827492034593,0.9701929176149294,66.39304593205452
401,0.0006564836828833079,0.11632490341862042,0.1685540269211804,0.34068980866760995,0.05920950265513579,0.06735987498103474,0.9739428335609164,nan,nan,nan,nan,nan,nan,nan,66.18323953449726
402,0.0006550024584682231,0.11606754972040653,0.1685451309266424,0.3403045672139284,0.059169542709755725,0.06714842664239114,0.974031832498862,nan,nan,nan,nan,nan,nan,nan,66.42177359759808
403,0.0006535197535894318,0.11652932088077068,0.16829524033720225,0.34095705401284515,0.0593226751631012,0.06723526384463663,0.9739059784554696,nan,nan,nan,nan,nan,nan,nan,66.41570796072483
404,0.0006520355828806322,0.11590614594519139,0.1681427635317099,0.34008006721575257,0.059265282961614325,0.06683243938704293,0.9740337235624337,nan,nan,nan,nan,nan,nan,nan,66.24044004827738
405,0.0006505499609899904,0.1161825769941012,0.16839859242717342,0.3404915911376518,0.059413028675466543,0.06696309634349872,0.973919547261417,nan,nan,nan,nan,nan,nan,nan,66.2278334274888
406,0.0006490629025799945,0.11612204307814439,0.16809496362463966,0.3404157960581805,0.05915837111212259,0.06728591958731604,0.9739741769079047,nan,nan,nan,nan,nan,nan,nan,66.06170476227999
407,0.0006475744223273106,0.11674924700458844,0.1686553587088454,0.34127179335615326,0.05936851828250645,0.0674063771810044,0.9738062509482628,nan,nan,nan,nan,nan,nan,nan,66.73069045692682
408,0.0006460845349226381,0.11566813830037911,0.16777198111060537,0.33975396232677335,0.0594540761644667,0.06655521165225307,0.9740923149749658,nan,nan,nan,nan,nan,nan,nan,65.99167212843895
409,0.0006445932550705639,0.11628872423370679,0.16820755788196026,0.34065835710650016,0.060050984676073435,0.06617436261568806,0.9738153894704901,nan,nan,nan,nan,nan,nan,nan,66.22737373411655
410,0.0006431005974894184,0.115984524016579,0.1679360769894553,0.3402140340451477,0.05981000879987862,0.0662882694583523,0.9739363483538158,nan,nan,nan,nan,nan,nan,nan,66.35311106592417
411,0.000641606576911129,0.11635695551335812,0.1686205208238507,0.3406824472588479,0.0600550617508724,0.06610077620998331,0.9738245668335609,nan,nan,nan,nan,nan,nan,nan,66.42194368690252
412,0.0006401112080810759,0.11809805518885454,0.1686377597481414,0.3432998722366893,0.05996259869519041,0.06608688453952359,0.9737932878167198,nan,nan,nan,nan,nan,nan,nan,66.3547507673502
413,0.0006386145057579454,0.11579119122525056,0.1682760843384919,0.3398563570085791,0.05987439963586709,0.0658898510089516,0.9739917608860568,nan,nan,nan,nan,nan,nan,nan,66.30929262936115
414,0.0006371164847135857,0.11521294535199801,0.16746843509141254,0.3390687909328108,0.059593649522075555,0.06572396419359733,0.9741608981945077,nan,nan,nan,nan,nan,nan,nan,66.1510211750865
415,0.0006356171597328594,0.11647805398205915,0.16846831708959187,0.34090759520598035,0.06011234714003945,0.0661794738279472,0.9737449831588529,nan,nan,nan,nan,nan,nan,nan,66.34552693367004
416,0.0006341165456134987,0.11547963502506416,0.16797554769761797,0.3394420735753809,0.059741026247913824,0.06579038446366257,0.9740960303444091,nan,nan,nan,nan,nan,nan,nan,66.18787103891373
417,0.0006326146571659595,0.11578830009202162,0.16841749545782128,0.33986082056693884,0.05989563950842057,0.06591689880139584,0.9739945901987559,nan,nan,nan,nan,nan,nan,nan,66.59791845828295
418,0.0006311115092132741,0.11673989881575107,0.16858314215407375,0.34128147313407864,0.06002818995600061,0.06630830162342588,0.9736934486420877,nan,nan,nan,nan,nan,nan,nan,66.30083738267422
419,0.000629607116590906,0.11604671755433082,0.16814928201335155,0.34027420212890613,0.05987633196783493,0.06606173873463814,0.9739505252617205,nan,nan,nan,nan,nan,nan,nan,67.6290000975132
420,0.000628101494146603,0.11621099654833476,0.16823707585154,0.34053884192828443,0.05980318980427856,0.06610762797754514,0.9739765316340464,0.1326370345056057,0.18444822655894402,0.3638346993330627,0.8618753937187074,0.08931630405097861,0.048808302230314064,0.9685423031406464,67.74156943708658
421,0.0006265946567402511,0.11611194303631782,0.16821245465407372,0.3403836685332667,0.059848365346684876,0.06609109148839326,0.9739625999089667,nan,nan,nan,nan,nan,nan,nan,68.04225127398968
422,0.0006250866192437267,0.11593570818006993,0.16813536131656806,0.34012110318220723,0.05978221939007738,0.06610414322561069,0.9739045789713245,nan,nan,nan,nan,nan,nan,nan,70.84370028227568
423,0.0006235773965407515,0.1161938648223877,0.16891180075102413,0.3404897664337704,0.06000267880443028,0.06603056895766955,0.9737647191624943,nan,nan,nan,nan,nan,nan,nan,68.99708741903305
424,0.0006220670035267439,0.11586915531257788,0.16828598139508422,0.34002984467553027,0.05983878258230921,0.0659001013503262,0.973877849188287,nan,nan,nan,nan,nan,nan,nan,68.87437932938337
425,0.0006205554551086734,0.11577776198585828,0.1681319602677894,0.3398921941082584,0.05983923046578668,0.0659111285085723,0.973879153997876,nan,nan,nan,nan,nan,nan,nan,70.10674457997084
426,0.0006190427662049124,0.11738119092583656,0.1681079424499317,0.34221042944949825,0.05975029343043544,0.06583190047033834,0.9739299760279169,nan,nan,nan,nan,nan,nan,nan,69.07772124558687
427,0.0006175289517450901,0.11548092341423034,0.1676294596514186,0.3394752571766743,0.05981841905628888,0.06580540009103322,0.9739832243969049,nan,nan,nan,nan,nan,nan,nan,70.06919375807047
428,0.0006160140266699438,0.11770534912248452,0.16810952848581398,0.3427230398149348,0.05979768896980731,0.06594644211803975,0.9738855797299347,nan,nan,nan,nan,nan,nan,nan,69.02482184767723
429,0.0006144980059311724,0.11516201507051786,0.1676072349984828,0.3389700864300363,0.05967195994538006,0.06575807980579579,0.974101318768017,nan,nan,nan,nan,nan,nan,nan,68.98931532353163
430,0.0006129809044912888,0.11582984508077304,0.16817552064368077,0.3399545348717256,0.05999329145804885,0.06591630647853133,0.9738605807919891,nan,nan,nan,nan,nan,nan,nan,69.15737943351269
431,0.0006114627373234713,0.11609165294965108,0.16812812348277956,0.3403404068520569,0.05992485996055227,0.06592118707328175,0.9738510951297223,nan,nan,nan,nan,nan,nan,nan,69.05019633471966
432,0.0006099435194114174,0.11543549938996633,0.16757905801471704,0.3393732985119322,0.05966116825974814,0.06576956941283568,0.974056416325292,nan,nan,nan,nan,nan,nan,nan,70.2727632895112
433,0.000608423265749194,0.1172052802691857,0.1681773019742831,0.34196237793384027,0.05984226369291458,0.06574928963738431,0.9739686979214079,nan,nan,nan,nan,nan,nan,nan,69.11595480889082
434,0.0006069019913410915,0.1158047301620245,0.16799191826923077,0.3399556169895129,0.05997560188135336,0.06593880625094826,0.9738810717645274,nan,nan,nan,nan,nan,nan,nan,69.22968652099371
435,0.0006053797112014739,0.11536012429495653,0.16787332056023366,0.33924937183297543,0.059850067061143986,0.06565948717948718,0.9740543213472918,nan,nan,nan,nan,nan,nan,nan,68.87009684741497
436,0.0006038564403546317,0.116118748391668,0.16844083221438325,0.34039796498326397,0.06002417235624336,0.06596731057502656,0.9738004600212411,nan,nan,nan,nan,nan,nan,nan,69.40922173112631
437,0.000602332193834633,0.11608556289970874,0.16826477046351085,0.34035853609183664,0.059941771506599906,0.06576437323623123,0.9738533066302534,nan,nan,nan,nan,nan,nan,nan,70.03747067600489
438,0.000600806986685176,0.11591030371685823,0.16852477957631617,0.3400703979255635,0.05984464512213625,0.06596828887877408,0.9738564794416629,nan,nan,nan,nan,nan,nan,nan,69.02239657193422
439,0.0005992808339594393,0.1150802086442709,0.16746361130708542,0.3388695376160622,0.05967895372477621,0.0654522567137005,0.9741582084660901,nan,nan,nan,nan,nan,nan,nan,68.71154425293207
440,0.0005977537507199338,0.11552133462329706,0.1677033315505993,0.3395347785353368,0.05972113123956911,0.06567035047792444,0.9739604575936883,0.15120764911174775,0.1954967023213473,0.388579464458861,0.8446661447428311,0.11736375056895768,0.037970104688211194,0.9616071734182977,68.65775191783905
441,0.0005962257520383552,0.11551038463413715,0.16818116031330602,0.3395033255580495,0.05977881596115916,0.06569779153390988,0.9739564375663784,nan,nan,nan,nan,nan,nan,nan,69.33947373181581
442,0.0005946968529954331,0.11488293368120989,0.1673274280173722,0.33857835028426847,0.05953136580185101,0.065399828857533,0.9741659123046579,nan,nan,nan,nan,nan,nan,nan,70.57115379720926
443,0.0005931670686807841,0.11531143506368001,0.1677130422166591,0.33919639821296876,0.0597606372325899,0.06570136489151873,0.9740568981945077,nan,nan,nan,nan,nan,nan,nan,68.59882524609566
444,0.0005916364141927618,0.11549242982268333,0.16749352327985131,0.3395052991206088,0.05977724047944166,0.0657126214534972,0.9739777842512517,nan,nan,nan,nan,nan,nan,nan,68.16578543931246
445,0.0005901049046383079,0.11800559307634831,0.16803269399560006,0.3431502199993821,0.05987317493551813,0.06559008830223031,0.9739469336974662,nan,nan,nan,nan,nan,nan,nan,68.67049319297075
446,0.0005885725551328033,0.11523125347991785,0.16791861033037475,0.33905675084026576,0.05967923532089212,0.06564736519496282,0.9740925625853436,nan,nan,nan,nan,nan,nan,nan,69.40427094697952
447,0.0005870393807999194,0.11577585024634997,0.16801978225041725,0.33989211710720857,0.059719590957366106,0.0659257496586254,0.9738980355029586,nan,nan,nan,nan,nan,nan,nan,71.16756046563387
448,0.0005855053967714675,0.11557889185349146,0.1678745674120012,0.33960549272502605,0.0595484120770748,0.06601191200121377,0.9740853539675315,nan,nan,nan,nan,nan,nan,nan,69.1146951019764
449,0.0005839706181872507,0.11540612997611363,0.16758422536413292,0.3393493294997276,0.059187181307844026,0.06614893521468669,0.9744304269458353,nan,nan,nan,nan,nan,nan,nan,69.82808415591717
450,0.0005824350601949143,0.11480028694868087,0.16737245302306175,0.3384618041872948,0.059055652859960554,0.06603162615688059,0.9747762233348506,nan,nan,nan,nan,nan,nan,nan,68.69642791152
451,0.0005808987379497955,0.11518176711599032,0.16769158504968898,0.33900289490943764,0.05923374783796086,0.06595235927780306,0.9745270083447125,nan,nan,nan,nan,nan,nan,nan,68.82806028425694
452,0.0005793616666147748,0.11553870962063471,0.1684261612994993,0.3395332541426759,0.059471881049916554,0.06608885328478228,0.9742737441966318,nan,nan,nan,nan,nan,nan,nan,71.01940855383873
453,0.0005778238613601255,0.11536438381671905,0.1682837783151267,0.3392598806844273,0.05967871825216204,0.06571467030799576,0.9741613752086178,nan,nan,nan,nan,nan,nan,nan,69.46127619594336
454,0.0005762853373633648,0.11499130690097809,0.16782520134463663,0.33874051495095525,0.05961631436807768,0.06555009558488849,0.9742414941587012,nan,nan,nan,nan,nan,nan,nan,68.70630863308907
455,0.0005747461098091034,0.11561289951205253,0.16822691007624033,0.3396477472666305,0.05984434774692763,0.06568519617660445,0.9740521450462752,nan,nan,nan,nan,nan,nan,nan,68.8219568580389
456,0.000573206193888896,0.1148426187535127,0.16738092412001213,0.33851806125586115,0.05957790684266424,0.06545453982703686,0.9742733873463815,nan,nan,nan,nan,nan,nan,nan,68.57722939550877
457,0.0005716656048010907,0.11518541497985522,0.16765102506258533,0.3390032685887106,0.059614924594143526,0.0656870399028979,0.9742140943711122,nan,nan,nan,nan,nan,nan,nan,70.79971336573362
458,0.00057012435775068,0.11582215574383736,0.1682442935537096,0.33994812726106277,0.05985436989834623,0.0656942375967228,0.9740663802154453,nan,nan,nan,nan,nan,nan,nan,69.90531600266695
459,0.0005685824679491501,0.1156328395207723,0.168167785645198,0.3396813516570998,0.05983296737976028,0.06580541344257321,0.9740579723865878,nan,nan,nan,nan,nan,nan,nan,69.1817390024662
460,0.0005670399506143307,0.11474363555510839,0.16731895513768777,0.33837064989796756,0.05952773296920043,0.06545484205735093,0.9743128338643605,0.1365618549287319,0.1841327511948111,0.369280907784466,0.857687828857533,0.09660810195721438,0.04570406918525262,0.9670440782885753,69.25812165439129
461,0.0005654968209702453,0.11499460336565971,0.16735694550333788,0.3387538040380175,0.05965318646639357,0.06552224791382188,0.97421944955242,nan,nan,nan,nan,nan,nan,nan,69.85686528682709
462,0.0005639530942469607,0.11534062917033831,0.16768677034971932,0.3392537224875034,0.059710284934000914,0.06574260415718404,0.9741136616598391,nan,nan,nan,nan,nan,nan,nan,70.4885926246643
463,0.0005624087856804361,0.1149604867051045,0.16729372745031104,0.338698279409067,0.059549523896222124,0.0655259523592778,0.9742550629646488,nan,nan,nan,nan,nan,nan,nan,69.09289033710957
464,0.0005608639105123735,0.11691065893073876,0.16796196175656197,0.34158921959550015,0.05982203853739949,0.0656469476558944,0.9740029956000607,nan,nan,nan,nan,nan,nan,nan,69.30861234664917
465,0.0005593184839900676,0.11498363608121873,0.16752554601919284,0.3387296545194931,0.05967204976483083,0.0655497496586254,0.974244077074799,nan,nan,nan,nan,nan,nan,nan,68.64830624312162
466,0.0005577725213662538,0.11487612030406794,0.16743961182862996,0.3385630355439806,0.05948282688514641,0.0656172295554544,0.9743552577757548,nan,nan,nan,nan,nan,nan,nan,69.966941639781
467,0.0005562260378989593,0.11479198524852594,0.16760697762099833,0.33843462982228856,0.05949240722196935,0.06550220118343195,0.9743908978910636,nan,nan,nan,nan,nan,nan,nan,69.71055389940739
468,0.0005546790488513514,0.1146941462258498,0.1678510399123805,0.3382800456509057,0.05937820057654377,0.06540473736913974,0.9744751703838568,nan,nan,nan,nan,nan,nan,nan,68.24769582599401
469,0.0005531315694915879,0.1149314530690511,0.1676726336860871,0.33861175393802273,0.059511299651039296,0.06550700409649522,0.974375355484752,nan,nan,nan,nan,nan,nan,nan,67.36959958076477
470,0.0005515836150926646,0.11452265044053396,0.16703454523213473,0.33807072237880925,0.05932425185859505,0.06542426460324685,0.9745082457897133,nan,nan,nan,nan,nan,nan,nan,67.99739108234644
471,0.0005500352009322672,0.1149307468732198,0.1674826923076923,0.3386490874227579,0.059533860112274316,0.06543582096798665,0.974388291913215,nan,nan,nan,nan,nan,nan,nan,67.94192921370268
472,0.0005484863422926181,0.11718600655595461,0.1680746416040813,0.34196265404166154,0.059794295251099985,0.06565091306326809,0.9741623183128508,nan,nan,nan,nan,nan,nan,nan,69.90992656350136
473,0.0005469370544603264,0.1152511073599259,0.1676369330336823,0.33910210194531953,0.05962137581550599,0.06570659384008497,0.9743186490669095,nan,nan,nan,nan,nan,nan,nan,67.57412082701921
474,0.0005453873527262381,0.11496749625106653,0.1673616964326354,0.3387206500164029,0.05949626217569413,0.0655668906084054,0.9743570820816264,nan,nan,nan,nan,nan,nan,nan,67.31962206214666
475,0.0005438372523852834,0.11560175372163455,0.16782642637687756,0.3396490071094838,0.059719008344712485,0.06567208617812167,0.9741444333181611,nan,nan,nan,nan,nan,nan,nan,67.5015401467681
476,0.0005422867687363269,0.11529157852133115,0.16763224900432408,0.33917614315566263,0.05956704718555606,0.06568188499468973,0.9742214971931422,nan,nan,nan,nan,nan,nan,nan,68.13954637944698
477,0.0005407359170820162,0.11695682449142138,0.16790723883894704,0.3416407387768237,0.05971804096495221,0.06545553148232439,0.97414625519648,nan,nan,nan,nan,nan,nan,nan,69.43230839818716
478,0.0005391847127286312,0.1158183094461759,0.16838176704976482,0.3399350479054675,0.05988558579881657,0.06579604551661357,0.9739173284782279,nan,nan,nan,nan,nan,nan,nan,68.28166640549898
479,0.0005376331709859322,0.11472323322792848,0.16730889045668335,0.3383465653506662,0.059533177969959036,0.06532073676225156,0.974275265058413,nan,nan,nan,nan,nan,nan,nan,68.51824805140495
480,0.0005360813071670104,0.1148834877361854,0.16753775351805492,0.33858670943774793,0.05972785920194204,0.06534246335912608,0.974194067061144,0.13056478828191756,0.17841251194811106,0.36107125148863667,0.8639158852981338,0.08482694583522986,0.051257168866636324,0.9688779608557123,67.32763375341892
481,0.0005345291365881347,0.11474032824238141,0.16805759313837051,0.3383107929904221,0.059530916704597175,0.06535031527840995,0.9742791770596267,nan,nan,nan,nan,nan,nan,nan,68.25372856855392
482,0.0005329766745686023,0.11488687479992707,0.16775401757130937,0.3385651795774832,0.05955487300864816,0.06528339129115461,0.9742676619632833,nan,nan,nan,nan,nan,nan,nan,69.57600771635771
483,0.0005314239364305866,0.11431650314231713,0.1676926442212866,0.33772743672668804,0.05938423061750872,0.06521487968441815,0.9744212774996207,nan,nan,nan,nan,nan,nan,nan,68.93965439498425
484,0.0005298709374989861,0.11531365301708381,0.1679390516613564,0.3391920252896627,0.05973411500531027,0.06543686117432863,0.9741034088909118,nan,nan,nan,nan,nan,nan,nan,67.81835391372442
485,0.0005283176931012733,0.11659021107355753,0.16778227782203003,0.3410452100403933,0.05958624791382188,0.06542017174935519,0.9741660094067668,nan,nan,nan,nan,nan,nan,nan,67.61461032181978
486,0.0005267642185673432,0.114657390370965,0.16727093162077075,0.3382362104081329,0.05951986162949476,0.06527333636777424,0.9742925140342892,nan,nan,nan,nan,nan,nan,nan,68.64798277616501
487,0.0005252105292293626,0.11726647834479809,0.16825410740024274,0.3420874758906596,0.059871956304050976,0.06565650250341375,0.9739394204217873,nan,nan,nan,nan,nan,nan,nan,69.3001041635871
488,0.0005236566404216177,0.11464287239313126,0.1676379951638598,0.3382026711921561,0.05947795600060689,0.06527527476862388,0.9743011439842209,nan,nan,nan,nan,nan,nan,nan,67.5465158522129
489,0.000522102567480364,0.11476511332889398,0.16759250644818693,0.3383885039278671,0.05954435442269762,0.0652648496434532,0.9742595551509634,nan,nan,nan,nan,nan,nan,nan,67.08167749643326
490,0.0005205483257436736,0.11522088355819385,0.16748032764375664,0.33909130481572514,0.059677294492489756,0.06556035442269761,0.9740671461083296,nan,nan,nan,nan,nan,nan,nan,67.19009655714035
491,0.0005189939305512854,0.11435624438524246,0.1673641143699742,0.3377748876049786,0.059398133211955695,0.06523416294947657,0.9743649072978304,nan,nan,nan,nan,nan,nan,nan,67.314378246665
492,0.0005174393972444522,0.11487392655014991,0.16722020264375664,0.3385453705001456,0.059492816264603246,0.06539997815202549,0.9742248399332423,nan,nan,nan,nan,nan,nan,nan,68.82231653481722
493,0.0005158847411657902,0.11396851690113545,0.16669436776475496,0.33723775114663135,0.05924626551357912,0.06514139523592778,0.9744482354726142,nan,nan,nan,nan,nan,nan,nan,66.75318022072315
494,0.0005143299776591273,0.1169832535982132,0.16772318649484144,0.3416427063691547,0.05955481231983007,0.06555394811106054,0.974132879380974,nan,nan,nan,nan,nan,nan,nan,66.32745032012463
495,0.0005127751220693514,0.11510032494862875,0.16749553296161432,0.3388418991607702,0.05954044484903657,0.06550091700804127,0.9741587498103474,nan,nan,nan,nan,nan,nan,nan,67.07004733383656
496,0.0005112201897422597,0.11436704347034296,0.16704158782809891,0.33784003734200474,0.0593555308754362,0.06530623092095282,0.9743149616143225,nan,nan,nan,nan,nan,nan,nan,67.18328659236431
497,0.0005096651960244064,0.11467187042534352,0.16723710904073738,0.3382696609109826,0.059369017144591106,0.06535304384767107,0.9742978267334244,nan,nan,nan,nan,nan,nan,nan,68.75900437682867
498,0.0005081101562629519,0.11408233540256818,0.16704291147018663,0.3373942168816087,0.05930832104384767,0.06520496920042482,0.9744729261113639,nan,nan,nan,nan,nan,nan,nan,67.28474769741297
499,0.0005065550858055105,0.11490045174956322,0.16782382569981794,0.3385513248940339,0.0593196164466697,0.06569535912608102,0.9743210584129874,nan,nan,nan,nan,nan,nan,nan,67.23076684772968
500,0.0005050000000000001,0.11456356844305993,0.1673935915642543,0.33808155285950564,0.05920489151873767,0.0652973472917615,0.9744676267637687,0.13702455043792724,0.18392091744424216,0.36993743723826356,0.8583533545744196,0.09615446517979062,0.045492180245789715,0.966767701411015,67.05103457719088
501,0.0005034449141944898,0.11403926165401936,0.16696819306630253,0.3373203205463123,0.059046856622667274,0.06545823941738735,0.9745928981945077,nan,nan,nan,nan,nan,nan,nan,67.12267773598433
502,0.0005018898437370485,0.11485610086719195,0.16704630692421485,0.33849554048825437,0.05934902867546654,0.06564141526323775,0.9743389567592171,nan,nan,nan,nan,nan,nan,nan,68.8512744680047
503,0.0005003348039755938,0.11447735281288623,0.16676379879760278,0.3379989763305402,0.05921199817933546,0.06549689940828403,0.9744332234865726,nan,nan,nan,nan,nan,nan,nan,67.07377365976572
504,0.0004987798102577405,0.1139381918956836,0.16651228954255803,0.33718683553781587,0.059065421332119554,0.0652251251706873,0.9745781435290548,nan,nan,nan,nan,nan,nan,nan,66.9663677662611
505,0.000497224877930649,0.11448126297692458,0.16728551851957216,0.33794143834633994,0.05916651555150963,0.06557315248065544,0.9744973145197997,nan,nan,nan,nan,nan,nan,nan,67.41094516217709
506,0.000495670022340873,0.11415541596710682,0.16680929644591108,0.3375243478618956,0.059068560157790925,0.06530701623425884,0.9745388050371719,nan,nan,nan,nan,nan,nan,nan,67.25062364339828
507,0.0004941152588342101,0.11391195411980153,0.16618319943862844,0.33713974198549046,0.05894104445455925,0.06533433105750265,0.9746480036413291,nan,nan,nan,nan,nan,nan,nan,68.93549412488937
508,0.000492560602755548,0.11494901806116103,0.1668313602450311,0.3386815365986423,0.059143197693824916,0.065769882567137,0.974335003489607,nan,nan,nan,nan,nan,nan,nan,67.25008786469698
509,0.0004910060694487148,0.1143253956536452,0.16670913645501442,0.3377369071851695,0.059013691397360034,0.06565339402215142,0.9745449321802457,nan,nan,nan,nan,nan,nan,nan,67.23768040537834
510,0.0004894516742563265,0.11457983326911926,0.16688878905894403,0.3381370441355843,0.05904235108481262,0.06575271370050069,0.9744360673645881,nan,nan,nan,nan,nan,nan,nan,67.19714876264334
511,0.0004878974325196363,0.11676002910236517,0.16772630609922623,0.3412819661848958,0.059140883022303144,0.06583929358215748,0.9742821726596874,nan,nan,nan,nan,nan,nan,nan,67.3648744225502
512,0.00048634335957838234,0.11428889232873916,0.16694840149446213,0.337692069785728,0.05892218358367471,0.06569685449855864,0.9745347231072675,nan,nan,nan,nan,nan,nan,nan,68.37847296893597
513,0.00048478947077063754,0.11441181975106399,0.166936000483614,0.3378893602137776,0.05900681535427098,0.06567695827643756,0.9744555861022607,nan,nan,nan,nan,nan,nan,nan,67.44286008179188
514,0.00048323578143265696,0.11373097408314546,0.16657337655515098,0.33685881047115596,0.0588860664542558,0.06539658564709452,0.9746998270368684,nan,nan,nan,nan,nan,nan,nan,67.35089156031609
515,0.00048168230689872685,0.11441033824284871,0.16698479166666666,0.33788045408074485,0.05907809315733576,0.06561502655135791,0.9744742127143073,nan,nan,nan,nan,nan,nan,nan,67.12952034920454
516,0.00048012906250101417,0.11445060216883818,0.16691914587126386,0.3379332371443229,0.059021805492338035,0.06581136094674556,0.9744526973145198,nan,nan,nan,nan,nan,nan,nan,67.21870767325163
517,0.00047857606356941366,0.11576998959978421,0.16689230083636777,0.3398862621934147,0.05892312668790775,0.06549283932635412,0.9745739110908815,nan,nan,nan,nan,nan,nan,nan,68.5682994350791
518,0.00047702332543139795,0.11464580767850081,0.1672125995486269,0.3382132459939721,0.05915715612198452,0.0657080224548627,0.9743912765892884,nan,nan,nan,nan,nan,nan,nan,67.98171977698803
519,0.0004754708634118656,0.11429890238742034,0.16665285545630404,0.3377026960974503,0.05900019420421787,0.06559216750113792,0.9745332289485662,nan,nan,nan,nan,nan,nan,nan,67.51583129912615
520,0.00047391869283299,0.11474148179093997,0.1668580706835078,0.33836822117733784,0.05916108754362009,0.06563570444545593,0.9744197262934304,0.13405138701200486,0.18187246301775148,0.3659181984523042,0.8599428675466545,0.09177616750113791,0.04828096495220756,0.9680397269003186,67.45107364654541
521,0.00047236682901406795,0.11424600323537985,0.16653585466924595,0.33764612566137786,0.0590123453193749,0.06556358913670156,0.9745303996358671,nan,nan,nan,nan,nan,nan,nan,67.48092793673277
522,0.0004708152872713692,0.11472815086940924,0.16675077254968898,0.3383571846508808,0.059098908208162645,0.06563950356546806,0.9744229525109999,nan,nan,nan,nan,nan,nan,nan,68.45334091037512
523,0.00046926408291798405,0.11382589660584927,0.16618646413670157,0.3370264026183478,0.05896764679107874,0.06539974753451676,0.9746526378394781,nan,nan,nan,nan,nan,nan,nan,68.05799276381731
524,0.0004677132312636733,0.1137493927727143,0.16600720435062966,0.33693061728416446,0.05887516431497496,0.06539825337581551,0.9746868881808527,nan,nan,nan,nan,nan,nan,nan,67.7043097242713
525,0.0004661627476147168,0.11409119820594787,0.16674231983007132,0.3373822801307924,0.05890767167349416,0.06551097435897436,0.9745954337733272,nan,nan,nan,nan,nan,nan,nan,67.43850260227919
526,0.00046461264727376203,0.11415477054317792,0.16675778726672735,0.3374599084750441,0.05894638264299803,0.06558130177514793,0.9745811864663936,nan,nan,nan,nan,nan,nan,nan,67.36419460177422
527,0.00046306294553967366,0.11416674796243509,0.1669677458086785,0.3374867019540025,0.0589547322105902,0.06551177787892581,0.9745745932331967,nan,nan,nan,nan,nan,nan,nan,68.05057297647
528,0.00046151365770738214,0.11412256714701653,0.16641716090122896,0.33745202063895036,0.0589538194507662,0.06556231467152177,0.9745727871339706,nan,nan,nan,nan,nan,nan,nan,67.83485313504934
529,0.000459964799067733,0.11656238522132238,0.16703940291685632,0.3410345407664036,0.05918846305568199,0.06565573418297678,0.9743509185252617,nan,nan,nan,nan,nan,nan,nan,67.26431955397129
530,0.00045841638490733545,0.11448694275816282,0.16673612799651039,0.33799505616917463,0.059032912759824,0.06563717675618268,0.9744411530875436,nan,nan,nan,nan,nan,nan,nan,67.25732779502869
531,0.0004568684305084125,0.11360718081394831,0.16600713569640418,0.33670088733227954,0.058737739341526325,0.06531770960400546,0.9747364782278866,nan,nan,nan,nan,nan,nan,nan,67.47156104445457
532,0.0004553209511486487,0.1138060417920351,0.1660817120410408,0.33701280565164093,0.05882485692611136,0.06548413776361706,0.9746497369139736,nan,nan,nan,nan,nan,nan,nan,67.96319979429245
533,0.00045377396210104096,0.11378486674030622,0.16599228940031863,0.3369643221230088,0.05881951145501441,0.06535117705962676,0.9746840661508117,nan,nan,nan,nan,nan,nan,nan,68.18895509839058
534,0.0004522274786337464,0.11386381424466768,0.1664854776115157,0.3370685221419379,0.05879980822333485,0.06542685358822636,0.9746462910028827,nan,nan,nan,nan,nan,nan,nan,67.20376590639353
535,0.0004506815160099326,0.1138589512705803,0.16647496900128964,0.33705011491631914,0.05874082233348506,0.06540766621150053,0.974649825519648,nan,nan,nan,nan,nan,nan,nan,67.32019120454788
536,0.0004491360894876266,0.1144677624652783,0.1664702429733728,0.33797111247185085,0.05891869761796389,0.06567837475345167,0.9744542048247611,nan,nan,nan,nan,nan,nan,nan,67.51759349554777
537,0.00044759121431956416,0.1143048947652181,0.1664101511720528,0.3377199832362231,0.05883926566530117,0.06564297860719162,0.9745974741313913,nan,nan,nan,nan,nan,nan,nan,67.9475845694542
538,0.0004460469057530396,0.1148698645333449,0.16741531027158246,0.33854177040134725,0.059176629949931725,0.06585608010923988,0.9743974850553786,nan,nan,nan,nan,nan,nan,nan,68.30856603384018
539,0.00044450317902975474,0.11412489050626755,0.16699777638067062,0.33739465352812836,0.05876784342284934,0.06561252131694735,0.9747052028523745,nan,nan,nan,nan,nan,nan,nan,67.35869470983744
540,0.0004429600493856695,0.1152548874715964,0.1665612764091185,0.3391456045790585,0.05878560097102109,0.06533986466393567,0.9747372732514035,0.13340417623519898,0.18002295260582613,0.3649396063821065,0.8608151115157032,0.09068030951297223,0.048504578971324534,0.9683610377787892,67.50462025403976
541,0.0004414175320508502,0.11600883830587069,0.16695262829047186,0.34023327958428584,0.05887610377787893,0.0655733406159915,0.9746165510544682,nan,nan,nan,nan,nan,nan,nan,67.39063513278961
542,0.00043987564224932024,0.11404841095705827,0.16639881271810045,0.33735034018035276,0.05878412744651798,0.06550119739038082,0.9747278822636929,nan,nan,nan,nan,nan,nan,nan,67.80907008051872
543,0.00043833439519890954,0.11342375254631043,0.16628205325443787,0.3364032567234186,0.05852852920649371,0.06531492398725534,0.9749294249734486,nan,nan,nan,nan,nan,nan,nan,68.72427854686975
544,0.0004367938061111043,0.11439243424932162,0.16695318798361403,0.3378493827534807,0.05891937126384464,0.06553785586405705,0.9746512359277804,nan,nan,nan,nan,nan,nan,nan,67.33519360423088
545,0.0004352538901908967,0.1136436790128549,0.16668663993513883,0.33672365940467436,0.05869997997269003,0.0654207385829161,0.9747806669701108,nan,nan,nan,nan,nan,nan,nan,67.34662259370089
546,0.00043371466263663526,0.11335400147239368,0.16601702199969656,0.336315352798858,0.05865272037627067,0.0652739238355333,0.9748224621453497,nan,nan,nan,nan,nan,nan,nan,67.5309400036931
547,0.0004321761386398747,0.11416503398617109,0.166381299072599,0.3375346443653288,0.058844009103322714,0.06550903595812471,0.9746273694431801,nan,nan,nan,nan,nan,nan,nan,67.69672620296478
548,0.00043063833338522536,0.11412908523281415,0.16613004866484601,0.33748540813294836,0.05886134304354423,0.06554421605219238,0.9746872401759976,nan,nan,nan,nan,nan,nan,nan,69.03780699521303
549,0.0004291012620502047,0.11410900454719862,0.16644744391973904,0.3374319746274029,0.05874449036565013,0.06557109755727507,0.9747132708238507,nan,nan,nan,nan,nan,nan,nan,67.29296255856752
550,0.00042756493980508593,0.1138149861395359,0.16617627911166744,0.33698815493448847,0.058777404339250494,0.0654063711121226,0.9747255663783948,nan,nan,nan,nan,nan,nan,nan,67.40003026276827
551,0.00042602938181274946,0.11356988407671452,0.16608985788385677,0.33662700142008534,0.05865343286299499,0.06537700743438021,0.9748068930359581,nan,nan,nan,nan,nan,nan,nan,67.71706246584654
552,0.0004244946032285328,0.1139544697056214,0.1664638194507662,0.337209309135686,0.05885566257017145,0.06549503262023972,0.9746586860870885,nan,nan,nan,nan,nan,nan,nan,67.66866403073072
553,0.000422960619200081,0.11383142453432084,0.16609709570816264,0.33705515967423694,0.05876535275375512,0.06555424791382188,0.9746363817326658,nan,nan,nan,nan,nan,nan,nan,68.59129090607166
554,0.00042142744486719694,0.11358566173911094,0.1661415468252162,0.33664077290965083,0.05875786739493248,0.06531113943255955,0.9746971336671219,nan,nan,nan,nan,nan,nan,nan,67.5455334559083
555,0.00041989509536169244,0.11326537161072095,0.165654169919208,0.33617409808516296,0.058575383401608255,0.06520433439538766,0.9748575123653467,nan,nan,nan,nan,nan,nan,nan,67.58145846426487
556,0.00041836358580723865,0.11369958605865638,0.16599542657601274,0.3368319551870393,0.058679094522834166,0.06542983583674708,0.974677375815506,nan,nan,nan,nan,nan,nan,nan,67.13126520067453
557,0.00041683293131921615,0.11363129916290442,0.1658677106755424,0.33674156774042624,0.05866569928690639,0.06533928933394022,0.974661164618419,nan,nan,nan,nan,nan,nan,nan,67.477001324296
558,0.00041530314700456727,0.11402384563287099,0.16628505724662418,0.3373245711051021,0.05891821817630102,0.06550850675163102,0.9745219699590351,nan,nan,nan,nan,nan,nan,nan,68.69012738019228
559,0.00041377424796164525,0.11564882176617781,0.16687839530230617,0.3396749568366276,0.058998689121529356,0.06540282567137005,0.9744775481717494,nan,nan,nan,nan,nan,nan,nan,67.32138309627771
560,0.00041224624928006654,0.1140940809349219,0.16635674469921105,0.33741652423283586,0.05878757942649067,0.06559100591715976,0.9745291773630709,0.1342247323691845,0.1824399058375057,0.36614334782293134,0.8600968957669549,0.09294124715521165,0.04696185707783341,0.9677394993172508,67.57503525912762
561,0.0004107191660405613,0.11404958151777585,0.166275182862995,0.33735440205307093,0.05887240540130481,0.06551984706417842,0.974537439538765,nan,nan,nan,nan,nan,nan,nan,67.41811896115541
562,0.00040919301331482453,0.11395867147048315,0.1666138696897284,0.33719609059331795,0.05878137702928236,0.06551093794568351,0.9745173576088606,nan,nan,nan,nan,nan,nan,nan,67.48730678111315
563,0.0004076678061653673,0.11342591022451719,0.16617951893680777,0.33642520263813586,0.05865692489758762,0.06520150629646487,0.9747598494917311,nan,nan,nan,nan,nan,nan,nan,69.07621067762375
564,0.0004061435596453688,0.11355671595036984,0.16621803111250189,0.33661379652013657,0.05877556910939159,0.06524724624487938,0.974666896070399,nan,nan,nan,nan,nan,nan,nan,67.5836398974061
565,0.0004046202887985266,0.1139190347691377,0.16661372769685937,0.33712143580346526,0.05883207768168715,0.06544681899560006,0.9745692708238507,nan,nan,nan,nan,nan,nan,nan,67.32413717359304
566,0.00040309800865890894,0.11367210012674332,0.16614942053557882,0.3367866604906111,0.05880102199969656,0.06537329813381884,0.9746419371870733,nan,nan,nan,nan,nan,nan,nan,67.598788022995
567,0.0004015767342508065,0.11381937631467978,0.16614998008648157,0.3370180842226148,0.058935327567895615,0.06523874252768927,0.9745713560916401,nan,nan,nan,nan,nan,nan,nan,67.42230800539255
568,0.00040005648058858323,0.11389289958775044,0.1660178319204218,0.33710738247320177,0.05888030708541951,0.06530683538158094,0.9746106836595357,nan,nan,nan,nan,nan,nan,nan,68.99181254208088
569,0.00039853726267652915,0.11363231390714645,0.1659436191681839,0.3367254886762289,0.05872842967683204,0.06533563465331513,0.9746466903353057,nan,nan,nan,nan,nan,nan,nan,67.3976669460535
570,0.0003970190955087117,0.11358584488431613,0.1659024497705204,0.336681775409318,0.05867888453952359,0.0651629604005462,0.9747239156425429,nan,nan,nan,nan,nan,nan,nan,67.3037850111723
571,0.00039550199406882805,0.11375322115918,0.16631609627712032,0.33691609369311076,0.05882405340615991,0.06523991989076013,0.9746270575026551,nan,nan,nan,nan,nan,nan,nan,67.72525355219841
572,0.00039398597333005654,0.11323314224680264,0.16576274757244727,0.3361466732559702,0.058702746169018355,0.06514238810499165,0.9747798901532393,nan,nan,nan,nan,nan,nan,nan,67.54494442790747
573,0.00039247104825491035,0.11293850747247537,0.1652897735453649,0.33571224900494806,0.05857063268092854,0.064953083902291,0.9748924642694583,nan,nan,nan,nan,nan,nan,nan,69.16915176808834
574,0.000390957233795088,0.11343770436445871,0.16577639430663024,0.3364505701305014,0.05865627431345775,0.06520326020330754,0.9747014680625095,nan,nan,nan,nan,nan,nan,nan,67.52370777726173
575,0.0003894445448913272,0.11338057936231295,0.16566937450690336,0.33637776678402886,0.05865173964497041,0.06521095433166439,0.9746643410711576,nan,nan,nan,nan,nan,nan,nan,67.48499088734388
576,0.00038793299647325657,0.11368661342561245,0.16626629029168563,0.3368010264275783,0.05876905477165832,0.06538861963283266,0.9746188742224245,nan,nan,nan,nan,nan,nan,nan,67.32319058477879
577,0.000386422603459249,0.11351892547309399,0.1662398611932939,0.3365497220220955,0.058778745562130176,0.06524414868760431,0.9746629695038689,nan,nan,nan,nan,nan,nan,nan,67.3273342475295
578,0.00038491338075627364,0.11366142084697882,0.16648700348960704,0.33673971649981166,0.05876004490972538,0.06543782976786527,0.9746142655135791,nan,nan,nan,nan,nan,nan,nan,68.68029519170523
579,0.00038340534325974926,0.1134463305324316,0.16619852066264604,0.33643887911001263,0.05868880716128053,0.06529016416325292,0.9746982454862692,nan,nan,nan,nan,nan,nan,nan,67.59861562401056
580,0.00038189850585339724,0.1134680079271396,0.16627261577340313,0.33648508489784335,0.05861750629646487,0.06550748353815809,0.9748574771658322,0.13334966972470283,0.1797462098884843,0.3648411155550506,0.8610759035047792,0.09152702776513427,0.047397068730086485,0.9688600819299044,67.58752427250147
581,0.00038039288340909415,0.11429077329238256,0.1665542419966621,0.337696555759191,0.058546067061143986,0.06583742922166591,0.9748353840084965,nan,nan,nan,nan,nan,nan,nan,67.4685137718916
582,0.00037888849078672617,0.11369377350310485,0.16606870089895312,0.33681499842913526,0.058292304050978606,0.06569454468214231,0.9750982333485055,nan,nan,nan,nan,nan,nan,nan,67.21627277135849
583,0.00037738534283404066,0.11347301612297694,0.1658573869291458,0.33648614018472334,0.0581515181307844,0.06576911424670004,0.9752796832043696,nan,nan,nan,nan,nan,nan,nan,69.17160119116306
584,0.00037588345438650133,0.11302756003538768,0.16565701000417235,0.3358384786007187,0.05810393688362919,0.06553397663480504,0.9753079362767411,nan,nan,nan,nan,nan,nan,nan,67.25278609991074
585,0.0003743828402671407,0.11340868217249711,0.1661442465578061,0.3363363933723404,0.05811913214990138,0.06567539614626006,0.9752572125625854,nan,nan,nan,nan,nan,nan,nan,66.79364477097988
586,0.00037288351528641446,0.11347192652523518,0.16645124357077834,0.33646875610179394,0.058144252465483236,0.06583390077378243,0.9752790119860416,nan,nan,nan,nan,nan,nan,nan,66.73350188136101
587,0.0003713854942420546,0.11344534043471019,0.1663112672109695,0.33644111838872587,0.05813580458200576,0.06577624639660143,0.975337241693218,nan,nan,nan,nan,nan,nan,nan,66.71978434920311
588,0.00036988879191892423,0.11311429122587045,0.1661004725667577,0.3359470518616422,0.05796911181914732,0.06563413867394932,0.9754057994234562,nan,nan,nan,nan,nan,nan,nan,67.80218403786421
589,0.00036839342308887124,0.11524958525101343,0.16694106115346685,0.3390994360703668,0.0583245832195418,0.06579049491731148,0.9750547340312548,nan,nan,nan,nan,nan,nan,nan,66.62962532788515
590,0.00036689940251058173,0.11505162058770657,0.16623288865498406,0.3388337929023057,0.058253215597026245,0.06536431740251858,0.9751433834016082,nan,nan,nan,nan,nan,nan,nan,66.80664855986834
591,0.00036540674492943626,0.11420706955591838,0.16680110248824154,0.33757266896792737,0.05860032771961766,0.06581227613412229,0.9748306429980276,nan,nan,nan,nan,nan,nan,nan,66.43844608962536
592,0.00036391546507736207,0.11279234939316908,0.16554885185290547,0.33548541776862545,0.0580748620846609,0.06539370171445912,0.9753863680776816,nan,nan,nan,nan,nan,nan,nan,66.68709110468626
593,0.00036242557767268956,0.11331879182159901,0.1662249078193749,0.3362491931366833,0.05825356395084206,0.06561478015475648,0.9751721244120771,nan,nan,nan,nan,nan,nan,nan,67.66191183030605
594,0.0003609370974200057,0.11277691081662973,0.16545683786602944,0.33545426293157354,0.05814710483993324,0.0652669385525717,0.9752469500834471,nan,nan,nan,nan,nan,nan,nan,66.43962709605694
595,0.00035945003901000983,0.11379705829918385,0.16598739438249127,0.33698078288568806,0.05869182339553937,0.06538693612501896,0.9747937284175391,nan,nan,nan,nan,nan,nan,nan,66.49871231615543
596,0.0003579644171193679,0.11309250399470329,0.1656058211291913,0.335941537561345,0.0584972392656653,0.06517396449704142,0.9750138868153543,nan,nan,nan,nan,nan,nan,nan,66.44668877869844
597,0.00035648024641056855,0.11350078023970127,0.16610841890456685,0.33653152649236556,0.0586220664542558,0.06530568593536641,0.9748320424821727,nan,nan,nan,nan,nan,nan,nan,66.46399521827698
598,0.0003549975415317772,0.1133527959138155,0.16594330079843728,0.3363239022014407,0.05865098953117888,0.06520922712790168,0.974869972993476,nan,nan,nan,nan,nan,nan,nan,67.46510476619005
599,0.0003535163171166923,0.11355783192813397,0.16597232938856016,0.3366087907494189,0.05867412289485662,0.06533073099681384,0.974813103929601,nan,nan,nan,nan,nan,nan,nan,66.40112242847681
600,0.0003520365877844013,0.11632819346090158,0.16636434246510393,0.3407316273689726,0.058701293278713394,0.06527015748748292,0.974690483386436,0.13605333909392356,0.18284708039371872,0.36861629076425206,0.8581184888484297,0.09528251251706873,0.04659899863450159,0.9672030951297224,66.36508252471685
601,0.0003505583681392349,0.11315124262372653,0.16559829739417387,0.3359949642635568,0.058523136398118646,0.06507808466090123,0.9749373266575634,nan,nan,nan,nan,nan,nan,nan,66.3348439335823
602,0.00034908167277062437,0.1135091419617335,0.16603794544644213,0.3365435045550583,0.058774436656046126,0.06531000333788499,0.9748091907146108,nan,nan,nan,nan,nan,nan,nan,66.43897154927254
603,0.0003476065162529568,0.11339197375377019,0.16595377846684872,0.3363493248387585,0.058751734182976786,0.06509005128205128,0.9748600321650736,nan,nan,nan,nan,nan,nan,nan,67.74189011007547
604,0.0003461329131454316,0.11273286540806293,0.16561557597481413,0.3353979357344194,0.05849750265513579,0.064958630860264,0.9750537727203763,nan,nan,nan,nan,nan,nan,nan,66.35991597920656
605,0.00034466087799191625,0.11384903133908908,0.1665074942440449,0.3370432496850309,0.05882917068730086,0.0652033342436656,0.9747450183583675,nan,nan,nan,nan,nan,nan,nan,66.49528379738331
606,0.00034319042532080375,0.11331864575544993,0.16590886335533303,0.3362563694525098,0.05861215354270975,0.06502239660142618,0.9748965279927173,nan,nan,nan,nan,nan,nan,nan,66.67100620269775
607,0.0003417215696448681,0.11363853933413823,0.1661853239455318,0.33673068196025485,0.058853049309664694,0.0652558349264148,0.9747480163859809,nan,nan,nan,nan,nan,nan,nan,66.68857723474503
608,0.0003402543254611219,0.11298906649152438,0.1657399989474283,0.33577311451123787,0.05860047822788651,0.06503303049613109,0.9749374176907905,nan,nan,nan,nan,nan,nan,nan,67.52303697913885
609,0.0003387887072506728,0.11257142443954944,0.16586817506827492,0.33515244741217737,0.05842797026247914,0.06488998695190411,0.975071788802913,nan,nan,nan,nan,nan,nan,nan,66.78937019407749
610,0.00033732472947858096,0.11322619084020456,0.1664294502825823,0.33609580159377284,0.05863601031709907,0.06518126050675163,0.9748633870429373,nan,nan,nan,nan,nan,nan,nan,66.7203786149621
611,0.0003358624065937159,0.11537064012885094,0.16656505716128053,0.3393019517243287,0.0586288114094978,0.06508853406159915,0.974808298588985,nan,nan,nan,nan,nan,nan,nan,66.7639646679163
612,0.0003344017530286142,0.11344065999984741,0.16640803009786073,0.33643086204659445,0.058748737369139735,0.06529078561675011,0.9748115053861326,nan,nan,nan,nan,nan,nan,nan,66.76295168697834
613,0.00033294278319933684,0.11298103240132332,0.1660700536052951,0.3357500658064651,0.05849424852071006,0.0650622278865119,0.9750547170383856,nan,nan,nan,nan,nan,nan,nan,67.2170344889164
614,0.0003314855115053269,0.1127088708927234,0.16572761801130328,0.3353259554472356,0.05830774571385222,0.06493277378243059,0.9752234392353208,nan,nan,nan,nan,nan,nan,nan,66.68602582812309
615,0.00033002995232926793,0.11275725922485193,0.16561073792861478,0.33542966661923795,0.05834049582764376,0.0649823359126081,0.9751729133667122,nan,nan,nan,nan,nan,nan,nan,66.8599588572979
616,0.0003285761200369411,0.11329395626982053,0.16608568055871642,0.33621877836966096,0.058515455621301775,0.06518526839629799,0.9749979996965559,nan,nan,nan,nan,nan,nan,nan,66.81342403590679
617,0.00032712402897708433,0.11533538138866424,0.16644821447807617,0.3392541551544528,0.058742721893491126,0.06524525443786983,0.9748020318616295,nan,nan,nan,nan,nan,nan,nan,66.7223604246974
618,0.0003256736934812501,0.11338467774788538,0.16578611659839174,0.33637585451018726,0.05856503717190108,0.06517756455773024,0.9749440606888181,nan,nan,nan,nan,nan,nan,nan,67.72873593866825
619,0.00032422512786366424,0.11279607819020748,0.1654812987027765,0.33549716018119285,0.05843601881353361,0.06498763283265059,0.9751384736762252,nan,nan,nan,nan,nan,nan,nan,66.6376176327467
620,0.0003227783464210846,0.11283551198244095,0.16540347073661052,0.33555358836006877,0.058370437262934304,0.06498957123350023,0.9750928818085268,0.14129061311483382,0.18764280809057807,0.37565918830332595,0.8534912335002276,0.1037256258534365,0.04278314064633591,0.9652496313154302,66.44340702146292
621,0.00032133336343265987,0.11256026117503642,0.1651186724036565,0.3351554007005146,0.058371897435897435,0.06482270732817479,0.9750475411925352,nan,nan,nan,nan,nan,nan,nan,66.55549395829439
622,0.00031989019315978903,0.11394781456887722,0.16635054574419664,0.3371746621099031,0.058938905780609924,0.06540197724169322,0.9745855220755576,nan,nan,nan,nan,nan,nan,nan,66.52316008508205
623,0.0003184488498459796,0.11303911679983139,0.16603662152935822,0.3358376094418322,0.05855040752541344,0.06503880321650736,0.9748870751024123,nan,nan,nan,nan,nan,nan,nan,67.56403391063213
624,0.00031700934771670866,0.11314822341501712,0.16595021147208314,0.3360237440068415,0.05859100227583068,0.06501437839478076,0.9748391734182977,nan,nan,nan,nan,nan,nan,nan,66.49189636856318
625,0.00031557170097928076,0.11338041812181472,0.16589357505499924,0.3363746511793636,0.058684132908511606,0.06509201759975725,0.9747595545440753,nan,nan,nan,nan,nan,nan,nan,66.54145719110966
626,0.0003141359238226889,0.11271883913377921,0.16540541277878926,0.3353884723098418,0.05854533029889243,0.0649057878925808,0.9749731391291154,nan,nan,nan,nan,nan,nan,nan,67.01416649669409
627,0.000312702030417474,0.1123173900693655,0.1650519456171294,0.3347926884368433,0.05841550842057351,0.06474679168563192,0.9750817563343954,nan,nan,nan,nan,nan,nan,nan,68.15620203316212
628,0.00031127003491558506,0.1131108458985885,0.1655670971210742,0.3359594396400516,0.058667036868456986,0.06488962039144287,0.974860191169777,nan,nan,nan,nan,nan,nan,nan,70.44507236778736
629,0.00030983995145023935,0.11347062782943249,0.1657582891917008,0.33651225958861664,0.0587828493400091,0.06498736580185101,0.9747366056744045,nan,nan,nan,nan,nan,nan,nan,68.08322538435459
630,0.00030841179413578363,0.11243977005283037,0.16518578867015626,0.33497371466006387,0.058475291761492944,0.06470778698224852,0.9750373685328478,nan,nan,nan,nan,nan,nan,nan,67.88313119858503
631,0.00030698557706755413,0.11441146807869275,0.1655456538651191,0.3379080741484068,0.05848415961159156,0.0647223996358671,0.9749552626308603,nan,nan,nan,nan,nan,nan,nan,68.07614644616842
632,0.0003055613143217371,0.11280371218919755,0.1653504035996055,0.3355214208409344,0.058451206797147624,0.06501304324078289,0.9749457745410408,nan,nan,nan,nan,nan,nan,nan,68.39328487217426
633,0.0003041390199552312,0.11291837280988694,0.16542518121301775,0.33569048740200463,0.05862493703535124,0.06483908966772872,0.9748921025641025,nan,nan,nan,nan,nan,nan,nan,69.59744282066822
634,0.0003027187080055074,0.11322387529909611,0.16583091468479746,0.33612330926330714,0.05863251221362464,0.06481649643453194,0.9748726044606282,nan,nan,nan,nan,nan,nan,nan,67.92535815387964
635,0.0003013003924904713,0.11271005516250929,0.16568699415870125,0.3353497668596099,0.05849735214686694,0.06476279775451373,0.9749834707935063,nan,nan,nan,nan,nan,nan,nan,69.41017936915159
636,0.0002998840874083245,0.11290066062907378,0.16574761445531785,0.3356549096195818,0.05859255712335002,0.0649648587467759,0.9748991643149749,nan,nan,nan,nan,nan,nan,nan,68.36045405268669
637,0.0002984698067374264,0.11258523503442605,0.16558088015854955,0.3351847999430214,0.05856884721590047,0.06470458018510089,0.9749998519192838,nan,nan,nan,nan,nan,nan,nan,68.85990618169308
638,0.00029705756443615606,0.11270056807001431,0.1655076163802913,0.3353534587397706,0.058546858443331816,0.06490346957972994,0.9749285316340465,nan,nan,nan,nan,nan,nan,nan,68.66677679121494
639,0.0002956473744427751,0.11313983379801114,0.165762802078592,0.3359864362735063,0.058598129570626614,0.06502464087391897,0.9748446742527689,nan,nan,nan,nan,nan,nan,nan,68.43425171077251
640,0.00029423925067528913,0.11275506711999575,0.16548427016006675,0.335419620974012,0.05849925292064937,0.06495707722652101,0.9749288144439388,0.13683802753686905,0.18352711111743286,0.36969371653168953,0.8579303777878926,0.09668999544833864,0.04537962676376878,0.9667406099226218,68.0571294054389
641,0.00029283320703131163,0.11259625584383806,0.16528650325254135,0.33521160363113806,0.05841427158246093,0.06476070277651343,0.9749854019116978,nan,nan,nan,nan,nan,nan,nan,68.26732827723026
642,0.0002914292573879256,0.11299503958721956,0.1659153051699287,0.3357867631450711,0.058490614474283116,0.06502781975421029,0.9748355612198453,nan,nan,nan,nan,nan,nan,nan,69.86437151581049
643,0.0002900274156015469,0.11314868850509326,0.16631424358026095,0.33598793882637007,0.058584935821574875,0.06509486026399636,0.9747978649673797,nan,nan,nan,nan,nan,nan,nan,68.07138840854168
644,0.0002886276955077885,0.11321414523820082,0.16606056193104232,0.33609737916524707,0.058596501896525564,0.06501482506448186,0.9748099675314823,nan,nan,nan,nan,nan,nan,nan,68.37672842293978
645,0.0002872301109213221,0.11381305625041326,0.16653325237065697,0.3369563129811288,0.0587330808678501,0.06540115915642543,0.9745956874525868,nan,nan,nan,nan,nan,nan,nan,67.78864965587854
646,0.00028583467563574397,0.11268511647482712,0.16554987096988316,0.3353301627673258,0.05838259808830223,0.06482936003641329,0.974950271582461,nan,nan,nan,nan,nan,nan,nan,67.94340631365776
647,0.0002844414034234365,0.11249594513575235,0.1655375115877712,0.33503409027270137,0.058437051737217416,0.06487159702624791,0.9750014565316341,nan,nan,nan,nan,nan,nan,nan,68.91953775286674
648,0.0002830503080354343,0.11286960938572883,0.1658104907639205,0.33559736206639307,0.05846927385829161,0.06496494978000303,0.9748942582309209,nan,nan,nan,nan,nan,nan,nan,69.23917231708765
649,0.0002816614032012868,0.11306306366125743,0.16582148240024275,0.33588335692852717,0.05797129904415112,0.06554408010923987,0.9750131585495373,nan,nan,nan,nan,nan,nan,nan,67.7488122060895
650,0.0002802747026289245,0.11286079602936903,0.16590421958921256,0.33555973617703727,0.05777767258382643,0.06587166257017145,0.9751381253224094,nan,nan,nan,nan,nan,nan,nan,68.41859588027
651,0.00027889022000452204,0.11369555428127448,0.16623648141404945,0.3368108168927021,0.0579253090578061,0.06609645516613565,0.9749917669549385,nan,nan,nan,nan,nan,nan,nan,67.95095138251781
652,0.0002775079689923637,0.1127789565672477,0.1655414300371719,0.33543570637832526,0.057659728720983155,0.0660569030496131,0.9751782976786527,nan,nan,nan,nan,nan,nan,nan,69.7761444374919
653,0.0002761279632347091,0.11280604223906994,0.16555864523592778,0.33548745808582137,0.05762057957821271,0.06587109330905781,0.9751772598998635,nan,nan,nan,nan,nan,nan,nan,68.16978105157614
654,0.00027475021635165825,0.11267757571240267,0.16548455764489456,0.3352888853368734,0.057619262630860264,0.06593356637839479,0.9752218176301016,nan,nan,nan,nan,nan,nan,nan,68.42470242828131
655,0.0002733747419410164,0.11312091063459714,0.16577718257851615,0.33596949086332967,0.05768027067212866,0.06605925534820209,0.9750894613867395,nan,nan,nan,nan,nan,nan,nan,68.33778164535761
656,0.0002720015535781607,0.1127382664779822,0.16533882577567896,0.33540900011358016,0.05763630890608405,0.06591150963434987,0.9751741562737065,nan,nan,nan,nan,nan,nan,nan,68.27847754210234
657,0.00027063066481590567,0.1130821695625782,0.16530277465483234,0.3359258514200582,0.057717684114701864,0.06593252374450008,0.9751114355939918,nan,nan,nan,nan,nan,nan,nan,69.32706647366285
658,0.00026926208918437027,0.11312043574949106,0.16543612545516614,0.3359780225010291,0.05804848065543924,0.06567006766803217,0.97503486572599,nan,nan,nan,nan,nan,nan,nan,68.19699004292488
659,0.00026789584019084353,0.11240192137658596,0.16472888864550145,0.33491876362326767,0.05823034319526627,0.06483146229707176,0.9751884290699439,nan,nan,nan,nan,nan,nan,nan,67.99110098183155
660,0.00026653193131965125,0.11261887525518735,0.16480682576619632,0.3352547923769516,0.05840536003641329,0.06470363343953876,0.9751024390835988,0.13238283455371858,0.18121473258989532,0.3636462456454174,0.8613456167501138,0.09049882567137005,0.04815555757851616,0.9686198270368684,68.5986612290144
661,0.0002651703760320232,0.11198153624931971,0.1645051953326506,0.33429145325842236,0.05818659626763769,0.06455338734638143,0.9753057854650281,nan,nan,nan,nan,nan,nan,nan,69.44621854275465
662,0.0002638111877659608,0.1125111053287983,0.1648494930492338,0.3350765962063811,0.05838110878470642,0.06460060203307541,0.9751344402973752,nan,nan,nan,nan,nan,nan,nan,69.64431773871183
663,0.00026245437993610327,0.11297713111837705,0.1652320378546503,0.33577690635494684,0.058495666211500534,0.06474987467759065,0.9750302533758155,nan,nan,nan,nan,nan,nan,nan,68.49207776039839
664,0.0002610999659335958,0.11257904687027137,0.16494338505158548,0.3351813769221707,0.05843206311637081,0.06461116917008042,0.9751057150659991,nan,nan,nan,nan,nan,nan,nan,68.40546333789825
665,0.00025974795912595846,0.11294651586314042,0.1652745379305113,0.33573488252922495,0.058624864208769535,0.06477319739038082,0.9749963416780458,nan,nan,nan,nan,nan,nan,nan,68.61021821200848
666,0.00025839837285695225,0.11322862080732982,0.16538530559664694,0.33614628887617337,0.058447705052344104,0.06495484145046275,0.9749338419056289,nan,nan,nan,nan,nan,nan,nan,68.89138425886631
667,0.0002570512204464489,0.11277902247508367,0.16537516883818845,0.3354629179858968,0.05853149567592171,0.06466414808071613,0.9750494577454104,nan,nan,nan,nan,nan,nan,nan,70.12438522279263
668,0.0002557065151902986,0.11280964767932891,0.16550313632225763,0.3355141892159336,0.05857368047337278,0.06467321256258535,0.9750490074343802,nan,nan,nan,nan,nan,nan,nan,68.90175531059504
669,0.0002543642703601997,0.11334692570070426,0.1654318851179639,0.3363303023677962,0.058622528903049614,0.06491238476710666,0.9748835842815962,nan,nan,nan,nan,nan,nan,nan,68.28678739070892
670,0.00025302449920356636,0.1125023652613163,0.1649950754532696,0.3350650328310965,0.058425654377181,0.06452993597329693,0.9751417387346382,nan,nan,nan,nan,nan,nan,nan,69.51119227707386
671,0.0002516872149433995,0.11247384324173132,0.16516593182938857,0.3350148059540476,0.0584272456379912,0.06472894189045668,0.9750864487938098,nan,nan,nan,nan,nan,nan,nan,68.84220189601183
672,0.0002503524307781545,0.1127075315862894,0.16524622067023215,0.33535716777828994,0.05834920345926263,0.06484467061143984,0.9750595041723562,nan,nan,nan,nan,nan,nan,nan,70.69519037008286
673,0.0002490201598816124,0.11255921347935995,0.1650088983367471,0.3351367772274283,0.058388225155515096,0.06472936913973601,0.9750883471400394,nan,nan,nan,nan,nan,nan,nan,68.25862217694521
674,0.00024769041540274915,0.11210634933412075,0.16469756920421788,0.3344815225751704,0.058161617963890154,0.0645772708238507,0.9752297763617054,nan,nan,nan,nan,nan,nan,nan,68.68483149260283
675,0.0002463632104656056,0.11243033603330453,0.16501918560347442,0.33494580949679215,0.058314025792747685,0.06459334850553786,0.9752071212259141,nan,nan,nan,nan,nan,nan,nan,68.41910444200039
676,0.00024503855816915884,0.11437645436823368,0.16548313018699742,0.33784035297798315,0.058476160825367926,0.06464145531785769,0.9750698127749962,nan,nan,nan,nan,nan,nan,nan,68.91137017309666
677,0.00024371647158719244,0.1142803740898768,0.16550048505537854,0.33770060843428107,0.058480923683811255,0.06475296252465483,0.9750567003489607,nan,nan,nan,nan,nan,nan,nan,70.08857782185078
678,0.00024239696376816705,0.11182926723857721,0.16430669715331514,0.3340599282952254,0.05793801608253679,0.06447521407980579,0.9754698819602489,nan,nan,nan,nan,nan,nan,nan,69.12655449658632
679,0.00024108004773509194,0.11284777481357257,0.1653749580204066,0.3355714724991527,0.05846164041875285,0.06476163738431194,0.9751254838416021,nan,nan,nan,nan,nan,nan,nan,69.15980768203735
680,0.00023976573648539705,0.11223656532665094,0.16483998039940828,0.33465914529988244,0.05811797542102867,0.06469135366408739,0.9753405128205128,0.13382797479629516,0.18069021876422395,0.3655505264088134,0.8603095857988166,0.09310907601274465,0.04658133818843878,0.9682873736913974,68.69615974277258
681,0.00023845404299080363,0.11266168893376986,0.16514557003868913,0.33528147497767813,0.05827237020179032,0.06478053830981642,0.9751909148839326,nan,nan,nan,nan,nan,nan,nan,68.82629299908876
682,0.00023714498019719674,0.1121011344542106,0.16462812862236384,0.33446647074544417,0.058238941587012594,0.06452324685176757,0.9753702964648764,nan,nan,nan,nan,nan,nan,nan,69.90803167968988
683,0.00023583856102449792,0.11252490989367167,0.16491243127939614,0.3350954347237027,0.05826615081171294,0.064525261720528,0.9753265410408132,nan,nan,nan,nan,nan,nan,nan,68.41106554120779
684,0.00023453479836653713,0.11245908362666766,0.16489725537664998,0.33499894417849363,0.058306801395842815,0.0646389063874981,0.9751410881505083,nan,nan,nan,nan,nan,nan,nan,69.41342233121395
685,0.00023323370509092516,0.11318867828448613,0.16529166934076772,0.3360776814632813,0.05843655651646184,0.06480564284630556,0.9749457150659991,nan,nan,nan,nan,nan,nan,nan,68.10692070424557
686,0.00023193529403892736,0.11387667510906856,0.1650634017220452,0.33710878578970244,0.058385172507965405,0.06445075527234106,0.9751239350629647,nan,nan,nan,nan,nan,nan,nan,70.33895555138588
687,0.00023063957802533684,0.11214669976135094,0.16483513749810347,0.3345305933995724,0.05823117827340313,0.06445560430890608,0.9751962737065696,nan,nan,nan,nan,nan,nan,nan,68.69734963029623
688,0.00022934656983834723,0.11256425060828527,0.1653712462828099,0.3351435028337194,0.05828608830223032,0.06474411530875436,0.9750445577302382,nan,nan,nan,nan,nan,nan,nan,68.63904560357332
689,0.00022805628223942768,0.1129313533604145,0.16566382123350024,0.3356817796270866,0.0584785895918677,0.06481841420118344,0.9749150659990896,nan,nan,nan,nan,nan,nan,nan,68.88237769901752
690,0.0002267687279631956,0.11244592231015364,0.16505295882642998,0.33497903290697656,0.05834958701259293,0.06444083750568957,0.9751005589440146,nan,nan,nan,nan,nan,nan,nan,68.20772225409746
691,0.00022548391971729222,0.11234866302708785,0.16527235650887573,0.33482389520314443,0.05837274222424518,0.06460546927628584,0.9750923477469277,nan,nan,nan,nan,nan,nan,nan,69.93176662921906
692,0.0002242018701822559,0.11245865128934383,0.1652663374108633,0.3349890128863209,0.05835361310878471,0.06457084387801548,0.9750963871946594,nan,nan,nan,nan,nan,nan,nan,68.62975788116455
693,0.0002229225920113982,0.1125381507674853,0.16512825277840995,0.3350884419946892,0.05833966560461235,0.06451939553937187,0.9750897672583826,nan,nan,nan,nan,nan,nan,nan,69.41483291238546
694,0.0002216460978306777,0.11264057308932146,0.1653051620106964,0.3352640221019945,0.05846308845395236,0.0646854959793658,0.9749908311333637,nan,nan,nan,nan,nan,nan,nan,68.75615668296814
695,0.00022037240023857737,0.11406496285398801,0.1652159579729935,0.3374035272428418,0.05837460172963132,0.0644920952814444,0.9750504154149598,nan,nan,nan,nan,nan,nan,nan,68.29666863381863
696,0.0002191015118059779,0.11174292599161466,0.16472154521316948,0.33391059038154225,0.058236907297830376,0.06426285905022,0.9753006099226218,nan,nan,nan,nan,nan,nan,nan,69.86557790637016
697,0.0002178334450760348,0.11242870183289051,0.16513185713472917,0.3349388181667241,0.05835208617812168,0.06456244333181611,0.9751013733879532,nan,nan,nan,nan,nan,nan,nan,68.42078649252653
698,0.00021656821256405516,0.11256803878645102,0.16514144692573207,0.3351659377389608,0.0583760983158853,0.06458545531785768,0.975020849036565,nan,nan,nan,nan,nan,nan,nan,68.75022991746664
699,0.00021530582675737288,0.11186152051389217,0.16509867572257625,0.3340817051037441,0.05820767106660598,0.06438608041268397,0.975229788499469,nan,nan,nan,nan,nan,nan,nan,68.55840859562159
700,0.00021404630011522606,0.11192339341342449,0.16487450908435747,0.33418607594018424,0.05811065028068579,0.06441073827947201,0.975214047033834,0.1345086832344532,0.18648054107874373,0.36657428212123544,0.8595063814292216,0.09480560764679108,0.045688010923987256,0.9678170960400546,69.21067591011524
701,0.00021278964506863432,0.11232587290803592,0.16504216860112275,0.33477726304531036,0.058226863298437265,0.06468846487634654,0.9750782910028827,nan,nan,nan,nan,nan,nan,nan,69.95408160984516
702,0.00021153587402027589,0.11183110185960929,0.16469154013048096,0.33405179796810625,0.05814281899560006,0.06445960006068882,0.9752646420876954,nan,nan,nan,nan,nan,nan,nan,69.25043542683125
703,0.00021028499934436462,0.11204150058825811,0.16453627827719616,0.33438418175534707,0.058156810195721435,0.06451450887573965,0.9751696361705355,nan,nan,nan,nan,nan,nan,nan,68.20443114638329
704,0.00020903703338652857,0.11252993002533912,0.16487379683469883,0.33511011515178774,0.058274802609619175,0.06460543164921863,0.9750227401001366,nan,nan,nan,nan,nan,nan,nan,69.13106136769056
705,0.0002077919884636877,0.1140972331315279,0.16499163894894553,0.33743082140378744,0.0582635848884843,0.06440350538613261,0.9750985125170687,nan,nan,nan,nan,nan,nan,nan,69.62344421446323
706,0.00020654987686393294,0.11204655735691388,0.1646187440069792,0.33437559113054405,0.0581403137611895,0.06443369807313003,0.9751824985586406,nan,nan,nan,nan,nan,nan,nan,70.00552975386381
707,0.00020531071084640455,0.11219167983035247,0.1646567083902291,0.3346011405425147,0.058248798664846,0.0644779778485814,0.9751104366560461,nan,nan,nan,nan,nan,nan,nan,69.05957148224115
708,0.0002040745026411705,0.11252462368210157,0.16529658220490062,0.335084250890106,0.05844241541495979,0.06464758731603702,0.9750478883325747,nan,nan,nan,nan,nan,nan,nan,68.6254126727581
709,0.00020284126444910697,0.11229996111989021,0.16489934109960552,0.33476243367538344,0.058274807464724625,0.06448255378546502,0.9751335821574875,nan,nan,nan,nan,nan,nan,nan,68.9961096867919
710,0.00020161100844177693,0.11219505172967911,0.16475559243665605,0.3346136312908904,0.05802219390077378,0.06465216325292066,0.9753072589895312,nan,nan,nan,nan,nan,nan,nan,68.56886064261198
711,0.0002003837467613105,0.1126584585060676,0.1649148005708542,0.335309130778894,0.05792341799423456,0.06518249491731148,0.9754494601729631,nan,nan,nan,nan,nan,nan,nan,69.79537022858858
712,0.00019915949152028457,0.11266542779405912,0.16489270817212867,0.33529832910986734,0.05794179335457442,0.06515467880443028,0.9755578856015779,nan,nan,nan,nan,nan,nan,nan,69.90594554692507
713,0.00019793825480160493,0.1123539989888668,0.1648598004096495,0.3348416760514969,0.05786753937187073,0.06500125383098164,0.9756022673342437,nan,nan,nan,nan,nan,nan,nan,68.51643514633179
714,0.00019672004865838456,0.11159818164010843,0.16424896081778181,0.33371563629882894,0.05758394538006372,0.06478827856167502,0.9759263383401608,nan,nan,nan,nan,nan,nan,nan,68.82306653261185
715,0.00019550488511382608,0.11197199015319348,0.16438571553064785,0.33426790459420336,0.05753413685328478,0.06501755484751934,0.975861235017448,nan,nan,nan,nan,nan,nan,nan,69.49999720603228
716,0.00019429277616110348,0.11226942126452923,0.16474418244575936,0.33472093068765685,0.057738735851919284,0.06505778546502806,0.9757123107267486,nan,nan,nan,nan,nan,nan,nan,69.48652719706297
717,0.00019308373376324253,0.11202587302029132,0.1645657616541496,0.33436828488855097,0.057628421787285694,0.06498201790320134,0.975766587164315,nan,nan,nan,nan,nan,nan,nan,69.11259545385838
718,0.00019187776985300355,0.11169424691796302,0.16438904512782582,0.3338579443712546,0.057971086633287816,0.06449503504779244,0.9755854201183431,nan,nan,nan,nan,nan,nan,nan,68.06688779592514
719,0.00019067489633276354,0.11186930542687575,0.1648004479308906,0.3341187242613402,0.05813866302533758,0.06443541192535275,0.9753893478986497,nan,nan,nan,nan,nan,nan,nan,70.07016219943762
720,0.0001894751250743987,0.11218474574883779,0.1646854817649067,0.3346006414093192,0.05817012896373843,0.06448618540433924,0.9752674216355637,0.13482904374599458,0.18140841516841147,0.3669046273955032,0.8592250523441056,0.09494612653618571,0.04582882111970869,0.9676350295857988,69.59500535577536
721,0.0001882784679191669,0.11406579513847828,0.16502629595281446,0.33739437375233217,0.05826093885601578,0.06441864846002124,0.9752022406311637,nan,nan,nan,nan,nan,nan,nan,69.0436514467001
722,0.000187084936677591,0.11198285880188147,0.1645402541913215,0.33430565039232596,0.058217029282354726,0.06445691033227127,0.975325204673039,nan,nan,nan,nan,nan,nan,nan,68.09771335870028
723,0.00018589454312934248,0.11373340350389481,0.16488782788082235,0.3369014162107419,0.05824333667121833,0.06436510514337733,0.9752555581854043,nan,nan,nan,nan,nan,nan,nan,68.55941307544708
724,0.00018470729902312513,0.11241232682267825,0.1652087716772872,0.33492495686292373,0.05828732514034289,0.06460366681838871,0.9751882979820968,nan,nan,nan,nan,nan,nan,nan,66.79288071393967
725,0.00018352321607655926,0.11221777328848839,0.1649716995239721,0.3346423950336558,0.05837637748444849,0.06441460294340767,0.9752507140039448,nan,nan,nan,nan,nan,nan,nan,65.07803534716368
726,0.00018234230597606507,0.11238874719540277,0.1652927927002731,0.33488758143389263,0.058440178425125174,0.06453825762403277,0.9751869749658625,nan,nan,nan,nan,nan,nan,nan,65.37163680791855
727,0.00018116458037674893,0.11246499985456467,0.16528630225876195,0.3349858100084157,0.05842455590957366,0.06453545986951904,0.9751767561826733,nan,nan,nan,nan,nan,nan,nan,66.35899583995342
728,0.00017999005090228677,0.11181484435498715,0.16460233661432255,0.33403836439528534,0.0582313882567137,0.06425838871187983,0.9753762524654832,nan,nan,nan,nan,nan,nan,nan,66.65525022894144
729,0.00017881872914481042,0.11243655419846375,0.16496962105522683,0.3349763071774476,0.058378812319830074,0.06451070732817478,0.9751772174176908,nan,nan,nan,nan,nan,nan,nan,66.66952090710402
730,0.00017765062666479239,0.11180756221711635,0.16457857403087545,0.3340280713876692,0.05818905659232287,0.06432346290395995,0.9753868038233955,nan,nan,nan,nan,nan,nan,nan,66.81754883378744
731,0.00017648575499093315,0.11204079094529151,0.16474977918752845,0.33437535821626585,0.05834504263389471,0.06433096646942801,0.9753296519496283,nan,nan,nan,nan,nan,nan,nan,66.72158358991146
732,0.00017532412562004562,0.111810231183966,0.16452609958655742,0.33404621398097983,0.05826512638446366,0.06442993536640874,0.9753652204521317,nan,nan,nan,nan,nan,nan,nan,66.9066966548562
733,0.0001741657500169427,0.11244497659802437,0.16499746398497953,0.33497748379795356,0.058449994234562284,0.06456490365650129,0.9751633293885602,nan,nan,nan,nan,nan,nan,nan,66.80201636999846
734,0.00017301063961432374,0.11211681240797043,0.16455328347367623,0.3345000386179641,0.05823069154908208,0.06420978789258079,0.9753188736155364,nan,nan,nan,nan,nan,nan,nan,66.97877273708582
735,0.00017185880581266247,0.11160461667676767,0.16448044566454256,0.3337241423228086,0.05800169807313003,0.06435566317705962,0.9754286463359126,nan,nan,nan,nan,nan,nan,nan,67.01599456369877
736,0.00017071025998009303,0.11192565461496512,0.16449941740631163,0.334215613825576,0.0581978224852071,0.0643678761948111,0.975294100439994,nan,nan,nan,nan,nan,nan,nan,67.01692463457584
737,0.00016956501345229943,0.1120313957085212,0.16477858464193598,0.3343595484223353,0.05825247155211652,0.06438049340009103,0.975287302078592,nan,nan,nan,nan,nan,nan,nan,66.8161901012063
738,0.00016842307753240263,0.11200981830060482,0.16482939552040662,0.3343269372940464,0.0583243962979821,0.06443817326657564,0.9752661908663329,nan,nan,nan,nan,nan,nan,nan,66.87439391762018
739,0.00016728446349084897,0.11186041912436485,0.1646840650887574,0.3341125282243422,0.05809765680473373,0.06439107388863602,0.9753404351388256,nan,nan,nan,nan,nan,nan,nan,66.90255653858185
740,0.00016614918256529942,0.11210785722235839,0.16499240983917463,0.3344569359842232,0.05805855257168867,0.06452753755120619,0.9753089303595812,0.13689441084861756,0.184160593991807,0.3697239702513554,0.85755251706873,0.09882101046882112,0.043626472462448794,0.9669182339553937,66.8202785179019
741,0.00016501724596051814,0.11239656155804793,0.16527761618115613,0.3348980871446381,0.05826181277499621,0.0646003932635412,0.9752044023668639,nan,nan,nan,nan,nan,nan,nan,66.87019969522953
742,0.00016388866484826263,0.11177040235698223,0.16464472159004703,0.3339532885384096,0.058074252768927324,0.06434667273554848,0.9754942351691701,nan,nan,nan,nan,nan,nan,nan,66.82481574267149
743,0.00016276345036717304,0.11214380982518196,0.16492296144363525,0.33453290410657704,0.0582270174480352,0.0644074137460173,0.975317862539827,nan,nan,nan,nan,nan,nan,nan,66.84740576893091
744,0.0001616416136226618,0.11220999188224474,0.16487558689880139,0.3346118612229199,0.05811678956152329,0.06439513032923684,0.975380392656653,nan,nan,nan,nan,nan,nan,nan,66.83636835962534
745,0.0001605231656868046,0.11250770279268424,0.16522247823736913,0.3350589965716808,0.058304245182825065,0.06454589713245334,0.9752801238051889,nan,nan,nan,nan,nan,nan,nan,66.79667571932077
746,0.00015940811759823127,0.11212974892556668,0.16507587014489455,0.3345029227910994,0.058209262327416175,0.06454420755575785,0.9753563780913367,nan,nan,nan,nan,nan,nan,nan,66.73373294621706
747,0.00015829648036201613,0.11219329218566418,0.16487664470490063,0.3345999988244489,0.05812731300257928,0.0644064087391898,0.9753852331967835,nan,nan,nan,nan,nan,nan,nan,66.80608098208904
748,0.0001571882649495697,0.1119952347377936,0.1648046098372781,0.33430617145961034,0.058180534668487334,0.06439807130936125,0.9754276825974814,nan,nan,nan,nan,nan,nan,nan,66.8248648494482
749,0.00015608348229853122,0.11193544718623161,0.1646215388503262,0.33422855932487444,0.058128033985738126,0.06439731269913518,0.9754520710059171,nan,nan,nan,nan,nan,nan,nan,66.78788524121046
750,0.00015498214331265915,0.11215663279096286,0.16487259983310576,0.33454732835935264,0.058151695342133214,0.06442526111363982,0.9754278561675012,nan,nan,nan,nan,nan,nan,nan,66.95009678602219
751,0.00015388425886172466,0.11187238501012325,0.16458353201335155,0.3341346922296394,0.05813759975724473,0.06428412198452435,0.9754479138218783,nan,nan,nan,nan,nan,nan,nan,66.80388259142637
752,0.00015278983978140388,0.11177775102853775,0.1644504656065089,0.3339915881927839,0.058130171445911094,0.06434564345319375,0.975434483386436,nan,nan,nan,nan,nan,nan,nan,66.86602531373501
753,0.00015169889687317165,0.11193922363221645,0.16448669104650282,0.33422636967607106,0.058211306326809285,0.06434302291002883,0.9752931694735245,nan,nan,nan,nan,nan,nan,nan,66.89207072556019
754,0.00015061144090419367,0.11148478430509567,0.16434815786678805,0.3335409087390868,0.058108204521316945,0.06414955788196025,0.9754041438324988,nan,nan,nan,nan,nan,nan,nan,66.93610192835331
755,0.0001495274826072217,0.11164059769610564,0.16464098837429827,0.33376266276153727,0.05815443969048703,0.06426774207252314,0.9753364964345319,nan,nan,nan,nan,nan,nan,nan,66.89884696900845
756,0.00014844703268048618,0.11181730742752552,0.16473461326998937,0.33404650255776397,0.058156231224396907,0.06423728842360794,0.9753128569261114,nan,nan,nan,nan,nan,nan,nan,66.79236360639334
757,0.00014737010178759197,0.11216298180818558,0.16486159058754363,0.33455840167367346,0.058255464724624485,0.06453173721741769,0.9751818382642998,nan,nan,nan,nan,nan,nan,nan,66.77135099470615
758,0.00014629670055741213,0.11232008711000284,0.16470585076240327,0.33480500849593936,0.0583658637536034,0.06442056744044909,0.9751210377787892,nan,nan,nan,nan,nan,nan,nan,66.92564254254103
759,0.00014522683958398326,0.11209223567446074,0.16457171462979822,0.3344526181542108,0.05816237171901077,0.06445433834016083,0.975219154604764,nan,nan,nan,nan,nan,nan,nan,65.3026965111494
760,0.00014416052942640135,0.11239497078458469,0.16488377765134274,0.33489598397317477,0.05836272371415566,0.06457972386587771,0.9750809188287058,0.13241031110286713,0.1807014087391898,0.36366015029159393,0.8617262084660902,0.09179076923076923,0.04648302230314064,0.968411251706873,65.30114253610373
761,0.0001430977806087174,0.11340930423637231,0.16491687192762858,0.3364191478057618,0.058396895160066756,0.064359657715066,0.9751539299044151,nan,nan,nan,nan,nan,nan,nan,65.09212553501129
762,0.00014203860361983303,0.11169349014759064,0.16437229931914732,0.333876705800036,0.05815117099074495,0.06436816871491428,0.9753009303595812,nan,nan,nan,nan,nan,nan,nan,65.12735528498888
763,0.00014098300891339727,0.1121960712869962,0.16468012269572144,0.334603530801283,0.058197849188287055,0.0643863013199818,0.9752244539523592,nan,nan,nan,nan,nan,nan,nan,65.02716990560293
764,0.0001399310069077041,0.11172398547828198,0.16465094210855713,0.3339038007149998,0.05808450432407829,0.06426566772872098,0.9753220112274313,nan,nan,nan,nan,nan,nan,nan,65.02825057506561
765,0.00013888260798558847,0.1131220856954654,0.16518257253262025,0.33597276953783395,0.058268039447731755,0.06423140524958276,0.9752472328933394,nan,nan,nan,nan,nan,nan,nan,64.98447444289923
766,0.0001378378224943243,0.11148578889171283,0.16464951961955698,0.33354009060281486,0.05809549021392808,0.06433395600060689,0.9753963234714004,nan,nan,nan,nan,nan,nan,nan,65.15564952045679
767,0.00013679666074552273,0.11239970874289672,0.16484287265779093,0.3349274337827236,0.05839964800485511,0.06434972902442725,0.9751231910180549,nan,nan,nan,nan,nan,nan,nan,64.97644528746605
768,0.00013575913301503,0.11160130307575067,0.1643179938647398,0.33373122661069815,0.058213834622970716,0.06414635351236535,0.975365204673039,nan,nan,nan,nan,nan,nan,nan,65.17414813488722
769,0.00013472524954282592,0.111989511013031,0.16449444471627978,0.3343065583664353,0.05819660506751631,0.06427644606281292,0.9752388906084054,nan,nan,nan,nan,nan,nan,nan,65.00039214640856
770,0.00013369502053292264,0.1119292211085558,0.1645071702226521,0.3342257912085624,0.058235619481110605,0.06435581368532847,0.9752372957062662,nan,nan,nan,nan,nan,nan,nan,65.27029053121805
771,0.00013266845615326505,0.11134779509902,0.1641707615593233,0.3333458876125458,0.05810774207252314,0.06409433469883175,0.9754364327112729,nan,nan,nan,nan,nan,nan,nan,65.40889555215836
772,0.00013164556653562872,0.1117410054107507,0.16445627216090122,0.3339307348201501,0.05817880867850098,0.06418401942042179,0.9753319641935974,nan,nan,nan,nan,nan,nan,nan,65.09336100518703
773,0.0001306263617755216,0.11177985777954261,0.16448044392922168,0.3339941257727075,0.05825462843271127,0.06425682051282051,0.9753021829767865,nan,nan,nan,nan,nan,nan,nan,65.04187748581171
774,0.00012961085193208282,0.11167905421555042,0.16440422977355484,0.33384182656838396,0.05823079593384919,0.06416530784402974,0.9753290535578819,nan,nan,nan,nan,nan,nan,nan,64.98877182602882
775,0.00012859904702798485,0.11120083683232466,0.16421654616143225,0.3331197170954141,0.058095225610681235,0.06401748444849037,0.9754822357760583,nan,nan,nan,nan,nan,nan,nan,65.03242398798466
776,0.00012759095704933357,0.1121323184221983,0.16485215958314367,0.3345205259497687,0.05834273767258383,0.064367087240176,0.9751661356395084,nan,nan,nan,nan,nan,nan,nan,64.99887247383595
777,0.00012658659194556996,0.11160283116499584,0.16446070636094676,0.3337241714619483,0.05826699074495524,0.06412665149446214,0.9753476097708997,nan,nan,nan,nan,nan,nan,nan,65.11282808333635
778,0.00012558596162937194,0.11174990090727806,0.16470761312774995,0.33392867092761885,0.0583094802002731,0.06421692853891671,0.975262292216659,nan,nan,nan,nan,nan,nan,nan,66.92379637807608
779,0.00012458907597655725,0.11163905228177706,0.16472488476710667,0.33377213991596777,0.0580839144287665,0.06420090911849492,0.9753284588074648,nan,nan,nan,nan,nan,nan,nan,68.07438472658396
780,0.00012359594482598454,0.11378216403226057,0.16529842350364132,0.33696991000422455,0.05828476892732514,0.0642962597481414,0.9751315175238963,0.13394093170762061,0.18470692791306326,0.36579209760588716,0.8600580427856167,0.09340456986800182,0.04653738734638143,0.967907510241238,68.30851922184229
781,0.00012260657797945728,0.1115117989629507,0.164781067952511,0.33357504613618283,0.05807944287664998,0.06414479380974056,0.9753607671066606,nan,nan,nan,nan,nan,nan,nan,67.81554733216763
782,0.00012162098520162699,0.11181226946910222,0.16476187920080412,0.33403113480698854,0.05815426733424366,0.06421223607950236,0.9752915175238962,nan,nan,nan,nan,nan,nan,nan,67.83237639814615
783,0.00012063917621989639,0.11164466659228008,0.16477556653011682,0.3337698543912959,0.05797360279168563,0.06446024336216052,0.9753346769837657,nan,nan,nan,nan,nan,nan,nan,67.64734634757042
784,0.00011966116072432363,0.11385874259968598,0.1652515681895767,0.3370770743352983,0.058176033985738125,0.06437147018661811,0.9751129370353513,nan,nan,nan,nan,nan,nan,nan,67.56174560636282
785,0.00011868694836752692,0.11142702473700046,0.16436730213548778,0.33345119795930805,0.0579482409346078,0.06406802973752086,0.9753869871036261,nan,nan,nan,nan,nan,nan,nan,67.51271568238735
786,0.00011771654876458905,0.11165074850122134,0.16448334323319677,0.3337874977443469,0.0580665452890305,0.06424947231072675,0.9753088174783796,nan,nan,nan,nan,nan,nan,nan,68.91025991737843
787,0.00011674997149296226,0.1111608343521754,0.16402165023327264,0.33306530460482536,0.05794359581247155,0.06404209133667121,0.9754659481110606,nan,nan,nan,nan,nan,nan,nan,67.74896875023842
788,0.00011578722609237397,0.11189216274023056,0.16466247400811712,0.33416837709896874,0.05827230344409043,0.06423397966924595,0.9752389391594599,nan,nan,nan,nan,nan,nan,nan,67.65830139070749
789,0.0001148283220647324,0.1122990817775329,0.164994177486345,0.33476258075330667,0.05832518768016993,0.06451842087695342,0.975093204673039,nan,nan,nan,nan,nan,nan,nan,67.84835832566023
790,0.00011387326887403343,0.11352988295753796,0.16454286229327872,0.33661631064223313,0.058071995144894556,0.06407399180700955,0.9753118240024276,nan,nan,nan,nan,nan,nan,nan,67.71677834540606
791,0.00011292207594626652,0.11315273020664851,0.164509448405022,0.33604538757161223,0.05801070429373388,0.06401107570930056,0.9753584742831133,nan,nan,nan,nan,nan,nan,nan,67.64793287217617
792,0.00011197475266932167,0.11168751565615335,0.16481589356698528,0.3338389304773155,0.05820464390835989,0.06426529631315431,0.9752720315581854,nan,nan,nan,nan,nan,nan,nan,67.82538961619139
793,0.00011103130839289735,0.11140650237600008,0.16445256834129873,0.33342060434905785,0.05795272947959339,0.06414430951297223,0.9754317135487787,nan,nan,nan,nan,nan,nan,nan,67.85082273185253
794,0.0001100917524284076,0.11119958331187565,0.1641768591545289,0.33310466337682737,0.057837634349871034,0.06412301380670611,0.975551170990745,nan,nan,nan,nan,nan,nan,nan,67.43355969339609
795,0.00010915609404889051,0.11169202077885469,0.16452721012555,0.33384100619418,0.05796256228189956,0.06444324321043848,0.9754251615839782,nan,nan,nan,nan,nan,nan,nan,67.70464240014553
796,0.0001082243424889162,0.11175996395945549,0.16461346975989985,0.3339416451205397,0.058050707935062965,0.06431724958276437,0.9754184044909725,nan,nan,nan,nan,nan,nan,nan,67.55349633097649
797,0.00010729650694449703,0.11193385030329227,0.16451240753489607,0.33420469843824846,0.057908756789561526,0.06456440600819299,0.975386422697618,nan,nan,nan,nan,nan,nan,nan,67.33916536718607
798,0.00010637259657299485,0.11203980886439482,0.16449976191018054,0.3343818477094232,0.058042664239113945,0.0645695657715066,0.9753012435138826,nan,nan,nan,nan,nan,nan,nan,68.15490693598986
799,0.00010545262049303214,0.11143565312027931,0.16413770508079198,0.3334764504982419,0.0580108208162646,0.06439437900166894,0.9755103917463207,nan,nan,nan,nan,nan,nan,nan,67.57088190317154
800,0.00010453658778440125,0.11152188462515672,0.1643284098581399,0.3335993437799059,0.05791559399180701,0.06446878349264148,0.9754713651949628,0.1337576775252819,0.18049378698224852,0.36546854124124695,0.8605548657259899,0.09396668183887119,0.04547845243513882,0.9680488302230315,68.14487381279469
801,0.0001036245074879754,0.11133922529717287,0.16404625290168412,0.3333365537414606,0.05779178516158398,0.06433412835685025,0.9755630647853133,nan,nan,nan,nan,nan,nan,nan,67.51247303187847
802,0.00010271638860561868,0.1115567543655634,0.16408835024085874,0.33366726432272303,0.05790599908966773,0.06438664724624488,0.9754912201486876,nan,nan,nan,nan,nan,nan,nan,68.46381234377623
803,0.00010181224010009799,0.11124873924255371,0.16380143455090274,0.3332035324459794,0.057877735093309055,0.06427285935366409,0.9755561583978152,nan,nan,nan,nan,nan,nan,nan,67.84732915461063
804,0.00010091207089499414,0.11187415909767151,0.164116687983614,0.3341483885104239,0.057962546502806855,0.06447830920952814,0.9754104190562889,nan,nan,nan,nan,nan,nan,nan,68.03608878701925
805,0.00010001588987461366,0.11195975303153197,0.1642344520463511,0.3342612561648938,0.057933349112426036,0.06451993931118191,0.9753966621150053,nan,nan,nan,nan,nan,nan,nan,67.88008897006512
806,9.912370588390137e-05,0.11137200804551442,0.16391606599908967,0.3333787183604772,0.057853812774996204,0.06430986253982704,0.9755482154453042,nan,nan,nan,nan,nan,nan,nan,67.7501182705164
807,9.823552772835307e-05,0.11132274103661378,0.1639292731660598,0.3333101068352151,0.05787958124715521,0.06422747261417083,0.9755609418904567,nan,nan,nan,nan,nan,nan,nan,68.43991083651781
808,9.735136417392859e-05,0.11118694102764129,0.16381438993513883,0.33310275541421536,0.0577569255044758,0.06427267971476255,0.9755997572447277,nan,nan,nan,nan,nan,nan,nan,68.5862929970026
809,9.647122394696539e-05,0.11154108970363935,0.16418273226748598,0.3336223904267519,0.057944466090122895,0.0643523107267486,0.9754760710059172,nan,nan,nan,nan,nan,nan,nan,67.72368013113737
810,9.559511573409213e-05,0.11204950801034769,0.16465627291951146,0.33438468983970526,0.057942524047944165,0.06463491427704446,0.9753297891063571,nan,nan,nan,nan,nan,nan,nan,68.04865515232086
811,9.472304818214304e-05,0.11657632649938265,0.16539406735510545,0.3410839589730512,0.05820907540585647,0.06447186891215294,0.9751459250493096,nan,nan,nan,nan,nan,nan,nan,68.47850349545479
812,9.385502989807297e-05,0.11122760997712612,0.16376710795023516,0.33317043235628285,0.05770567622515552,0.06437511394325596,0.975582617508724,nan,nan,nan,nan,nan,nan,nan,68.00267223268747
813,9.299106944887187e-05,0.11126048482954502,0.16382723059854346,0.33320956678057434,0.05767409012289486,0.0643742630860264,0.9755925813988773,nan,nan,nan,nan,nan,nan,nan,68.14963215589523
814,9.213117536148036e-05,0.11191489053765932,0.16407111711993627,0.334180626633547,0.05770499044151115,0.06469031952662722,0.9754110939159459,nan,nan,nan,nan,nan,nan,nan,67.95295586436987
815,9.12753561227064e-05,0.11191315791507563,0.16413110328478228,0.3341827247232443,0.05792049400697921,0.06462592626308603,0.9753665556061296,nan,nan,nan,nan,nan,nan,nan,68.38658149540424
816,9.042362017914006e-05,0.11133674219250679,0.1636420981736459,0.3333202840574634,0.0576587637687756,0.06448484539523593,0.9755413818843878,nan,nan,nan,nan,nan,nan,nan,68.06966105103493
817,8.95759759370713e-05,0.11154908190170924,0.1637040889754969,0.3336589853963064,0.05777834258837809,0.06448972963131543,0.975473526930663,nan,nan,nan,nan,nan,nan,nan,68.32056596130133
818,8.873243176240651e-05,0.11129072747627894,0.1637351231603702,0.3332666591450591,0.05758524654832347,0.06460606766803216,0.975560912759824,nan,nan,nan,nan,nan,nan,nan,67.69212532788515
819,8.789299598058631e-05,0.11123083636661371,0.16365080993020786,0.3331787479558685,0.05764379426490669,0.06439788802913063,0.9755938898497952,nan,nan,nan,nan,nan,nan,nan,65.00076788663864
820,8.705767687650271e-05,0.11206210023164749,0.16432061519496283,0.3343957502987406,0.05782336883629191,0.06468888362919133,0.9753801826733425,0.13440525010228158,0.18410646620391444,0.36639149108334856,0.8600203550295858,0.094265197997269,0.045714446973145195,0.9678627218934911,65.47191096097231
821,8.622648269441833e-05,0.11171685731907685,0.16427447250986194,0.3338928144073461,0.057818082840236686,0.0644781016537703,0.9754338473676225,nan,nan,nan,nan,nan,nan,nan,65.21635011583567
822,8.539942163788396e-05,0.11127356705566248,0.16390201460324685,0.33321629835973754,0.05754646396601426,0.06455768775603095,0.9755956959490214,nan,nan,nan,nan,nan,nan,nan,65.16475725919008
823,8.457650186965851e-05,0.1109760035276413,0.16344778743741464,0.33278107410361873,0.05756668912152936,0.06429337824305871,0.9756826569564557,nan,nan,nan,nan,nan,nan,nan,64.86202567070723
824,8.375773151162777e-05,0.11098704240719477,0.16337284866674254,0.33281742123643504,0.057678571385222276,0.06421863268092853,0.975657627674101,nan,nan,nan,nan,nan,nan,nan,64.98657537996769
825,8.294311864472453e-05,0.11136524137357871,0.1638556451695494,0.3333529937211444,0.057628310119860415,0.06442695797299347,0.975566741313913,nan,nan,nan,nan,nan,nan,nan,65.20698635280132
826,8.213267130884901e-05,0.11177929554879665,0.16379100029396146,0.33400606710194475,0.057813244727658926,0.06453428493400092,0.9754132726445153,nan,nan,nan,nan,nan,nan,nan,64.95875387638807
827,8.132639750278934e-05,0.11124028551578521,0.1637257461879836,0.3331831020105453,0.057745052344105596,0.06433074677590654,0.9755718367470794,nan,nan,nan,nan,nan,nan,nan,65.01809453964233
828,8.052430518414238e-05,0.11102735417584578,0.16368966527272039,0.33286639573403437,0.0576247258382643,0.06423752389622212,0.9756513403125474,nan,nan,nan,nan,nan,nan,nan,65.09543579816818
829,7.97264022692353e-05,0.11146167137722174,0.16414005613715674,0.33350127433052856,0.057841869215597023,0.06435265908056441,0.9755306751631012,nan,nan,nan,nan,nan,nan,nan,65.20743463933468
830,7.89326966330481e-05,0.1115088600864013,0.16402099857760583,0.33358526210799655,0.05783011136398119,0.06437430799575178,0.9754975754817174,nan,nan,nan,nan,nan,nan,nan,65.53193733096123
831,7.814319610913479e-05,0.11130048181116581,0.16404858626346533,0.3332584185322354,0.05776311333636777,0.06435996237293279,0.975543117584585,nan,nan,nan,nan,nan,nan,nan,65.1152589097619
832,7.735790848954658e-05,0.11267881099879741,0.16445591806061297,0.33532150101311076,0.057796840540130484,0.06443440813230163,0.9754694777727204,nan,nan,nan,nan,nan,nan,nan,65.21645937114954
833,7.657684152475574e-05,0.11132845026751359,0.16419828478227885,0.333299320711989,0.05767466181156122,0.06445986466393568,0.9755793949324837,nan,nan,nan,nan,nan,nan,nan,65.1971296519041
834,7.580000292357758e-05,0.11117448275784651,0.16412514501782735,0.33307035294770193,0.05760961796389015,0.06430800910332271,0.975620248217266,nan,nan,nan,nan,nan,nan,nan,64.99413460493088
835,7.502740035309556e-05,0.11156032559275628,0.1642956879362009,0.33365083574971016,0.05773181489910484,0.06440243119405249,0.9755383001062055,nan,nan,nan,nan,nan,nan,nan,65.44270273298025
836,7.425904143858494e-05,0.11159703346590201,0.16445140517372175,0.33369734917101784,0.05782726384463663,0.06431434501593082,0.9755209673797602,nan,nan,nan,nan,nan,nan,nan,65.06698093563318
837,7.349493376343831e-05,0.11143428257107735,0.16444231797147627,0.333453815139227,0.05778748232438173,0.06447873767258383,0.9755209297526931,nan,nan,nan,nan,nan,nan,nan,65.09721090644598
838,7.273508486908968e-05,0.11156339869896571,0.16426886498634502,0.33365016336234654,0.057708532240934605,0.06446828705810954,0.9755114525868609,nan,nan,nan,nan,nan,nan,nan,65.43424144387245
839,7.197950225494106e-05,0.11164852197468281,0.16436725755765438,0.3337821188993545,0.057814269154908206,0.06442659019875588,0.9754940421787286,nan,nan,nan,nan,nan,nan,nan,65.42620281875134
840,7.122819337828767e-05,0.11173047035932542,0.16433446522720377,0.33390654284600496,0.05787204976483083,0.0644257017144591,0.9754799514489455,0.1333491848409176,0.1812789332043696,0.3649223405125307,0.8607954119253528,0.09314760127446518,0.04605698680018207,0.9682599544833864,66.49197453260422
841,7.048116565424496e-05,0.11136103581388791,0.1643832324476559,0.3333500853826111,0.05774743984220907,0.06455719253527538,0.9755083113336368,nan,nan,nan,nan,nan,nan,nan,66.19986647367477
842,6.973842645567488e-05,0.11138805428644022,0.16427678955204067,0.3333835015136662,0.057690849946897285,0.06449426551357912,0.9755144615384616,nan,nan,nan,nan,nan,nan,nan,66.08980671316385
843,6.899998311311337e-05,0.11130514650046826,0.16426990279358217,0.333262297560506,0.057673150659990895,0.06444834714003944,0.975535073888636,nan,nan,nan,nan,nan,nan,nan,66.48497874289751
844,6.826584291469823e-05,0.11183797247211139,0.16469192695531787,0.334048394406852,0.057855546047640725,0.06466744348353816,0.9753510981641632,nan,nan,nan,nan,nan,nan,nan,66.53434770554304
845,6.75360131060969e-05,0.110883923381567,0.16399421645994539,0.3326324935613389,0.05757613715672887,0.06422581338188439,0.9756446511910181,nan,nan,nan,nan,nan,nan,nan,66.79486075043678
846,6.681050089043486e-05,0.11156004308164119,0.1644057609714004,0.33364255768750173,0.057708182673342434,0.06456075618267335,0.9754631989076012,nan,nan,nan,nan,nan,nan,nan,66.32277468591928
847,6.608931342822467e-05,0.1137622413734595,0.16433288265248067,0.3369358931111466,0.05743223425883781,0.06416816385980884,0.9756025052344106,nan,nan,nan,nan,nan,nan,nan,66.51340499520302
848,6.537245783729563e-05,0.11123950329919656,0.16430135269685936,0.333152303401607,0.05763723258989531,0.06437389895311789,0.9755558088302231,nan,nan,nan,nan,nan,nan,nan,67.6404859945178
849,6.465994119272294e-05,0.11115416972835859,0.16423414717986648,0.33304545971873817,0.05759072796237293,0.06445357366105295,0.9755851458048854,nan,nan,nan,nan,nan,nan,nan,67.07576825469732
850,6.395177052675809e-05,0.11134567614396414,0.16408760655628887,0.33333217007838295,0.057658138673949325,0.0643983868912153,0.97551542284934,nan,nan,nan,nan,nan,nan,nan,66.71831051260233
851,6.324795282875974e-05,0.11145578698813915,0.16414558699362766,0.3335035889989352,0.057684582005765435,0.06442940737369139,0.9754889600971021,nan,nan,nan,nan,nan,nan,nan,66.12099023908377
852,6.254849504512459e-05,0.1120562171737353,0.16458119076202396,0.33438953935283267,0.05792525565164618,0.06457835958124715,0.9753363896222121,nan,nan,nan,nan,nan,nan,nan,66.01151394844055
853,6.185340407921843e-05,0.11133472434679667,0.16425885733386436,0.3333179586354333,0.057785292671825216,0.0644219936276741,0.9754947813685328,nan,nan,nan,nan,nan,nan,nan,66.51461736857891
854,6.116268679130839e-05,0.11136124860743682,0.16425601446100743,0.3333519129271419,0.0577356734941587,0.06453819450766196,0.9754799599453801,nan,nan,nan,nan,nan,nan,nan,65.76282769441605
855,6.047634999849546e-05,0.11161995929479598,0.16422961192345623,0.33375206227694865,0.05774360552268244,0.06441006827492035,0.975480285237445,nan,nan,nan,nan,nan,nan,nan,65.34635980427265
856,5.9794400474646463e-05,0.11144395251572133,0.1642823063931877,0.3334799810813437,0.05776804369594902,0.06451718525261721,0.9754655766954938,nan,nan,nan,nan,nan,nan,nan,65.34496130049229
857,5.911684495032811e-05,0.11204208957155545,0.16468424303026855,0.3343722286683777,0.05781114125322409,0.06459620573509331,0.9753906939766348,nan,nan,nan,nan,nan,nan,nan,65.51885422319174
858,5.844369011273974e-05,0.11183236180742581,0.16437462964648764,0.33406184041383674,0.0578623771810044,0.06457805128205128,0.9753809910483994,nan,nan,nan,nan,nan,nan,nan,65.76766277849674
859,5.7774942605647907e-05,0.11162920296688875,0.16412879187528448,0.3337639728603737,0.057751140646335915,0.06442942072523138,0.9754694522834167,nan,nan,nan,nan,nan,nan,nan,65.53181677311659
860,5.711060902932057e-05,0.11080505513648192,0.16374392364588075,0.3325203836597597,0.05748408921256259,0.06426858200576543,0.9757936737976028,0.13273883640766143,0.18179808119025945,0.364107606111088,0.8615521529358215,0.09157319981793355,0.04687464724624488,0.9685993263541193,65.21755085885525
861,5.6450695940461756e-05,0.11162426602840424,0.1642447144496283,0.3337406800022935,0.057619926566530116,0.06447307783340919,0.9756087197693825,nan,nan,nan,nan,nan,nan,nan,65.47085346281528
862,5.5795209852147226e-05,0.11190562312304973,0.16454954422697618,0.334166519108905,0.05767723987255348,0.06477192171142467,0.9754720169928691,nan,nan,nan,nan,nan,nan,nan,65.47804936021566
863,5.514415723376027e-05,0.11150922648608684,0.1643183816473221,0.33356160774074023,0.05769959277803065,0.0644600540130481,0.9756028135336064,nan,nan,nan,nan,nan,nan,nan,65.56421031802893
864,5.449754451092729e-05,0.11143916788697243,0.16409119061978455,0.33348009136792167,0.057612702169625246,0.06454289667728721,0.9756305458959187,nan,nan,nan,nan,nan,nan,nan,65.65218330174685
865,5.385537806545472e-05,0.11131410851577918,0.16404513299385526,0.33328704508823304,0.05762030040964952,0.06447420664542558,0.9756589591867698,nan,nan,nan,nan,nan,nan,nan,65.31693090498447
866,5.321766423526627e-05,0.11136965755621592,0.16394244762744653,0.33336772576376644,0.05757168502503414,0.0644445832195418,0.9756691888939463,nan,nan,nan,nan,nan,nan,nan,64.98022360354662
867,5.258440931433989e-05,0.11337318116426467,0.16434633609277802,0.33637676248500775,0.057801263541192534,0.06455197572447277,0.9754590040964952,nan,nan,nan,nan,nan,nan,nan,65.52514403313398
868,5.195561955264595e-05,0.11128083707888921,0.16368128903049614,0.3332510240510943,0.05754848733120922,0.06442559732969201,0.9756782242451828,nan,nan,nan,nan,nan,nan,nan,65.55956707894802
869,5.1331301156085604e-05,0.11102341235180696,0.16362033727810651,0.3328579950987974,0.05755114186011227,0.06434609376422394,0.975764322257624,nan,nan,nan,nan,nan,nan,nan,65.51104816794395
870,5.071146028642945e-05,0.1119289504190286,0.16444981055606128,0.3342117669928455,0.05788611986041572,0.06474999605522683,0.975452037020179,nan,nan,nan,nan,nan,nan,nan,65.43436927348375
871,5.009610306125661e-05,0.11129600750406583,0.1639005873444849,0.3332660651405881,0.057600944318009405,0.0644321553633743,0.9757088951600668,nan,nan,nan,nan,nan,nan,nan,65.31480795145035
872,4.948523555389438e-05,0.11104225700100263,0.16370557348088302,0.33288894462965485,0.05759752268244576,0.06432962403277197,0.9757467989682901,nan,nan,nan,nan,nan,nan,nan,65.56223224848509
873,4.887886379335842e-05,0.11098800420264403,0.16359540221514185,0.33281292378949756,0.05749512729479593,0.06431033469883174,0.9757622260658474,nan,nan,nan,nan,nan,nan,nan,65.68404357880354
874,4.827699376429324e-05,0.1128322384605805,0.16401029119253527,0.33556142942479983,0.05761225428614778,0.0642996389015324,0.9756503947807617,nan,nan,nan,nan,nan,nan,nan,65.55550898611546
875,4.7679631406913166e-05,0.11139558051526546,0.16379114199286907,0.3334189431247507,0.05748046487634653,0.06446924958276437,0.9756651445911091,nan,nan,nan,nan,nan,nan,nan,65.55159433186054
876,4.7086782616943313e-05,0.11366745559871197,0.16448519021203156,0.33679312914326587,0.057773290851160675,0.06465251403428918,0.975408939462904,nan,nan,nan,nan,nan,nan,nan,65.72907519340515
877,4.649845324556213e-05,0.11148133572936059,0.16381518505348203,0.3335466605554246,0.05757868972841754,0.06435608799878623,0.9756222060385374,nan,nan,nan,nan,nan,nan,nan,65.58530195057392
878,4.591464909934277e-05,0.1117107762992382,0.16401850569905932,0.3338930783872432,0.05773166439083599,0.06455457806099227,0.9755388450917918,nan,nan,nan,nan,nan,nan,nan,65.7487016543746
879,4.533537594019662e-05,0.11159885228673617,0.16380293355522682,0.3337244213892823,0.057674699438628435,0.06441211712941891,0.9756155120619026,nan,nan,nan,nan,nan,nan,nan,65.52991337329149
880,4.4760639485315624e-05,0.11171321053306262,0.16399763255765437,0.33388623221626185,0.0576510490062206,0.06468600333788499,0.9755435023516917,0.13624087780714034,0.1825640043240783,0.3688427939993577,0.8583237869822485,0.09712222121074192,0.04455399180700956,0.9673475102412381,65.36070308089256
881,4.419044540711689e-05,0.11139440995951494,0.16378724394060082,0.33341571382355806,0.05767541799423456,0.06437574996206949,0.975671104233045,nan,nan,nan,nan,nan,nan,nan,64.9310383349657
882,4.3624799333185675e-05,0.1112937124768893,0.1638827382415415,0.3332487331242054,0.057519874981034745,0.06445275800333788,0.9756762603550296,nan,nan,nan,nan,nan,nan,nan,65.7391832396388
883,4.306370684622038e-05,0.11147553525368373,0.16412462169056288,0.3335356760311497,0.05771339220148688,0.06450721286602944,0.9755276467910787,nan,nan,nan,nan,nan,nan,nan,65.40750366449356
884,4.250717348397714e-05,0.111474297751983,0.16405697436845698,0.3335350673877682,0.05766245607646791,0.06443498588984979,0.9754780834471248,nan,nan,nan,nan,nan,nan,nan,65.81746412068605
885,4.195520473921579e-05,0.11221406059960524,0.16405046321688666,0.33463608126073763,0.05771622636929146,0.06430994629039599,0.9754698334091944,nan,nan,nan,nan,nan,nan,nan,65.49536482989788
886,4.1407806059644906e-05,0.11110297379891078,0.16382596385222273,0.33297929369665574,0.057695320285237446,0.06442076771354878,0.9755056798664846,nan,nan,nan,nan,nan,nan,nan,65.06321826577187
887,4.0864982847868386e-05,0.11154772124687831,0.16383503266765287,0.33365553389719166,0.057762052495827644,0.06443118070095585,0.9753972993475952,nan,nan,nan,nan,nan,nan,nan,64.81322383135557
888,4.032674046133242e-05,0.11128376217683156,0.1637224788442573,0.33323856960231396,0.05765325929297527,0.06439624457593689,0.9754998950083447,nan,nan,nan,nan,nan,nan,nan,63.94785299152136
889,3.979308421227186e-05,0.1109361097117265,0.16354031342929753,0.33273170805673313,0.05756685662266727,0.06432425549992414,0.9755610304961311,nan,nan,nan,nan,nan,nan,nan,63.4395322650671
890,3.926401936765854e-05,0.11096380350987116,0.1635811355351995,0.3327746389659361,0.05757894219390077,0.0643133218024579,0.9755928205128205,nan,nan,nan,nan,nan,nan,nan,63.49977554380894
891,3.873955114914877e-05,0.11101293812692166,0.16358296096002123,0.3328562979699198,0.057670361401911695,0.06425703413746017,0.9755604673038992,nan,nan,nan,nan,nan,nan,nan,63.63934586942196
892,3.8219684733032144e-05,0.11147974113126596,0.164005934569868,0.3335368296088836,0.057721682294037326,0.06460580427856168,0.9753977144591109,nan,nan,nan,nan,nan,nan,nan,63.402201645076275
893,3.7704425250180505e-05,0.11175408295790354,0.16413820209376423,0.3339515262361802,0.0579548463055682,0.06455957760582613,0.9753109355181308,nan,nan,nan,nan,nan,nan,nan,63.58790308982134
894,3.7193777785996756e-05,0.11124593629936377,0.16364246067554242,0.33320439676498403,0.05762713032923684,0.06433888029130633,0.9754948906084054,nan,nan,nan,nan,nan,nan,nan,63.472531013190746
895,3.668774738036516e-05,0.11142786978185176,0.16393540506941284,0.3334523713802322,0.05774666302533758,0.0644586181156122,0.9754446876043089,nan,nan,nan,nan,nan,nan,nan,63.465768322348595
896,3.618633902760168e-05,0.11301423015693823,0.1640188102146867,0.33583314100535006,0.057690951904111665,0.0643658127749962,0.9754327391898043,nan,nan,nan,nan,nan,nan,nan,63.816512413322926
897,3.5689557676404286e-05,0.11267203863461812,0.16401136597253832,0.3353284000801016,0.05760858504020634,0.06441774055530268,0.9754125722955546,nan,nan,nan,nan,nan,nan,nan,63.7095914632082
898,3.51974082298042e-05,0.1116099805533886,0.16386347605636473,0.3337484132080926,0.057680544985586404,0.06437613472917615,0.9754318604157184,nan,nan,nan,nan,nan,nan,nan,63.73366844654083
899,3.470989554511803e-05,0.11076919178664685,0.163506107343347,0.3324731356354163,0.057541548171749356,0.06425062903959945,0.9756133224093461,nan,nan,nan,nan,nan,nan,nan,63.66486241668463
900,3.422702443389908e-05,0.11118726024528344,0.16368934911242602,0.3331035134977703,0.05762805765437718,0.06436783249886209,0.9755058461538462,0.1333641627430916,0.18090080735093308,0.36495503729927303,0.8607936276741011,0.0931980700955849,0.04600830223031407,0.9681533727810651,63.70769789069891
901,3.37487996618902e-05,0.11311015336215496,0.16411620708162647,0.3359871303670769,0.05786284569868002,0.06430331421635564,0.9753923082991959,nan,nan,nan,nan,nan,nan,nan,63.83713989704847
902,3.3275225948976796e-05,0.11127566496034463,0.16363465568578364,0.333244727844865,0.057724550447580035,0.06430587892580791,0.9754865422545896,nan,nan,nan,nan,nan,nan,nan,63.9384778290987
903,3.280630796914032e-05,0.11116814965506394,0.16362816486496737,0.33308367587737003,0.05765445243513882,0.0642954962828099,0.9755278082233348,nan,nan,nan,nan,nan,nan,nan,64.59472559392452
904,3.234205035041182e-05,0.1112613822122415,0.1639575663594295,0.3332049082206776,0.057886016689424974,0.06431798513123957,0.9754653630708542,nan,nan,nan,nan,nan,nan,nan,64.55344937741756
905,3.188245767482667e-05,0.11196928139030933,0.1641166572409346,0.3342751108921902,0.05788091033227128,0.06445116552875133,0.9753190823850706,nan,nan,nan,nan,nan,nan,nan,65.71895308047533
906,3.1427534478378964e-05,0.1135378151088953,0.16455592365536337,0.33660813651103283,0.05804576422394174,0.06451446396601426,0.975222516765286,nan,nan,nan,nan,nan,nan,nan,65.43054724484682
907,3.097728525097708e-05,0.11113072609901428,0.16363851753337885,0.3330293540885634,0.05785560188135336,0.06420313882567137,0.9754988584433318,nan,nan,nan,nan,nan,nan,nan,65.66479639708996
908,3.053171443639904e-05,0.11108450246353944,0.1636093067061144,0.33295192909698273,0.0576476892732514,0.06433415627370657,0.9755347170383857,nan,nan,nan,nan,nan,nan,nan,65.64119140803814
909,3.0090826432248907e-05,0.11086861198147138,0.16346935535199514,0.3326306760045644,0.057708749506903356,0.06418610104688212,0.9755995921711424,nan,nan,nan,nan,nan,nan,nan,65.68730469793081
910,2.9654625589913264e-05,0.11098336610198022,0.16355201255499924,0.3327982935708188,0.05764936792595964,0.06419689880139584,0.9755687197693825,nan,nan,nan,nan,nan,nan,nan,66.28425073623657
911,2.9223116214518397e-05,0.11157240132987499,0.16403376113260507,0.33369203617929305,0.0579510775299651,0.06430854923380368,0.9753794653315127,nan,nan,nan,nan,nan,nan,nan,66.06813424825668
912,2.87963025648876e-05,0.11037513443827629,0.16317222800978606,0.33189551291160707,0.05751326839629798,0.06389199332423001,0.975765060233652,nan,nan,nan,nan,nan,nan,nan,65.59206595271826
913,2.83741888534992e-05,0.1113044293820858,0.1640010898668639,0.33326212143052614,0.05772999544833864,0.0644156358670915,0.9754563665604612,nan,nan,nan,nan,nan,nan,nan,65.63217603415251
914,2.7956779246445272e-05,0.11117745803793272,0.16372858282127142,0.3330766302081334,0.057696707631618875,0.06426217812168109,0.9755405735093309,nan,nan,nan,nan,nan,nan,nan,65.67210831493139
915,2.7544077863390085e-05,0.1109488231986761,0.1636954199476559,0.3327455364807593,0.05765439174632074,0.06418312365346684,0.9755752243969049,nan,nan,nan,nan,nan,nan,nan,65.3734016790986
916,2.713608877752951e-05,0.11138135108351707,0.1637018016613564,0.3333960262836885,0.057751049613108785,0.0642380251858595,0.97550458382643,nan,nan,nan,nan,nan,nan,nan,65.32264094799757
917,2.673281601555126e-05,0.11133206965525945,0.16380662483879532,0.33332165492647214,0.05778977393415263,0.0643795150963435,0.9754327306933698,nan,nan,nan,nan,nan,nan,nan,65.650660417974
918,2.6334263557594757e-05,0.11102349925041198,0.16363584457972993,0.3328632723110133,0.057754178728569264,0.06422661204673039,0.9755497059626764,nan,nan,nan,nan,nan,nan,nan,65.60385077446699
919,2.5940435337211733e-05,0.11333204181989034,0.1642223140361857,0.3363147407131718,0.05787439842209073,0.06435799848277955,0.975383302078592,nan,nan,nan,nan,nan,nan,nan,65.66813614964485
920,2.55513352413277e-05,0.11096630169947942,0.16361054881656806,0.3327776936493917,0.05758385677438932,0.06432948566226673,0.9755873099681384,0.13391230776906013,0.1843299869139736,0.36573997609631004,0.8603618752844788,0.09374721893491124,0.04589090578060992,0.9679660992262176,65.47533106803894
921,2.5166967110203602e-05,0.11105731356143951,0.16370076088605676,0.3329081525394566,0.05777327992717342,0.06414513973600364,0.9755489971172812,nan,nan,nan,nan,nan,nan,nan,65.49232848733664
922,2.478733473739771e-05,0.11178556767106056,0.16404363289902898,0.33401066368355914,0.05797525352753755,0.0643642506448187,0.9753179535730542,nan,nan,nan,nan,nan,nan,nan,65.61791823804379
923,2.4412441869728235e-05,0.11262086596588294,0.16380003395729023,0.33526724651886314,0.05777481656804734,0.06418774814140495,0.9754976191776665,nan,nan,nan,nan,nan,nan,nan,65.67669039219618
924,2.4042292207236456e-05,0.1116912317276001,0.16385437845167652,0.33387109357115924,0.05785716037020179,0.06433283568502503,0.9754277930511304,nan,nan,nan,nan,nan,nan,nan,65.636015817523
925,2.3676889403150176e-05,0.11110390158494314,0.1635114571669701,0.33298689695747025,0.05768260961917766,0.06422018874222425,0.9755483125474131,nan,nan,nan,nan,nan,nan,nan,65.76742351055145
926,2.3316237063847446e-05,0.110843612631162,0.1632023689690487,0.3326003177710888,0.057476652404794416,0.06406928842360796,0.9756562476103778,nan,nan,nan,nan,nan,nan,nan,65.55714032053947
927,2.2960338748821335e-05,0.11127193184693654,0.16367702687376726,0.3332294588639774,0.0577284976483083,0.06424782521620391,0.9755102169625246,nan,nan,nan,nan,nan,nan,nan,63.63604998588562
928,2.2609197970644337e-05,0.11076664712528388,0.16334920220755575,0.3324747685292523,0.05755889910483993,0.06410687907752996,0.9756446548323472,nan,nan,nan,nan,nan,nan,nan,63.469037890434265
929,2.2262818194934498e-05,0.11129751429458459,0.1637934299992414,0.3332662758680723,0.057898258837809136,0.06423316279775451,0.9754598816568048,nan,nan,nan,nan,nan,nan,nan,63.44696381688118
930,2.192120284032014e-05,0.11097259679933388,0.1636107307787134,0.3327706864184665,0.057685506903353057,0.06433024184494007,0.9755763265058413,nan,nan,nan,nan,nan,nan,nan,63.46583943068981
931,2.15843552784069e-05,0.11159977472821872,0.16391793676983765,0.33371710499688373,0.057768799878622365,0.06444241541495979,0.975391671066606,nan,nan,nan,nan,nan,nan,nan,63.71621632575989
932,2.125227883374429e-05,0.11091066260139147,0.16353352620998332,0.3326866021945241,0.057762027006524046,0.0641865040206342,0.9755813673190714,nan,nan,nan,nan,nan,nan,nan,64.87832435965538
933,2.092497678379281e-05,0.11127986023326715,0.16371524315354272,0.33324301264567546,0.057729381277499624,0.06431279745106964,0.9754836935214687,nan,nan,nan,nan,nan,nan,nan,64.72553304582834
934,2.060245235889139e-05,0.11146760444839796,0.16382081963093612,0.33354118143414724,0.057829707176452735,0.06440306235776058,0.9754253108784706,nan,nan,nan,nan,nan,nan,nan,64.93826138228178
935,2.0284708742225964e-05,0.11130880426863829,0.16367608606433015,0.3332928728336421,0.05769465999089668,0.0643164217872857,0.9754803871946593,nan,nan,nan,nan,nan,nan,nan,65.07117062062025
936,1.9971749069797864e-05,0.11133411253492037,0.163690820806782,0.33333047312344416,0.0577154993172508,0.06434643969048703,0.9754637778789258,nan,nan,nan,nan,nan,nan,nan,65.95847449451685
937,1.9663576430392626e-05,0.11185057004789511,0.1640567220546958,0.3341002131268884,0.05790205431649219,0.06450583644363526,0.9752627364588075,nan,nan,nan,nan,nan,nan,nan,64.83727536350489
938,1.9360193865549737e-05,0.11099742084741593,0.1634779162304658,0.33282176001696534,0.0576513597329692,0.06423895008344713,0.9755252289485662,nan,nan,nan,nan,nan,nan,nan,64.6536791101098
939,1.9061604369532646e-05,0.11141947029034296,0.16389149033720224,0.3334435469227296,0.057708863601881356,0.06447074131391291,0.9753703365194962,nan,nan,nan,nan,nan,nan,nan,65.41455180943012
940,1.8767810889299133e-05,0.11106702229877313,0.16359114229631316,0.332928232501691,0.057708230010620545,0.06427871825216204,0.9754864427249279,0.1327411238849163,0.1808741949248976,0.3641201116481283,0.8612767592171142,0.09196293126991352,0.046760309512972234,0.9683651160673646,63.48593359440565
941,1.8478816324472356e-05,0.11115260056654612,0.16358796521772115,0.3330610789169098,0.05763827522379002,0.06441739098771052,0.9754705058412988,nan,nan,nan,nan,nan,nan,nan,64.2091512158513
942,1.819462352731183e-05,0.11090305214126905,0.16350791914163254,0.332687532287785,0.05763503079957518,0.06430624670004552,0.97552687240176,nan,nan,nan,nan,nan,nan,nan,65.50371489673853
943,1.7915235302685892e-05,0.11050962360699972,0.16318319072409346,0.3320873477968105,0.057454060385374,0.06403773509330905,0.9756732514034289,nan,nan,nan,nan,nan,nan,nan,65.55652651190758
944,1.76406544080434e-05,0.11113947496811549,0.16377020408511606,0.3330304636628146,0.057605633136094674,0.06446924594143529,0.975480030344409,nan,nan,nan,nan,nan,nan,nan,65.70171459764242
945,1.7370883553386974e-05,0.11098538227379322,0.1636429795554544,0.33279663528791753,0.05758133576088606,0.06437983067819754,0.9755479447731755,nan,nan,nan,nan,nan,nan,nan,65.66670573502779
946,1.7105925401246002e-05,0.11188219554225604,0.1640292350743438,0.3341500809001576,0.05774948748293127,0.0645449952966166,0.9753196395084206,nan,nan,nan,nan,nan,nan,nan,65.7771130874753
947,1.684578256665055e-05,0.11082718593875567,0.1633353358177818,0.33257636723073997,0.057509105143377336,0.06418234319526628,0.9756065349719314,nan,nan,nan,nan,nan,nan,nan,65.71191100776196
948,1.6590457617105354e-05,0.1107001596937577,0.16337815445304202,0.3323676333359059,0.05754046669701107,0.0640924849036565,0.9756261568805947,nan,nan,nan,nan,nan,nan,nan,66.40854982286692
949,1.633995307256455e-05,0.11127632296085357,0.16394750692231833,0.33322271024862066,0.057768368988013956,0.06428286815354271,0.9754810656956456,nan,nan,nan,nan,nan,nan,nan,67.12394760549068
950,1.609427140540689e-05,0.11097317085663477,0.1638506349852071,0.3327627623392657,0.05754090608405401,0.0643275593991807,0.9755443702017903,nan,nan,nan,nan,nan,nan,nan,65.60645295679569
951,1.5853415040411214e-05,0.11099061341583728,0.16378388860757093,0.3328005980483983,0.057610650887573965,0.06416316431497497,0.9755544882415415,nan,nan,nan,nan,nan,nan,nan,65.68396121263504
952,1.5617386354732623e-05,0.11149781982600689,0.16429828774085875,0.33356233351027953,0.057878587164314974,0.0644905610681232,0.9753544251251707,nan,nan,nan,nan,nan,nan,nan,65.55114290863276
953,1.5386187677878943e-05,0.11098891785244147,0.16385446481945076,0.3327976290419699,0.05752020634198149,0.06429522318312851,0.9755489582764376,nan,nan,nan,nan,nan,nan,nan,66.53854151815176
954,1.5159821291687814e-05,0.11054573884109656,0.1634155014982552,0.33214178837731567,0.05738689242906994,0.06407725565164618,0.9756862036109847,nan,nan,nan,nan,nan,nan,nan,65.92571967840195
955,1.4938289430304044e-05,0.11072479255497455,0.16363902256865423,0.3324028797072615,0.057450599908966775,0.06417098588984979,0.9756272007282658,nan,nan,nan,nan,nan,nan,nan,66.3245030194521
956,1.4721594280157686e-05,0.1113156698991855,0.16402549582764375,0.3333002751135949,0.05775425762403277,0.06436451767561827,0.9754138783189198,nan,nan,nan,nan,nan,nan,nan,65.50765225291252
957,1.450973797994238e-05,0.11088358478744825,0.16369261051054468,0.3326456810467616,0.05748490365650129,0.06427865999089667,0.9755900555302686,nan,nan,nan,nan,nan,nan,nan,65.16369996964931
958,1.4302722620594259e-05,0.11160470161338647,0.1643242375682749,0.3337260802405453,0.05779973661052951,0.06454533272644515,0.9753349173114854,nan,nan,nan,nan,nan,nan,nan,65.48327805101871
959,1.4100550245271438e-05,0.11105999096731345,0.16386977321347293,0.33290137383937307,0.05761370110757093,0.06422663025337581,0.9755310562888788,nan,nan,nan,nan,nan,nan,nan,65.72439481317997
960,1.3903222849333525e-05,0.11091072374085585,0.1637344605712335,0.3326800603499258,0.057570894856622666,0.06413944712486724,0.9755973733879533,0.13396745592355727,0.18142532914201184,0.3657858391549741,0.8603295766954938,0.09401729631315431,0.04565312699135184,0.9678847519344561,65.7782659009099
961,1.3710742380322275e-05,0.11168469408651192,0.16412888820930055,0.3338477374112021,0.0577480758610226,0.06431548111060537,0.9753727543620088,nan,nan,nan,nan,nan,nan,nan,65.42619279772043
962,1.3523110737942293e-05,0.11110053724050521,0.16381260327529965,0.3329741663975836,0.0576704439387043,0.06421460779851312,0.9755252034592626,nan,nan,nan,nan,nan,nan,nan,65.67277569323778
963,1.334032977404203e-05,0.1114187351067861,0.16397569413783947,0.33344531827277263,0.0576703359126081,0.06440465240479441,0.9753923265058413,nan,nan,nan,nan,nan,nan,nan,65.61834736913443
964,1.3162401292595862e-05,0.11102239139874777,0.1636992862994993,0.33285559747591964,0.057574346836595354,0.06415862964648764,0.9755414219390077,nan,nan,nan,nan,nan,nan,nan,65.5762659907341
965,1.2989327049686062e-05,0.11143333682914575,0.16410388673949325,0.3334696051791325,0.05767531118191473,0.06457240843574572,0.9753930911849492,nan,nan,nan,nan,nan,nan,nan,65.69024083763361
966,1.2821108753485548e-05,0.11163463222980499,0.1642249888863602,0.3337725486928546,0.05779486815354271,0.06447064057047489,0.9753488089819451,nan,nan,nan,nan,nan,nan,nan,66.4683802947402
967,1.2657748064241012e-05,0.11116550893584887,0.1639861075519648,0.33305610290071447,0.05769116674252769,0.06426027006524047,0.9754626684873312,nan,nan,nan,nan,nan,nan,nan,65.0196448713541
968,1.2499246594256428e-05,0.11277396921813489,0.1641279542273555,0.3354738100442011,0.05769441359429525,0.06427212137763617,0.9754283841602185,nan,nan,nan,nan,nan,nan,nan,65.42955991625786
969,1.2345605907877394e-05,0.11162369448443255,0.16431080717076316,0.33374482072607176,0.05787908481262327,0.06450340524958277,0.9753316789561524,nan,nan,nan,nan,nan,nan,nan,65.40627443790436
970,1.2196827521475414e-05,0.11285924292107423,0.16413513119215598,0.33559611569339554,0.057531042937338794,0.06438737429828555,0.9754822491275983,nan,nan,nan,nan,nan,nan,nan,65.44756969809532
971,1.2052912903433114e-05,0.11114222409327824,0.16369769818692156,0.33304748409117263,0.057735434380215445,0.06426741799423456,0.9754759605522683,nan,nan,nan,nan,nan,nan,nan,65.52294401824474
972,1.1913863474129623e-05,0.11105580505728721,0.1637633143775603,0.33291002572746126,0.05765047731755424,0.06418845213169473,0.9755202221210741,nan,nan,nan,nan,nan,nan,nan,65.74418266862631
973,1.1779680605926778e-05,0.11066593954960505,0.16351366980541648,0.33231644559956824,0.05749801729631315,0.06419466788044303,0.9756295178273403,nan,nan,nan,nan,nan,nan,nan,65.64780615270138
974,1.1650365623155226e-05,0.11124357702334722,0.16390079211235017,0.3331897591888426,0.05772373721741769,0.06427732847822788,0.9754635727507207,nan,nan,nan,nan,nan,nan,nan,65.66305463761091
975,1.1525919802101667e-05,0.11097388350466887,0.16368361156311637,0.3327821827888703,0.05762117796995903,0.06429603762706722,0.975520540130481,nan,nan,nan,nan,nan,nan,nan,65.53665824979544
976,1.1406344370996111e-05,0.11105123782654604,0.1635778306971628,0.3329145622097361,0.057475811257775754,0.06435898406918525,0.9755195047792444,nan,nan,nan,nan,nan,nan,nan,65.68661168962717
977,1.129164050999978e-05,0.11076900060474873,0.1633647012308451,0.3324813243383695,0.05745507631618874,0.06417301289637384,0.9756263340919435,nan,nan,nan,nan,nan,nan,nan,64.94652801007032
978,1.118180935119352e-05,0.11076073417564233,0.1634185731015779,0.33246628135972256,0.057449086329843725,0.0641288812016386,0.9755963380367167,nan,nan,nan,nan,nan,nan,nan,65.95032088458538
979,1.1076851978566473e-05,0.11193841761350631,0.1641478144060082,0.3342357348232308,0.05791709057806099,0.06440281110605371,0.9752859948414505,nan,nan,nan,nan,nan,nan,nan,65.61939777433872
980,1.0976769428005584e-05,0.11227670705815156,0.1638146132699894,0.33474259025351305,0.05767179365801851,0.06417587498103475,0.9754906436049158,0.1328745372593403,0.18192257026627218,0.36431453376421086,0.8612101957214383,0.091846117432863,0.04694368684569868,0.9683115157032317,65.50564371794462
981,1.0881562687285163e-05,0.11099315227071445,0.16367778000303443,0.33280788104404174,0.05760746957972993,0.06429693582157488,0.975528197845547,nan,nan,nan,nan,nan,nan,nan,65.15247769653797
982,1.079123269605737e-05,0.11117954899867376,0.16385138398953117,0.33308915244641224,0.05768611500531027,0.06438825307237142,0.9754622849340009,nan,nan,nan,nan,nan,nan,nan,65.0874318704009
983,1.0705780345842657e-05,0.11110135700802008,0.16365816464686694,0.3329864768360565,0.05765089971172811,0.06427942831133364,0.9754757505689576,nan,nan,nan,nan,nan,nan,nan,66.561074398458
984,1.0625206480021358e-05,0.11098847693701586,0.16353571000227582,0.3328130712517081,0.057615575178273405,0.06408817599757245,0.9755451458048855,nan,nan,nan,nan,nan,nan,nan,66.647380374372
985,1.0549511893824902e-05,0.11134469482302665,0.16376615474700348,0.333345379793893,0.0577164120770748,0.06427621787285692,0.9754342649066909,nan,nan,nan,nan,nan,nan,nan,65.39291281998158
986,1.0478697334328274e-05,0.11131671279172102,0.16380336461652253,0.3332976460944866,0.057578738279472005,0.06451104111667426,0.9754245777575482,nan,nan,nan,nan,nan,nan,nan,66.30186104029417
987,1.0412763500442658e-05,0.11164025356372198,0.16407388051888938,0.33379426886786423,0.05778044120770748,0.06455526384463663,0.9753186818388712,nan,nan,nan,nan,nan,nan,nan,66.1101887524128
988,1.0351711042908346e-05,0.11211974867681662,0.16368274357077833,0.3345137138949554,0.05760136913973601,0.06414960764679108,0.9755285838264299,nan,nan,nan,nan,nan,nan,nan,65.76496459543705
989,1.0295540564288417e-05,0.11100007895628611,0.16354012490517372,0.3328336513193589,0.057514806250948264,0.06428121013503262,0.9755549616143225,nan,nan,nan,nan,nan,nan,nan,65.49433153122663
990,1.024425261896286e-05,0.1126352563748757,0.16370751814026704,0.33528097727446615,0.05760895281444394,0.06414256531634047,0.9755088126232742,nan,nan,nan,nan,nan,nan,nan,65.9377691373229
991,1.0197847713123016e-05,0.11244476709763208,0.16382179537437414,0.3349942104589315,0.05761521104536489,0.06418555120619025,0.9754947874374147,nan,nan,nan,nan,nan,nan,nan,66.9804407954216
992,1.0156326304766531e-05,0.11097820134957631,0.16354247309778486,0.33279888267587304,0.0576147352450311,0.0642379426490669,0.9755468329540282,nan,nan,nan,nan,nan,nan,nan,66.35633028298616
993,1.01196888036929e-05,0.11150020743906498,0.16397413920497647,0.33357255779559,0.05769085844333181,0.06448356607495069,0.9753665191928387,nan,nan,nan,nan,nan,nan,nan,66.68393371999264
994,1.0087935571499563e-05,0.11179994317889214,0.1639821962619481,0.33402157429019275,0.05783805795782127,0.06427312638446367,0.9753489522075558,nan,nan,nan,nan,nan,nan,nan,66.73927429318428
995,1.006106692157801e-05,0.11123791178067526,0.1638012607722652,0.33317755635936697,0.05767266029434077,0.06441917159763313,0.9754456998937946,nan,nan,nan,nan,nan,nan,nan,66.6347736865282
996,1.0039083119111025e-05,0.11265109200278918,0.1637969803709604,0.33529146031486445,0.0576364278561675,0.06409634956759216,0.9755132890304962,nan,nan,nan,nan,nan,nan,nan,66.51377917826176
997,1.0021984381069836e-05,0.11122130278746287,0.16369767644325595,0.33315500916568525,0.05750991473221059,0.06439047671066606,0.9754761134880898,nan,nan,nan,nan,nan,nan,nan,66.47789939492941
998,1.000977087621213e-05,0.11083921783665816,0.163381542320968,0.3325908761091834,0.057492788347746925,0.06418494674556213,0.9755725905022,nan,nan,nan,nan,nan,nan,nan,66.40974087268114
999,1.0002442725080185e-05,0.11111618549128373,0.16371591250379305,0.3330036535894722,0.05762988681535427,0.06433984645729024,0.975486476710666,nan,nan,nan,nan,nan,nan,nan,66.5630652308464
1000,1e-05,0.11092916842798392,0.1636239056383705,0.332717623622089,0.05761592838719466,0.06428640024275527,0.9755260943711122,0.1335148872435093,0.18068375995675923,0.3651407316328323,0.8607608921256259,0.09311417387346381,0.046124934000910334,0.9680399089667728,66.51132464408875
