epoch,lr,train_loss,train_mae,train_rmse,train_under_rate,train_over_rate,train_within_1,test_loss,test_mae,test_rmse,test_rounded_accuracy,test_under_rate,test_over_rate,test_within_1,epoch_time_sec
1,0.0009999975572749199,2.016198724110921,0.8937133729229978,1.418588049151104,0.29085099500049016,0.2202465771329608,0.7174127046368003,nan,nan,nan,nan,nan,nan,nan,5.829255141317844
2,0.0009999902291237877,0.7594534489313761,0.5841724982793762,0.8712731016113218,0.21652602686011174,0.1960804823056563,0.8157576054635166,nan,nan,nan,nan,nan,nan,nan,3.0849835500121117
3,0.00099997801561893,0.6162105451424916,0.5301106240477853,0.7845492837111953,0.2072836323236284,0.18588226644446623,0.8374657386530733,nan,nan,nan,nan,nan,nan,nan,3.21056055277586
4,0.000999960916880889,0.5544972538948059,0.5041181121438257,0.7441927529098378,0.2009094533215698,0.18063268307028724,0.849160245727543,nan,nan,nan,nan,nan,nan,nan,3.3671001568436623
5,0.000999938933078422,0.5148776338895162,0.4859815889424648,0.717155794795466,0.19749544162337027,0.17431170146717642,0.8568564519818318,nan,nan,nan,nan,nan,nan,nan,3.22861211001873
6,0.0009999120644285004,0.48947020626068116,0.4752626451808238,0.6992406950778938,0.191467764598242,0.17515377577361696,0.8622569029180146,nan,nan,nan,nan,nan,nan,nan,2.9961037784814835
7,0.000999880311196307,0.47053908530871075,0.4667632509731481,0.6855664187113286,0.18960575760546353,0.1723577100284286,0.8666275855308303,nan,nan,nan,nan,nan,nan,nan,3.2891829684376717
8,0.0009998436736952333,0.4539226183891296,0.45875171973029605,0.6733607874767467,0.18828631179949679,0.16946090252589616,0.8706603274188806,nan,nan,nan,nan,nan,nan,nan,3.118754245340824
9,0.0009998021522868768,0.4399515961011251,0.4514170378516812,0.6629215292217193,0.18873460118289057,0.1645374963238898,0.874323987844329,nan,nan,nan,nan,nan,nan,nan,2.867448054254055
10,0.000999755747381037,0.43118356426556903,0.44696640456511616,0.6563116271422403,0.18463049374244356,0.16568963827075778,0.8769281116230435,nan,nan,nan,nan,nan,nan,nan,3.0038841739296913
11,0.0009997044594357114,0.42108140436808267,0.44148109675215663,0.6485614769103485,0.18420256184034245,0.16338025683756494,0.8795293271901448,nan,nan,nan,nan,nan,nan,nan,2.9624166786670685
12,0.0009996482889570914,0.41275337791442873,0.43660978300993775,0.6421045062384904,0.1823905826226187,0.16185086429435022,0.8817062706270627,nan,nan,nan,nan,nan,nan,nan,3.22352097928524
13,0.000999587236499557,0.40987665629386905,0.4348630237946443,0.6398807023965905,0.18120573146423552,0.16182704310034965,0.8829151717151913,nan,nan,nan,nan,nan,nan,nan,3.180666007101536
14,0.0009995213026656716,0.40624328176180524,0.43338585741696073,0.6369951448501835,0.18025458288403098,0.16192608567787473,0.8833522530470869,nan,nan,nan,nan,nan,nan,nan,3.079910673201084
15,0.000999450488106175,0.3981681102911631,0.4291556656516518,0.6306962215441001,0.17724389765709245,0.16243100349638925,0.8860364343365029,nan,nan,nan,nan,nan,nan,nan,2.971197247505188
16,0.0009993747935199786,0.39340533725420634,0.4262778170491864,0.6268490486986525,0.17829451360977683,0.15928340358788354,0.8871449204326374,nan,nan,nan,nan,nan,nan,nan,3.032413348555565
17,0.0009992942196541572,0.3904602912267049,0.42500221255881776,0.6244939988635453,0.17907930595039703,0.15814988726595433,0.8880972453681012,nan,nan,nan,nan,nan,nan,nan,3.1284062787890434
18,0.0009992087673039425,0.3869550274213155,0.42319036072852334,0.6217342764449513,0.17788863836878738,0.15863595072378525,0.8887482272979773,nan,nan,nan,nan,nan,nan,nan,2.9905235692858696
19,0.0009991184373127147,0.38332725381851196,0.4211686309604042,0.618777490999836,0.17672649740221547,0.15816452635362546,0.889922295199817,nan,nan,nan,nan,nan,nan,nan,3.176763206720352
20,0.0009990232305719941,0.3800145218372345,0.4188657008453011,0.616069764002471,0.17683779368035812,0.15600375780152273,0.8911849165114532,nan,nan,nan,nan,nan,nan,nan,3.0687727630138397
21,0.0009989231480214333,0.3765014162858327,0.41740724567699655,0.6131847284372384,0.17725356991144658,0.1554879260203248,0.8920035617423129,nan,nan,nan,nan,nan,nan,nan,3.2831149846315384
22,0.000998818190648806,0.37608277662595113,0.41728610552886974,0.6128986978701868,0.17535280854818155,0.15686305264189784,0.8923262752017777,nan,nan,nan,nan,nan,nan,nan,3.0648157745599747
23,0.00099870835949,0.3731071126461029,0.41484643560271867,0.6104603229567387,0.17509149429794466,0.15549707545011926,0.8934340424141424,nan,nan,nan,nan,nan,nan,nan,3.0947086587548256
24,0.0009985936556290034,0.3671546692053477,0.4119871483570851,0.6055823101032206,0.1737679312485704,0.15508972976505572,0.8947381629252034,nan,nan,nan,nan,nan,nan,nan,3.034436874091625
25,0.0009984740801978979,0.36462624963124596,0.4110692276645672,0.6034816707134276,0.17390409436983303,0.1544946900630657,0.8956195471032252,nan,nan,nan,nan,nan,nan,nan,3.1876089572906494
26,0.0009983496343768442,0.36603792071342467,0.41191451346171126,0.6046677342916259,0.17329408881482208,0.1552905924255792,0.8950825409273601,nan,nan,nan,nan,nan,nan,nan,3.0212489664554596
27,0.0009982203193940726,0.3633977189858755,0.41009638620498806,0.602475818974203,0.17287971767473778,0.1545034473744404,0.8959744142731105,nan,nan,nan,nan,nan,nan,nan,3.2331023290753365
28,0.0009980861365258698,0.36077330048878986,0.4087692130367121,0.6002771483112294,0.17313129431755056,0.153937195699768,0.8968646211155769,nan,nan,nan,nan,nan,nan,nan,3.153630957007408
29,0.0009979470870965664,0.3575634291966756,0.40675285894152535,0.5976132446944337,0.17193990785217136,0.15296425187073162,0.8977693690161095,nan,nan,nan,nan,nan,nan,nan,3.3269727528095245
30,0.000997803172478524,0.35553001109759014,0.40532358372749405,0.5958632882368142,0.17240064699539262,0.15174920759402674,0.8985390647975688,nan,nan,nan,nan,nan,nan,nan,3.173627220094204
31,0.0009976543940921222,0.3535534307161967,0.4042967871179909,0.5942456298354666,0.17080978988988008,0.15279766689540242,0.8988951083227135,nan,nan,nan,nan,nan,nan,nan,3.4343793392181396
32,0.000997500753405743,0.35750559258461,0.4055965395038885,0.5975902338300294,0.17106832663464366,0.1534423422540274,0.8981951115903669,nan,nan,nan,nan,nan,nan,nan,2.9267764911055565
33,0.0009973422519357583,0.3514267286459605,0.40276860839317224,0.5924610829140857,0.1707395026631376,0.15159327516910107,0.8997267261379603,nan,nan,nan,nan,nan,nan,nan,2.9874017760157585
34,0.0009971788912465137,0.3510844785372416,0.40229433771811585,0.5921757862974486,0.17060405842564455,0.15150040845668725,0.9004350880632618,nan,nan,nan,nan,nan,nan,nan,3.3621993884444237
35,0.0009970106729503133,0.34914405171076457,0.40162661340391465,0.5905092705049831,0.17099179818971996,0.150907427376401,0.9005292945136097,nan,nan,nan,nan,nan,nan,nan,3.8935616463422775
36,0.0009968375987074035,0.3469833114147186,0.3997011033946835,0.5887015230193329,0.17005757605463517,0.15073283665000164,0.901261248897167,nan,nan,nan,nan,nan,nan,nan,3.2574130073189735
37,0.0009966596702259572,0.3470480972131093,0.40002690785012907,0.588763245403268,0.16963310786524197,0.1512071038787047,0.901385256347417,nan,nan,nan,nan,nan,nan,nan,3.2984154522418976
38,0.000996476889262057,0.3468529409567515,0.39953856852269387,0.5886201036851145,0.16899147142437015,0.15155278894226057,0.9015013887527367,nan,nan,nan,nan,nan,nan,nan,3.048878103494644
39,0.0009962892576196771,0.34670341237386065,0.3991366828185758,0.588479139289606,0.16910838806652942,0.15097761657353853,0.901497500245074,nan,nan,nan,nan,nan,nan,nan,3.0908120423555374
40,0.000996096777150666,0.34318262100219726,0.3976341150939042,0.5855019722268279,0.16860915596510145,0.15042090644708034,0.9025613501944254,nan,nan,nan,nan,nan,nan,nan,3.1729735508561134
41,0.000995899449754728,0.3432161723772685,0.39691060733935396,0.585508931905569,0.16928820703852562,0.1499061203150018,0.9024630918537399,nan,nan,nan,nan,nan,nan,nan,3.2698270082473755
42,0.000995697277379405,0.3391491335233053,0.3949861857395517,0.5820804341973257,0.16732284416560467,0.15046142535045584,0.9040190830964284,nan,nan,nan,nan,nan,nan,nan,3.316611684858799
43,0.000995490262020057,0.3390555237134298,0.3945331680870748,0.5819833118539786,0.16760020259451688,0.14972786981668465,0.9038093324183903,nan,nan,nan,nan,nan,nan,nan,3.3104257211089134
44,0.0009952784057198417,0.3382990929285685,0.39409905553326063,0.5813471543933324,0.16711639381759957,0.1501241054798549,0.904264516550665,nan,nan,nan,nan,nan,nan,nan,3.3062203153967857
45,0.0009950617105696953,0.3358197189966838,0.39282639110136264,0.5791889576879407,0.16739153024213313,0.14908705028918734,0.9049336993105251,nan,nan,nan,nan,nan,nan,nan,3.2863527461886406
46,0.0009948401787083115,0.33474008870124816,0.39169262191921544,0.5782915467450775,0.16689327843675456,0.14896833643760415,0.9053439205306669,nan,nan,nan,nan,nan,nan,nan,3.173995167016983
47,0.0009946138123221205,0.33628416395187377,0.39258323670779827,0.5796133547683301,0.1668133843087279,0.14913217658399502,0.9050398653726759,nan,nan,nan,nan,nan,nan,nan,3.382188096642494
48,0.0009943826136452668,0.3334348328113556,0.3909641975587565,0.5771356739100488,0.166047936476816,0.14912819004672745,0.9056583668267817,nan,nan,nan,nan,nan,nan,nan,3.223012402653694
49,0.0009941465849595884,0.33302629295984904,0.3904712203971016,0.5768279524673045,0.16659160866581707,0.14804401529261838,0.9059342874881547,nan,nan,nan,nan,nan,nan,nan,3.1668994650244713
50,0.0009939057285945926,0.3287430526415507,0.3877178011040584,0.5731112695773501,0.16633003300330032,0.14710848609613436,0.9073512727510374,0.30043705344200133,0.3689677090098397,0.5481058941636883,0.706229781393981,0.15206352318400157,0.14170669542201744,0.9153524164297618,3.1815012022852898
51,0.000993660046927435,0.3310311093330383,0.3891795656012074,0.5751097325732524,0.16558507335882103,0.14803163088586085,0.9069644806064765,nan,nan,nan,nan,nan,nan,nan,2.91754437237978
52,0.000993409542382894,0.33012896196047464,0.38857953009100415,0.5743089330757818,0.16560111753749632,0.14780165343267,0.9068374669150083,nan,nan,nan,nan,nan,nan,nan,3.3598456531763077
53,0.0009931542174333489,0.32858508308728535,0.3880756540923275,0.5729115435571948,0.16601807012384406,0.14737159755579518,0.9072369375551417,nan,nan,nan,nan,nan,nan,nan,3.480840392410755
54,0.0009928940745987534,0.3272990225156148,0.38694421668729373,0.5718401589782491,0.16547260072541908,0.14697830278077312,0.9075539326209848,nan,nan,nan,nan,nan,nan,nan,3.6184696033596992
55,0.0009926291164466124,0.32695848917961123,0.3858366344292226,0.5715692155920148,0.16570251282553997,0.1457069568342973,0.9079535339672581,nan,nan,nan,nan,nan,nan,nan,3.496311940252781
56,0.000992359345591956,0.32644791905085246,0.38596869256077837,0.5711210899645764,0.16518289056628435,0.1467431624350554,0.9080074175734405,nan,nan,nan,nan,nan,nan,nan,3.5291308537125587
57,0.0009920847646973136,0.3255083332856496,0.3851531076916479,0.570292170482563,0.16530340162729143,0.14602222004378657,0.9082575891252491,nan,nan,nan,nan,nan,nan,nan,3.5570307224988937
58,0.0009918053764726876,0.32525418877601625,0.3851563927045551,0.5700251793542508,0.16454821422736332,0.1467368558638042,0.9083146096787896,nan,nan,nan,nan,nan,nan,nan,3.5799963921308517
59,0.000991521183675527,0.323244490146637,0.38474674109002793,0.5682868642674115,0.16466803908113584,0.14644979250400286,0.909135509590563,nan,nan,nan,nan,nan,nan,nan,3.388503424823284
60,0.0009912321891107005,0.3240120987892151,0.3841787886400026,0.5689636101138436,0.16444319184393688,0.14598872659543183,0.9089234388785413,nan,nan,nan,nan,nan,nan,nan,3.3299159556627274
61,0.000990938395630467,0.3242699148654938,0.3840910831607604,0.5692035983964744,0.16475946802601052,0.14611299545796164,0.9090582622618697,nan,nan,nan,nan,nan,nan,nan,3.420311063528061
62,0.00099063980613445,0.3217813771565755,0.3829387249871336,0.5670270268056428,0.16485462209587295,0.1451763879358233,0.909565304055158,nan,nan,nan,nan,nan,nan,nan,3.4109425842761993
63,0.0009903364235696072,0.3197133640050888,0.381859906631907,0.5651990220889845,0.1637846289579453,0.14525477894324085,0.9101017874064634,nan,nan,nan,nan,nan,nan,nan,3.34902273863554
64,0.000990028250930202,0.32019517723719276,0.38120705186429843,0.565645502912936,0.16345825572656275,0.14531846550991734,0.9103601934450871,nan,nan,nan,nan,nan,nan,nan,3.2429545745253563
65,0.000989715291257774,0.3206634715398153,0.3814750152150116,0.5660568965856748,0.16346782995131195,0.14561376335653367,0.9101148906969905,nan,nan,nan,nan,nan,nan,nan,3.2639921829104424
66,0.0009893975476411086,0.3200986601511637,0.38153818891326013,0.5655344156143436,0.16362709538280562,0.14502650066986897,0.9104377021860602,nan,nan,nan,nan,nan,nan,nan,3.297749362885952
67,0.0009890750232162072,0.320678302526474,0.38115909528375486,0.5660750404840398,0.16390187236545437,0.14450357808058034,0.910160376433683,nan,nan,nan,nan,nan,nan,nan,3.2724322229623795
68,0.0009887477211662557,0.31751632754007975,0.3797102874156537,0.5632799674424174,0.1630791752442571,0.1443208508969709,0.9112987288827893,nan,nan,nan,nan,nan,nan,nan,3.287873052060604
69,0.000988415644721593,0.3183335896333059,0.38035167010280857,0.5639656359242786,0.1633957128386106,0.14467261379603308,0.9106952586347744,nan,nan,nan,nan,nan,nan,nan,3.4474205747246742
70,0.00098807879715968,0.3156241975625356,0.37939079655180863,0.5615727552292255,0.16222867039179165,0.1452452700715616,0.9114906381727281,nan,nan,nan,nan,nan,nan,nan,3.3937134444713593
71,0.0009877371818050654,0.3181207370758057,0.3801820526556833,0.5638241873814728,0.16233431362938275,0.14555350782603013,0.9110104564911937,nan,nan,nan,nan,nan,nan,nan,3.352719873189926
72,0.0009873908020293556,0.31924561206499735,0.3801278766838627,0.564804583581262,0.1639367055517433,0.14349067084926315,0.9109379145835376,nan,nan,nan,nan,nan,nan,nan,3.401071362197399
73,0.0009870396612511787,0.31439259644349415,0.37822202914134234,0.5604524942335889,0.16220203901578276,0.14464225729503644,0.9120771492990883,nan,nan,nan,nan,nan,nan,nan,3.378332756459713
74,0.0009866837629361525,0.31572951610883077,0.3792385993356452,0.5616753703703561,0.16127592066137306,0.1461179949678136,0.9117837466915009,nan,nan,nan,nan,nan,nan,nan,3.3473731502890587
75,0.0009863231105968497,0.3128405256271362,0.37681779927876763,0.5591237665073848,0.16221693951573374,0.14319713753553573,0.9127845636048754,nan,nan,nan,nan,nan,nan,nan,3.5539501383900642
76,0.0009859577077927634,0.3152784903049469,0.37814823965379213,0.5612642904348756,0.16266300689474888,0.1439121001209032,0.9119053687546973,nan,nan,nan,nan,nan,nan,nan,3.363950699567795
77,0.0009855875581302716,0.3133079636891683,0.37738080027642307,0.559517070690855,0.16117831585138712,0.1447710681959285,0.9124716204293697,nan,nan,nan,nan,nan,nan,nan,3.2153527438640594
78,0.000985212665262602,0.3120789076487223,0.37635567967958616,0.5584243458397473,0.16231264908669085,0.14306584321798516,0.9128096265072052,nan,nan,nan,nan,nan,nan,nan,3.087762378156185
79,0.000984833032889796,0.31336116131146746,0.3773768676043811,0.5595917650415086,0.16216161814201221,0.14369362480802536,0.9124622095872954,nan,nan,nan,nan,nan,nan,nan,3.386657975614071
80,0.000984448664758672,0.3128760676383972,0.3769861522971604,0.5591624379445526,0.16151279286344475,0.1442976832336699,0.9123807796621246,nan,nan,nan,nan,nan,nan,nan,3.424206882715225
81,0.000984059564662788,0.3104748111168544,0.37569710351875224,0.5570152538251952,0.1622828480867889,0.1424575368427932,0.9134162990556481,nan,nan,nan,nan,nan,nan,nan,3.3600389808416367
82,0.0009836657364424048,0.3142017978429794,0.3773466422562739,0.5603434562918936,0.1627985164853119,0.14324638107375093,0.91245462863118,nan,nan,nan,nan,nan,nan,nan,3.3515675514936447
83,0.000983267183984448,0.31066703621546427,0.3757417509619155,0.557151267972158,0.1609154004509362,0.14354337810018625,0.9136677449923211,nan,nan,nan,nan,nan,nan,nan,3.33779676258564
84,0.00098286391122247,0.3094569580554962,0.3749794450554276,0.5561158386133285,0.1609428160637846,0.143094239126883,0.9139267392085744,nan,nan,nan,nan,nan,nan,nan,3.3325163424015045
85,0.0009824559221366094,0.3102898834546407,0.37495915305484756,0.5568425963968285,0.1615317125771983,0.14290778681828578,0.9136118354409698,nan,nan,nan,nan,nan,nan,nan,3.2991145998239517
86,0.000982043220753554,0.30998103857040404,0.3752408647385469,0.5565407880653028,0.16091363591804725,0.14375492598764827,0.9137810018625625,nan,nan,nan,nan,nan,nan,nan,3.3833261281251907
87,0.0009816258111465,0.310535459280014,0.37523307100202596,0.5570689514854926,0.16125441950135608,0.14311214586805215,0.9135194915531157,nan,nan,nan,nan,nan,nan,nan,3.308619685471058
88,0.0009812036974351116,0.3099653454621633,0.37448480502830606,0.5565527141454654,0.16102320033983597,0.14308093977714603,0.9138391987713623,nan,nan,nan,nan,nan,nan,nan,3.2732485458254814
89,0.0009807768837854806,0.3083268739382426,0.37391552305176373,0.5550839858635099,0.16054638434140445,0.14301558670718556,0.9141541678920367,nan,nan,nan,nan,nan,nan,nan,3.1638148427009583
90,0.0009803453744100857,0.30948279722531635,0.3745287406718704,0.5561170703600665,0.1605401431232232,0.1433788517465608,0.9140221220141816,nan,nan,nan,nan,nan,nan,nan,3.3903633430600166
91,0.0009799091735677502,0.31192874304453533,0.3763148510511633,0.558320588272361,0.1618203117341437,0.14328663856484658,0.9131550174819462,nan,nan,nan,nan,nan,nan,nan,3.410906672477722
92,0.0009794682855636,0.3088182424704234,0.37419621710391954,0.5555182804071127,0.16073084338136784,0.1429696108224684,0.9142693853543771,nan,nan,nan,nan,nan,nan,nan,3.447515405714512
93,0.0009790227147490219,0.3092752358118693,0.3745823927341682,0.5559350034406529,0.15975123353919551,0.14393575793222887,0.914056236316701,nan,nan,nan,nan,nan,nan,nan,3.4761432260274887
94,0.00097857246552162,0.31165431412061056,0.3752700769226056,0.5580729358446417,0.16129758520406495,0.14271597555795185,0.9134010064372774,nan,nan,nan,nan,nan,nan,nan,3.3861475810408592
95,0.000978117542325172,0.3073408710161845,0.3737756814589256,0.5541652559537487,0.1606519295493906,0.14267418226971212,0.9145583766297422,nan,nan,nan,nan,nan,nan,nan,3.3499361649155617
96,0.0009776579496495869,0.30506591741244,0.3718834974946288,0.5521342877262045,0.16015416789203674,0.14202025945168775,0.9154375061268503,nan,nan,nan,nan,nan,nan,nan,3.339538589119911
97,0.0009771936920308583,0.3060126276016235,0.3722392769908179,0.5530158741273995,0.16077927000620854,0.14151351174721433,0.915003300330033,nan,nan,nan,nan,nan,nan,nan,3.2979910001158714
98,0.0009767247740510218,0.3067098658879598,0.37271474980496194,0.5536428551794315,0.15967980263372872,0.14281416854556742,0.9149813743750612,nan,nan,nan,nan,nan,nan,nan,3.382478818297386
99,0.0009762512003381084,0.30582063722610475,0.3721865560821243,0.5528382882690935,0.1598844557723099,0.14259657549913407,0.9151512270038885,nan,nan,nan,nan,nan,nan,nan,3.3777553737163544
100,0.0009757729755660996,0.3058390558560689,0.37183378876253964,0.5528523302989857,0.1603943731006764,0.1410350619220338,0.9153008855340979,0.2902460360527039,0.3563410832884031,0.5387302208563075,0.7144750514655426,0.16512988922654642,0.12039505930791099,0.9185462209587295,3.4092117249965668
101,0.0009752901044548805,0.310744483311971,0.3740863310224896,0.5572732009691594,0.16013328758618436,0.1425459268699147,0.9144710976048099,nan,nan,nan,nan,nan,nan,nan,3.5256129279732704
102,0.0009748025917701944,0.3049107097784678,0.3718051903484748,0.5519876266029528,0.1596481063947979,0.1424891023755841,0.9156140574453485,nan,nan,nan,nan,nan,nan,nan,3.437795154750347
103,0.0009743104423235942,0.3032779491742452,0.37083806192152324,0.5505427059621335,0.159267751527628,0.14238189066431395,0.9158748815475607,nan,nan,nan,nan,nan,nan,nan,3.452421620488167
104,0.0009738136609723967,0.30376515913009644,0.3705314126168186,0.5509768243482661,0.15984073456850637,0.1412730778028298,0.9160902525896154,nan,nan,nan,nan,nan,nan,nan,3.3938910365104675
105,0.0009733122526196333,0.3037238475481669,0.37089258444331435,0.5509305031741862,0.1604370486553606,0.14072189001078325,0.9159862431787733,nan,nan,nan,nan,nan,nan,nan,3.4445377811789513
106,0.0009728062222140018,0.30411537186304727,0.3713067195720191,0.5512776677078208,0.15934967160082344,0.14247479005326275,0.9157417573440513,nan,nan,nan,nan,nan,nan,nan,3.3053610548377037
107,0.000972295574749818,0.30329516688982644,0.3706384111647551,0.5505508382916657,0.15925791589059896,0.14235731791000883,0.9159162500408456,nan,nan,nan,nan,nan,nan,nan,3.359440989792347
108,0.0009717803152669663,0.3039998509089152,0.3706417122606444,0.5511750202097406,0.16057647943012124,0.1405424631572068,0.9157433258177303,nan,nan,nan,nan,nan,nan,nan,3.375609464943409
109,0.0009712604488508497,0.3027910447915395,0.3702879306920482,0.550067786752461,0.15973832630787832,0.14127235891906023,0.916287586184361,nan,nan,nan,nan,nan,nan,nan,3.3220130503177643
110,0.00097073598063234,0.3026860234340032,0.3700008961795004,0.5500129304611446,0.15940143123223213,0.14137365617749895,0.9164212332124302,nan,nan,nan,nan,nan,nan,nan,3.3376507312059402
111,0.0009702069157877266,0.302174723704656,0.3694890647848046,0.5495152668912187,0.15843391170800247,0.1414335522661177,0.9169728457994314,nan,nan,nan,nan,nan,nan,nan,3.255727469921112
112,0.0009696732595386662,0.3018377805550893,0.3693649702184018,0.5492432049463268,0.15897614612946442,0.1414130640786851,0.9167249616050714,nan,nan,nan,nan,nan,nan,nan,3.204735741019249
113,0.0009691350171521301,0.3037544689178467,0.37018692101264583,0.5509708479067035,0.15964719145181844,0.141401659967977,0.9161290396366369,nan,nan,nan,nan,nan,nan,nan,3.2607835084199905
114,0.0009685921939403538,0.30276005864143374,0.3695679679586152,0.550061896619547,0.15891517171519132,0.14141495931771395,0.916447929941509,nan,nan,nan,nan,nan,nan,nan,3.4381149783730507
115,0.0009680447952607828,0.3034534194469452,0.37009460188747834,0.550722626599482,0.15926556219978433,0.14126951606051694,0.9161342025291638,nan,nan,nan,nan,nan,nan,nan,3.3552384451031685
116,0.0009674928265160214,0.302094761689504,0.36947491182441267,0.5494750899198767,0.15913433323530374,0.14112985655001142,0.9164266901937719,nan,nan,nan,nan,nan,nan,nan,3.2670484110713005
117,0.0009669362931537782,0.3008668448925018,0.36849387429847563,0.5483770668563066,0.15863585269418032,0.14095252099467373,0.9169747737149953,nan,nan,nan,nan,nan,nan,nan,3.2820464745163918
118,0.0009663752006668128,0.302522172053655,0.36944541908166684,0.5498651053736389,0.15815318759598732,0.1421955363853217,0.9166607195373002,nan,nan,nan,nan,nan,nan,nan,3.377443566918373
119,0.0009658095545928816,0.3004911994934082,0.3687277616394839,0.547995332534191,0.1589308891285168,0.14058196908799792,0.9168881482207627,nan,nan,nan,nan,nan,nan,nan,3.329831399023533
120,0.0009652393605146829,0.2993415057659149,0.3678513268077272,0.5469594722969885,0.15914374407737802,0.13989285364179982,0.9174110381335163,nan,nan,nan,nan,nan,nan,nan,3.2483823746442795
121,0.000964664624059802,0.29999317653973895,0.36833226700609417,0.5475514343574659,0.1582910825736039,0.1410079077214652,0.9172864098291017,nan,nan,nan,nan,nan,nan,nan,3.3935587257146835
122,0.0009640853509006558,0.2983754539092382,0.3672461384249502,0.5460849537391623,0.15792932065483775,0.14062271672711826,0.9179127209750678,nan,nan,nan,nan,nan,nan,nan,3.3210354894399643
123,0.0009635015467544365,0.3001863731543223,0.3684209508667451,0.5477398710184831,0.1586948991928896,0.14071130281344965,0.917176747377708,nan,nan,nan,nan,nan,nan,nan,3.312283933162689
124,0.0009629132173830553,0.2989321709473928,0.3674483094233,0.5465699275936823,0.1592547135901709,0.13964483874129988,0.9176997353200667,nan,nan,nan,nan,nan,nan,nan,3.433720476925373
125,0.0009623203685930855,0.2993566364447276,0.36765441079612293,0.5469855371060904,0.1589687612325589,0.14017083292487664,0.9175377577361696,nan,nan,nan,nan,nan,nan,nan,3.2865091264247894
126,0.0009617230062357055,0.2993871088027954,0.3676846205079976,0.5470106220211678,0.15865764794301213,0.1402915727216286,0.917530601575009,nan,nan,nan,nan,nan,nan,nan,3.144795410335064
127,0.0009611211362066404,0.2984122346242269,0.3670484541956671,0.5460845327121279,0.1579181779564095,0.14056706858804693,0.9179661471097604,nan,nan,nan,nan,nan,nan,nan,3.2716169729828835
128,0.0009605147644461045,0.29979900614420574,0.3680816165388197,0.5473633020900924,0.15808541646243832,0.141097539456916,0.9172820311734143,nan,nan,nan,nan,nan,nan,nan,3.318924978375435
129,0.0009599038969387422,0.29760409124692283,0.367048198272024,0.5453898271450501,0.15814112995457963,0.14018900107832566,0.917958631506715,nan,nan,nan,nan,nan,nan,nan,3.3158256709575653
130,0.0009592885397135693,0.2980534730752309,0.36701406718448765,0.5457825241987645,0.15800212397477373,0.14036584648563866,0.9179704277358429,nan,nan,nan,nan,nan,nan,nan,3.3990792483091354
131,0.000958668698843913,0.29717489397525787,0.3664315824837434,0.5449954421757764,0.15755053426134694,0.1405067477044734,0.9180738816455903,nan,nan,nan,nan,nan,nan,nan,3.3157513216137886
132,0.0009580443804473528,0.29878957104682924,0.3671580752908212,0.5464611823658024,0.15825409273600627,0.14036751298892267,0.9178779531418488,nan,nan,nan,nan,nan,nan,nan,3.367755137383938
133,0.0009574155906856588,0.296882487932841,0.366903370763283,0.5446884642340369,0.15758209979413784,0.1405943861712904,0.9181629252034115,nan,nan,nan,nan,nan,nan,nan,3.29540828615427
134,0.0009567823357647325,0.29804222480456033,0.3666992989096249,0.5457693725959271,0.15803329738914484,0.14017847923406201,0.9179644152534066,nan,nan,nan,nan,nan,nan,nan,3.3516866490244865
135,0.000956144621934544,0.2964422664642334,0.3656747213048966,0.5443069731384786,0.156621475018789,0.14072270692415775,0.9186372577851845,nan,nan,nan,nan,nan,nan,nan,3.221373163163662
136,0.0009555024554890715,0.29798182932535805,0.3666395577154405,0.5457250253248567,0.15842554651504753,0.1397952161552789,0.9180018952390289,nan,nan,nan,nan,nan,nan,nan,3.180091790854931
137,0.0009548558427662385,0.29840935484568276,0.36646556071912884,0.5461250588013056,0.15779109891187137,0.14000320230042806,0.9177881580237232,nan,nan,nan,nan,nan,nan,nan,3.289774253964424
138,0.0009542047901478514,0.2970131291548411,0.36629951197084437,0.5448388804566239,0.15781674999183087,0.14007205175963142,0.9183442799725517,nan,nan,nan,nan,nan,nan,nan,3.409234434366226
139,0.000953549304059537,0.29766938996315,0.3661898418608878,0.5454566146860094,0.1585191647877659,0.13916854556742803,0.9183627422148155,nan,nan,nan,nan,nan,nan,nan,3.2888304367661476
140,0.0009528893909706782,0.2954305828412374,0.3655857706709718,0.5433783044877091,0.1574568833120936,0.1397298957618534,0.918829755252753,nan,nan,nan,nan,nan,nan,nan,3.4310192912817
141,0.0009522250573943508,0.29495276129245757,0.3647554373243636,0.5429495651006179,0.15771394961278307,0.13895252099467373,0.9191738391660949,nan,nan,nan,nan,nan,nan,nan,3.284282922744751
142,0.0009515563098872589,0.29493811082839966,0.3650072993762866,0.5429295991941289,0.15715243603568277,0.14009927131326994,0.9191037479985622,nan,nan,nan,nan,nan,nan,nan,3.220029667019844
143,0.0009508831550496706,0.29425868781407677,0.3647385735518168,0.5422778779437402,0.15762608241022122,0.13907790085939287,0.9192684704113976,nan,nan,nan,nan,nan,nan,nan,3.3407017439603806
144,0.0009502055995253523,0.29454828961690266,0.36436865762496734,0.5425922050024707,0.157618174688756,0.13915129235695847,0.9191705061595269,nan,nan,nan,nan,nan,nan,nan,3.247793935239315
145,0.0009495236500015033,0.2958370208740234,0.36563188543096264,0.5437599851484783,0.15789167728654052,0.13939669313466,0.9186813384308727,nan,nan,nan,nan,nan,nan,nan,3.2273424193263054
146,0.0009488373132086904,0.2948319753011068,0.3643614269842826,0.5428363550188655,0.15737280658758945,0.13926046466032743,0.9190237231643956,nan,nan,nan,nan,nan,nan,nan,3.3423144593834877
147,0.0009481465959207804,0.29618033758799234,0.36496408950919845,0.544069191624871,0.15737300264679932,0.1395260922131817,0.9191098585106036,nan,nan,nan,nan,nan,nan,nan,3.3247776851058006
148,0.0009474515049548741,0.2951843632062276,0.36448114889420563,0.5431799515303848,0.15742940234617522,0.13888354082933047,0.9191565859556252,nan,nan,nan,nan,nan,nan,nan,3.2899360582232475
149,0.000946752047171239,0.29412610816955564,0.36432006455402655,0.5421811995042778,0.15712064176714702,0.13952246511779892,0.9193482338332843,nan,nan,nan,nan,nan,nan,nan,3.4003058448433876
150,0.0009460482294732407,0.29690493194262185,0.36573306391785526,0.5447360729335505,0.1574945593569258,0.13980077116622552,0.9187375093945038,0.2867436587810516,0.3463785422767988,0.5353551012940917,0.7169699049112832,0.1644319184393687,0.1185981766493481,0.9197990393098716,3.400697872042656
151,0.0009453400588072759,0.294182230591774,0.36421302503277864,0.5422461554598331,0.15683776100382316,0.13936757834199262,0.9193973793418946,nan,nan,nan,nan,nan,nan,nan,3.4359958320856094
152,0.000944627542162703,0.29318867778778074,0.36364400568112193,0.5413245983057788,0.15728284808678888,0.13820426102016142,0.9196746070646669,nan,nan,nan,nan,nan,nan,nan,3.374847449362278
153,0.0009439106865717741,0.29194144678115846,0.3631418497318482,0.5401682607416808,0.1566373884913244,0.13899993464693003,0.9201713230729014,nan,nan,nan,nan,nan,nan,nan,3.4190078005194664
154,0.0009431894991095639,0.29443139004707336,0.3645525842033461,0.5424622230056109,0.15754112341927262,0.13891840669215436,0.9192500408456687,nan,nan,nan,nan,nan,nan,nan,3.2349600568413734
155,0.0009424639868939019,0.29284739883740746,0.36382664128108355,0.5409882533088655,0.15757759043231057,0.13826013789497762,0.919778485769369,nan,nan,nan,nan,nan,nan,nan,3.261170245707035
156,0.0009417341570853006,0.2941359851360321,0.3640581558078456,0.5421933284955177,0.15737839427507108,0.1387368231872692,0.9194005489657877,nan,nan,nan,nan,nan,nan,nan,3.1868700459599495
157,0.0009410000168868854,0.2943638869921366,0.36400784045375456,0.5424097904284194,0.1575410253896677,0.1389023298369441,0.919560337221841,nan,nan,nan,nan,nan,nan,nan,3.1260653659701347
158,0.000940261573544324,0.2921119810740153,0.36316827241201843,0.5403238718111952,0.15664523085971963,0.1388345587033951,0.9201298565500114,nan,nan,nan,nan,nan,nan,nan,3.1145446822047234
159,0.000939518834345754,0.29163778257369993,0.36244038332128387,0.5399135726072213,0.15684704113975753,0.13805280528052805,0.9203424500865928,nan,nan,nan,nan,nan,nan,nan,3.0726157128810883
160,0.0009387718066217112,0.2933944074312846,0.36353708863305884,0.5415278250093996,0.15636038950429695,0.13962402378851746,0.9195601084860962,nan,nan,nan,nan,nan,nan,nan,3.1176971420645714
161,0.000938020497745058,0.2927464856306712,0.36339810345901546,0.5409286510267368,0.15663513381041075,0.13902852661503773,0.9198108682155344,nan,nan,nan,nan,nan,nan,nan,3.1293530389666557
162,0.0009372649151309094,0.2924815404415131,0.36360958561047935,0.5406643116414886,0.1569618338071431,0.13882341600496684,0.9198057706760775,nan,nan,nan,nan,nan,nan,nan,3.0843396857380867
163,0.0009365050662365609,0.29180315057436623,0.36281971506827354,0.540057862448254,0.15669120674443682,0.13850962323955168,0.9202271345946476,nan,nan,nan,nan,nan,nan,nan,3.0481265783309937
164,0.0009357409585614142,0.289727503379186,0.36173862448126,0.5381143591118326,0.156350390484593,0.13816439564748553,0.9208839329477502,nan,nan,nan,nan,nan,nan,nan,3.1371360942721367
165,0.0009349725996469037,0.29070218054453534,0.36185241451512107,0.5390242563384934,0.15659863412083783,0.138061137796948,0.9207878639349083,nan,nan,nan,nan,nan,nan,nan,3.1603642031550407
166,0.0009341999970764216,0.2925711909929911,0.36310590694743977,0.5407473040691456,0.15617230336895074,0.139307453517629,0.9200548312256969,nan,nan,nan,nan,nan,nan,nan,3.122618645429611
167,0.0009334231584752434,0.29113286010424294,0.3626661544364523,0.5394224577276147,0.1563621540371859,0.1388803058523674,0.9204178021762572,nan,nan,nan,nan,nan,nan,nan,3.1602468714118004
168,0.0009326420915104524,0.2944660220146179,0.36356918324490245,0.5425256660252332,0.1560444727641081,0.1392571970068294,0.9198739666045812,nan,nan,nan,nan,nan,nan,nan,3.481558695435524
169,0.0009318568038908645,0.2923337424596151,0.3630473231535715,0.5405382564961144,0.1567484233571872,0.1386831356402967,0.9203240205208639,nan,nan,nan,nan,nan,nan,nan,3.959566593170166
170,0.0009310673033669511,0.2916852271556854,0.362709774419583,0.5399464530818204,0.1562555305035454,0.13937110740777048,0.9202286703917917,nan,nan,nan,nan,nan,nan,nan,3.8669712617993355
171,0.0009302735977307638,0.29504500699043273,0.36432123356982976,0.5430358979823001,0.15737564944613272,0.13864768159984314,0.9196114433225501,nan,nan,nan,nan,nan,nan,nan,3.596677891910076
172,0.0009294756948158568,0.2914855310122172,0.3623268686765799,0.5397569911468686,0.15718119138646539,0.13766140574453484,0.920285952357612,nan,nan,nan,nan,nan,nan,nan,3.6333679258823395
173,0.0009286736024972098,0.2908235720793406,0.36190022909314445,0.539126254320918,0.15651540698624317,0.13801568473679052,0.920649707545012,nan,nan,nan,nan,nan,nan,nan,3.696665830910206
174,0.00092786732869115,0.2916086975733439,0.3626895131808973,0.5398720120431123,0.156723948632487,0.13858951736757835,0.9202336372251086,nan,nan,nan,nan,nan,nan,nan,3.6207193583250046
175,0.0009270568813552746,0.29399054098129274,0.3631371143147731,0.5420704676623128,0.1566209848707643,0.1382110904159723,0.9199315426592164,nan,nan,nan,nan,nan,nan,nan,3.831269510090351
176,0.0009262422684883714,0.29073653054237364,0.3621377568681992,0.5390759320344087,0.15601898506682352,0.13851557036891807,0.9206540535241643,nan,nan,nan,nan,nan,nan,nan,3.7928618043661118
177,0.0009254234981303404,0.29182098277409874,0.36269779361908966,0.5400630080602493,0.1572329183413391,0.13778538051824984,0.9201402150116001,nan,nan,nan,nan,nan,nan,nan,3.653862029314041
178,0.0009246005783621151,0.29042210984230044,0.3618662477943339,0.5387826676431529,0.15657889749370976,0.1381658007384897,0.9206368329902297,nan,nan,nan,nan,nan,nan,nan,3.67025126516819
179,0.0009237735173055808,0.2914756650527318,0.3626595971749093,0.5397346152463719,0.15575237721791982,0.13913332026271935,0.9204592360226121,nan,nan,nan,nan,nan,nan,nan,3.815962217748165
180,0.0009229423231234963,0.28994876194000246,0.3615292761968802,0.5383286897424748,0.15658951736757834,0.1374554128680195,0.9208072411201517,nan,nan,nan,nan,nan,nan,nan,3.6703407764434814
181,0.0009221070040194129,0.2897324271996816,0.3613452398457668,0.5381216580572562,0.15582204359049767,0.13812155671012646,0.9211399209227853,nan,nan,nan,nan,nan,nan,nan,3.7182898074388504
182,0.0009212675682375926,0.2902659394343694,0.36139481793553735,0.5386262307276947,0.15591680554194035,0.13788827892690259,0.921129039636637,nan,nan,nan,nan,nan,nan,nan,3.4071960523724556
183,0.0009204240240629278,0.28970468425750734,0.3615584101997762,0.5380970631856907,0.15579142567722118,0.13825905956932327,0.920988334477012,nan,nan,nan,nan,nan,nan,nan,3.697029337286949
184,0.0009195763798208592,0.2897036207516988,0.36113135571369637,0.5380995640395255,0.15676773518936052,0.13728408979511814,0.9209149756559815,nan,nan,nan,nan,nan,nan,nan,3.957119755446911
185,0.0009187246438772927,0.29248246240615844,0.36222263684830736,0.5406822292490522,0.156717380648956,0.13766372577851846,0.920504133581675,nan,nan,nan,nan,nan,nan,nan,3.8392644450068474
186,0.0009178688246385187,0.28994551293055215,0.3615317548269369,0.5383190847165159,0.15631081920073195,0.13817978629546124,0.920854458713198,nan,nan,nan,nan,nan,nan,nan,3.8398762941360474
187,0.0009170089305511273,0.28956795676549274,0.36146671952351483,0.5379739040961912,0.15583482011567493,0.13814766526157565,0.9210597980590138,nan,nan,nan,nan,nan,nan,nan,3.835172578692436
188,0.0009161449701019262,0.2889615386327108,0.36068613039367053,0.5373936759261386,0.15629895761853413,0.1371928895859883,0.9210651570107505,nan,nan,nan,nan,nan,nan,nan,3.575973056256771
189,0.000915276951817856,0.2884409985542297,0.3608115793130984,0.536939064641791,0.15592964742018756,0.13762836976766984,0.9215981112962781,nan,nan,nan,nan,nan,nan,nan,3.471808485686779
190,0.000914404884265907,0.2886323002179464,0.36065891045710385,0.5370968156055891,0.15543871515864457,0.13796817305492926,0.9213358167499919,nan,nan,nan,nan,nan,nan,nan,4.034066177904606
191,0.0009135287760530338,0.2903193722565969,0.3618894532398784,0.5386724919952803,0.15575861843610103,0.13856736267686173,0.9206896055942227,nan,nan,nan,nan,nan,nan,nan,3.576944947242737
192,0.0009126486358260706,0.2897740949789683,0.3607755542629603,0.5381788088928121,0.1565072705290331,0.13695075646178478,0.9215644871417835,nan,nan,nan,nan,nan,nan,nan,3.3416478857398033
193,0.0009117644722716462,0.2876991491317749,0.3597954330202513,0.5362332121673741,0.15524183903538868,0.13750367611018527,0.9216192856909453,nan,nan,nan,nan,nan,nan,nan,3.2490436285734177
194,0.000910876294116098,0.2853169485727946,0.35882506227688055,0.5340014968229049,0.15577394373100675,0.13681576969578146,0.9227290134954089,nan,nan,nan,nan,nan,nan,nan,3.876627914607525
195,0.0009099841101253857,0.28795995394388835,0.36051725806089274,0.5364745987639513,0.15581119498088422,0.13777639447113027,0.9215366794105153,nan,nan,nan,nan,nan,nan,nan,3.748368263244629
196,0.0009090879291050052,0.28943100678920747,0.360979769076459,0.5378454878496614,0.15536123909420646,0.1381177008789988,0.9212127895957912,nan,nan,nan,nan,nan,nan,nan,3.8335166573524475
197,0.0009081877598999013,0.28852942363421125,0.3604415844392298,0.5369970062361286,0.15593523510766918,0.13752037381956017,0.9214367872430808,nan,nan,nan,nan,nan,nan,nan,3.8202971443533897
198,0.0009072836113943806,0.2881315732796987,0.36008891144761135,0.5366535127413592,0.15575234454138484,0.13765921641669118,0.9215595529850015,nan,nan,nan,nan,nan,nan,nan,4.05650045722723
199,0.0009063754925120241,0.2883579479853312,0.36051592266281085,0.5368481776221838,0.1563481031271444,0.13701029310851878,0.9214277358428912,nan,nan,nan,nan,nan,nan,nan,3.9212441965937614
200,0.0009054634122155982,0.28836538930733996,0.36038480564099107,0.5368583838651033,0.15521628598503415,0.1382451066888867,0.9214583210796328,0.2838559103012085,0.3467924234603225,0.5327155016480492,0.7196598372708558,0.13159592196843448,0.14874424076070974,0.9221919419664739,3.260376028716564
201,0.0009045473795069673,0.28747039167086286,0.3598763669896538,0.536011513329233,0.15507299937914584,0.13768088095938308,0.9217209750678038,nan,nan,nan,nan,nan,nan,nan,3.2601796463131905
202,0.0009036274034270045,0.28894835901260374,0.360511564812886,0.5374136105831748,0.15514619481750155,0.13847462667058785,0.9213518609286672,nan,nan,nan,nan,nan,nan,nan,3.2238511368632317
203,0.0009027034930555025,0.28673145739237466,0.3591891283381123,0.5353438308257362,0.15543391170800247,0.13713799300722151,0.9221911250530994,nan,nan,nan,nan,nan,nan,nan,3.287470556795597
204,0.0009017756575110832,0.288295531352361,0.3603758537382977,0.5368018339192274,0.1554662614776329,0.1377018266183054,0.9215978825605333,nan,nan,nan,nan,nan,nan,nan,3.1296213790774345
205,0.0009008439059511092,0.2870839545726776,0.3597134789940937,0.5356563215399949,0.1561300852857563,0.13673146423553245,0.9218474332581773,nan,nan,nan,nan,nan,nan,nan,3.2970343083143234
206,0.0008999082475715919,0.2860574344793955,0.3589254092991292,0.534706908791553,0.15535012907231316,0.13687220207169232,0.9222762147501878,nan,nan,nan,nan,nan,nan,nan,3.0765998661518097
207,0.0008989686916071021,0.28624535457293193,0.3589190793692612,0.5348859769231478,0.1552315786034049,0.13733022906251022,0.9222791883148711,nan,nan,nan,nan,nan,nan,nan,3.1410848945379257
208,0.0008980252473306776,0.2865336054166158,0.35923857048839164,0.535156230326251,0.15523563049374245,0.13716955854001242,0.9221707022187368,nan,nan,nan,nan,nan,nan,nan,3.3756021559238434
209,0.000897077924053733,0.2872464197476705,0.35957095696806685,0.5358134728546367,0.1552113845047871,0.13753445740613665,0.9219034408391334,nan,nan,nan,nan,nan,nan,nan,3.470378592610359
210,0.0008961267311259659,0.2876546516418457,0.3591138662365618,0.5362002251003417,0.1551703754533869,0.13681348233833285,0.9223063098389047,nan,nan,nan,nan,nan,nan,nan,3.3931505158543587
211,0.000895171677935267,0.2870744924147924,0.35962199580106524,0.5356638607537773,0.15555007678985722,0.13718491651145312,0.921755285429533,nan,nan,nan,nan,nan,nan,nan,3.2813129648566246
212,0.0008942127739076256,0.2855729337533315,0.35878370788811553,0.5342532085815421,0.15561000555501095,0.1366520602555305,0.9225944842008953,nan,nan,nan,nan,nan,nan,nan,3.4239039570093155
213,0.0008932500285070372,0.2863838929335276,0.3589363796160711,0.5349980180389868,0.15468914812273307,0.13740848936378786,0.9222076267032644,nan,nan,nan,nan,nan,nan,nan,3.3782417997717857
214,0.0008922834512354103,0.2859713461001714,0.3587171645498399,0.5346213264499838,0.1551125706630069,0.13729529784661634,0.9223344116589877,nan,nan,nan,nan,nan,nan,nan,3.3370083793997765
215,0.0008913130516324724,0.28685814118385317,0.35942087976975295,0.5354532221730651,0.15568623991111982,0.13678717772767376,0.9220834558703395,nan,nan,nan,nan,nan,nan,nan,3.3881034776568413
216,0.0008903388392756758,0.2861894570589066,0.3590934589746103,0.5348233314691664,0.1555505669378819,0.13681348233833285,0.9223428095284776,nan,nan,nan,nan,nan,nan,nan,3.231953650712967
217,0.000889360823780103,0.2865768980979919,0.3590637049472274,0.5351924130599313,0.15442995784726987,0.1378335130542757,0.9222741234519491,nan,nan,nan,nan,nan,nan,nan,3.20034059882164
218,0.0008883790147983724,0.2862063535054525,0.3590158349722658,0.5348499198120078,0.15480175146227493,0.13756569617357775,0.9222873901251512,nan,nan,nan,nan,nan,nan,nan,3.2458455860614777
219,0.000887393422020542,0.2854334940115611,0.3586322231735859,0.5341192343061717,0.15487955429206288,0.13747779629448093,0.9226011175374963,nan,nan,nan,nan,nan,nan,nan,3.0906222984194756
220,0.0008864040551740147,0.2858222237030665,0.358518319410066,0.5345007936156615,0.1560575107015652,0.13586873835898441,0.9222664444662289,nan,nan,nan,nan,nan,nan,nan,3.2787198796868324
221,0.000885410924023442,0.2874327571392059,0.3594917745758177,0.5359801006519525,0.15469463778060974,0.1378851093030095,0.9218438715158644,nan,nan,nan,nan,nan,nan,nan,3.381293773651123
222,0.0008844140383706272,0.2847456667423248,0.35800093919509524,0.5334696519931099,0.1549803287259419,0.1363991765513185,0.9229351370780643,nan,nan,nan,nan,nan,nan,nan,3.393715649843216
223,0.0008834134080544294,0.2869640986919403,0.3593566419141914,0.5355484364591533,0.1554423422540274,0.13694748880828678,0.9220684573407836,nan,nan,nan,nan,nan,nan,nan,3.320070303976536
224,0.0008824090429506657,0.284286948521932,0.3575990240693314,0.5330599459874645,0.15576763715975558,0.13558608633140543,0.9229843479397445,nan,nan,nan,nan,nan,nan,nan,3.302736319601536
225,0.0008814009529720144,0.28606143164634706,0.35810702043866205,0.5347188619083421,0.1547158775283469,0.1364616540862007,0.9229640231349867,nan,nan,nan,nan,nan,nan,nan,3.2645391449332237
226,0.0008803891480679165,0.2854623243014018,0.35824789708627425,0.5341457595118992,0.1553832630787831,0.13624719798712545,0.9227721465215829,nan,nan,nan,nan,nan,nan,nan,3.3002649918198586
227,0.0008793736382244778,0.28569825387001035,0.3584358158820214,0.5343677109690447,0.15472780446361467,0.13673976407541744,0.9226454269189295,nan,nan,nan,nan,nan,nan,nan,3.3756185099482536
228,0.0008783544334643707,0.28601795077323916,0.3589827887839836,0.5346663861710907,0.15490762343561087,0.13733810410744043,0.922451164918472,nan,nan,nan,nan,nan,nan,nan,3.359005182981491
229,0.0008773315438467343,0.28547765405972797,0.35830310741083393,0.5341446654046117,0.15481939679116427,0.13688109008920693,0.9227127405809888,nan,nan,nan,nan,nan,nan,nan,3.2718513533473015
230,0.0008763049794670767,0.2848916711807251,0.35788524294493185,0.533626884919035,0.15488615495212887,0.13618207365290985,0.9228382838283828,nan,nan,nan,nan,nan,nan,nan,3.173196017742157
231,0.0008752747504571735,0.2834458643992742,0.3574752368665858,0.5322499166793379,0.1538228278273372,0.13738401463908767,0.9233078783125838,nan,nan,nan,nan,nan,nan,nan,3.1847097352147102
232,0.0008742408669849694,0.28476393524805704,0.3578919816505939,0.5334888881507542,0.1553198379243865,0.13594608371728262,0.9231036172924223,nan,nan,nan,nan,nan,nan,nan,3.469819501042366
233,0.0008732033392544765,0.28545939914385476,0.35818081356402964,0.534142047758468,0.15511397575401104,0.1362307616900304,0.9225542593863346,nan,nan,nan,nan,nan,nan,nan,3.178142949938774
234,0.0008721621775056751,0.28380965495109556,0.35778342056436463,0.5326027944555368,0.1544292389635003,0.13691425677221186,0.9231679573897984,nan,nan,nan,nan,nan,nan,nan,3.2462147772312164
235,0.000871117392014411,0.28549129398663836,0.35866457115621836,0.5341604344558447,0.15419007940398,0.13811796229127862,0.9226432375910858,nan,nan,nan,nan,nan,nan,nan,3.318447209894657
236,0.0008700689930922953,0.285121057788531,0.35817036511432704,0.5338333937045482,0.15498542626539882,0.13667065320393426,0.9226218671372087,nan,nan,nan,nan,nan,nan,nan,3.424121879041195
237,0.0008690169910866021,0.2845350914001465,0.357646910637846,0.533294288630309,0.15466369310198347,0.1364223115380845,0.9230020586217037,nan,nan,nan,nan,nan,nan,nan,3.2924411073327065
238,0.0008679613963801664,0.28292556722958884,0.35675737557898735,0.531780442835165,0.15430650589811457,0.1364277685194262,0.9234494984151881,nan,nan,nan,nan,nan,nan,nan,3.464987799525261
239,0.000866902219391282,0.28578961833318073,0.35820787203256216,0.5344593802507096,0.15488158023723164,0.13669280789465085,0.9225283142175603,nan,nan,nan,nan,nan,nan,nan,3.3945469707250595
240,0.0008658394705735979,0.28520570683479307,0.35807474687173235,0.5339221751302715,0.15500075156030454,0.1366522236382054,0.9228284808678888,nan,nan,nan,nan,nan,nan,nan,3.419431135058403
241,0.0008647731604160161,0.28370765590667724,0.3571002158693592,0.5325237079739001,0.155274352187694,0.13555726562755285,0.9234168545567428,nan,nan,nan,nan,nan,nan,nan,3.2449582368135452
242,0.0008637032994425873,0.2830518443584442,0.3569163064589256,0.5318792563440365,0.1546362121360651,0.13601731856353952,0.9232576544783191,nan,nan,nan,nan,nan,nan,nan,3.441263623535633
243,0.0008626298982124074,0.2847641667524973,0.3574808534651423,0.5334894863609995,0.1544790053262752,0.1365167140476424,0.9233264059079175,nan,nan,nan,nan,nan,nan,nan,3.4158304929733276
244,0.000861552967319513,0.2836112914880117,0.35731856417773583,0.5324286534058938,0.15414851485148515,0.13652119073293467,0.9232722608894552,nan,nan,nan,nan,nan,nan,nan,3.3894509822130203
245,0.0008604725173927776,0.28376064999898276,0.3570956725545698,0.5325487202898365,0.15480871156422574,0.13587367251576643,0.9232636342842205,nan,nan,nan,nan,nan,nan,nan,3.3558811992406845
246,0.0008593885590958056,0.2835352547168732,0.357051121800763,0.5323401325422205,0.15419782374277033,0.13640228082214162,0.9233627095382806,nan,nan,nan,nan,nan,nan,nan,3.321805961430073
247,0.0008583011031268277,0.28382020322481794,0.35719021483290037,0.532613623608228,0.15423471555076299,0.13676342188674312,0.9232653007875045,nan,nan,nan,nan,nan,nan,nan,3.3471085876226425
248,0.0008572101602185955,0.2826412102381388,0.356360279859205,0.5315179800697213,0.15404999509851974,0.13613668594582232,0.9237220860699932,nan,nan,nan,nan,nan,nan,nan,3.1961866319179535
249,0.0008561157411382746,0.28488067603111267,0.35814106383565336,0.5336082125234564,0.1547194719471947,0.13660062738947162,0.9229097147338496,nan,nan,nan,nan,nan,nan,nan,3.187678150832653
250,0.0008550178566873401,0.28215209412574765,0.35639931019324084,0.5310459240734524,0.1538811554422769,0.13654135215501748,0.9238775610234291,0.2816651010513306,0.3432398765286492,0.5306253634974609,0.7203666307224782,0.1639505930791099,0.11568277619841193,0.9218635427899226,3.224474422633648
251,0.000853916517701468,0.28519611263275146,0.3575079405256429,0.5339051176678372,0.15464898866124235,0.13583354573081072,0.9233187922752671,nan,nan,nan,nan,nan,nan,nan,3.3389775529503822
252,0.0008528117350504295,0.28271450861295067,0.3567061235826553,0.5315852246810072,0.1545755318106068,0.13570747965885696,0.9235793222886645,nan,nan,nan,nan,nan,nan,nan,3.2693985253572464
253,0.0008517035196379831,0.2812492157618205,0.35580815248913505,0.5302004623988072,0.15429961114923374,0.13559275234454138,0.9241341371760938,nan,nan,nan,nan,nan,nan,nan,3.305198483169079
254,0.000850591882401768,0.28261058481534324,0.3564929897344623,0.5314859300985828,0.1544257752507924,0.13607201908309643,0.9235991896219324,nan,nan,nan,nan,nan,nan,nan,3.3113921135663986
255,0.0008494768343131945,0.2828581659793854,0.356582139108094,0.5317102727555102,0.1543626115086756,0.13565375943534946,0.9235908571055126,nan,nan,nan,nan,nan,nan,nan,3.05538023263216
256,0.0008483583863773375,0.2814570926030477,0.3556058214268209,0.5303845356417689,0.1542219717021207,0.1354173773813025,0.9239303989804921,nan,nan,nan,nan,nan,nan,nan,3.0284410789608955
257,0.0008472365496328261,0.2816785094738007,0.3561729179686224,0.5305793584988866,0.15400372512498775,0.13612750383949285,0.9240829657223149,nan,nan,nan,nan,nan,nan,nan,3.0519835501909256
258,0.0008461113351517365,0.2824120145638784,0.3557563359290756,0.5312802047536301,0.15436074894618174,0.13546220958729535,0.9239981047609711,nan,nan,nan,nan,nan,nan,nan,3.1979185044765472
259,0.0008449827540394812,0.28212919998168945,0.3562968277721955,0.5310204552947885,0.15380838479887593,0.13611495605006046,0.9237804136849328,nan,nan,nan,nan,nan,nan,nan,3.092900849878788
260,0.0008438508174347,0.2804291075070699,0.3551909963892429,0.5294195582175599,0.154018200829984,0.13533013103290528,0.9243055582786002,nan,nan,nan,nan,nan,nan,nan,3.178873732686043
261,0.0008427155365091504,0.2814890917142232,0.355840642538109,0.5304363089786438,0.15414861288109008,0.13575649446132732,0.9241490049995098,nan,nan,nan,nan,nan,nan,nan,3.186146840453148
262,0.0008415769224675966,0.2836130992571513,0.357180993093508,0.5324248494892994,0.15425147861320784,0.13653135313531353,0.9233913341829233,nan,nan,nan,nan,nan,nan,nan,3.0995954275131226
263,0.0008404349865476998,0.28196543101469673,0.35598719705278076,0.5308826786791697,0.15454471783812043,0.13521958631506714,0.9240774433879031,nan,nan,nan,nan,nan,nan,nan,3.1545997709035873
264,0.0008392897400199063,0.28025233634312946,0.3551500538396971,0.529248255148104,0.15406731366205928,0.1352320687514296,0.9244078031565532,nan,nan,nan,nan,nan,nan,nan,3.255934454500675
265,0.000838141194187337,0.2810822520256043,0.3555340904333317,0.5300422276816779,0.153983498349835,0.13551289089304971,0.9242423291834134,nan,nan,nan,nan,nan,nan,nan,3.4528655111789703
266,0.0008369893603856756,0.2838021843830744,0.3567004302708272,0.5326091541716769,0.15457808058033526,0.13565281181583505,0.9234086200699277,nan,nan,nan,nan,nan,nan,nan,3.329611800611019
267,0.0008358342499830568,0.2816664753754934,0.3560104081784261,0.5305895891597671,0.15385782439630102,0.13603483318628892,0.92401666503284,nan,nan,nan,nan,nan,nan,nan,3.324587456882
268,0.0008346758743799539,0.28224289723237356,0.35581849946287947,0.5311261682300219,0.15369797078717773,0.13590063065712513,0.9242864751821717,nan,nan,nan,nan,nan,nan,nan,3.3421880826354027
269,0.0008335142450090662,0.2826134918530782,0.3563520146104957,0.5314835457050292,0.15404120511061006,0.1361358363559128,0.9237322811489069,nan,nan,nan,nan,nan,nan,nan,3.220071941614151
270,0.0008323493733352068,0.2813236041069031,0.3555661015030185,0.5302783441857257,0.1550796653922818,0.1345317452537333,0.9239243864980557,nan,nan,nan,nan,nan,nan,nan,3.3590888753533363
271,0.0008311812708551891,0.2816817524433136,0.35596920619506256,0.530609132820132,0.1538436101035846,0.13601914844949842,0.923986733326798,nan,nan,nan,nan,nan,nan,nan,3.2732428163290024
272,0.0008300099490977126,0.28172686012585957,0.35575471001617487,0.530646352100775,0.15376296441525342,0.13567245041335818,0.9240930300950887,nan,nan,nan,nan,nan,nan,nan,3.3223104029893875
273,0.0008288354196232504,0.28015612240632376,0.35483046456331896,0.5291845653500821,0.15375499134071824,0.1352041629905565,0.9245714472437343,nan,nan,nan,nan,nan,nan,nan,3.340311698615551
274,0.0008276576940239341,0.2798470895290375,0.3545032467200928,0.5288659373521132,0.15355416135672972,0.13525526909126556,0.9247526386301996,nan,nan,nan,nan,nan,nan,nan,3.4177048802375793
275,0.0008264767839234401,0.2791232225894928,0.35404271142228705,0.528188370247043,0.153310753847662,0.13502084762931738,0.9249150410090514,nan,nan,nan,nan,nan,nan,nan,3.306788593530655
276,0.0008252927009768741,0.2807528978983561,0.35526241236051204,0.5297396000191261,0.15383129104989707,0.1354501192693527,0.9243785903342809,nan,nan,nan,nan,nan,nan,nan,3.065738558769226
277,0.0008241054568706569,0.282243075966835,0.35570339509198445,0.5311405772401742,0.15423219945756952,0.13522354017579977,0.9241059700029409,nan,nan,nan,nan,nan,nan,nan,3.1867786198854446
278,0.0008229150633224085,0.2814455641110738,0.35564734666535963,0.5304002576520901,0.15473329412149137,0.13500584909976146,0.924166846387609,nan,nan,nan,nan,nan,nan,nan,3.301209032535553
279,0.0008217215320808326,0.2815384473005931,0.3561050020882348,0.530468003682485,0.15366473875110284,0.13611266869261185,0.9240385583112767,nan,nan,nan,nan,nan,nan,nan,3.32053791731596
280,0.0008205248749256007,0.28056244055430096,0.35492079156863704,0.5295577198966599,0.1536502630461066,0.1351826291540045,0.9244911609972879,nan,nan,nan,nan,nan,nan,nan,3.263926647603512
281,0.0008193251036672359,0.28072224124272666,0.3552466989041107,0.529702086898958,0.15413086952259583,0.13520939123615333,0.9243964970754501,nan,nan,nan,nan,nan,nan,nan,3.2738207057118416
282,0.000818122230146996,0.2802084398269653,0.35492112854540403,0.5292321092209081,0.1538433160147698,0.13527938437408096,0.9245074992647779,nan,nan,nan,nan,nan,nan,nan,3.336323857307434
283,0.0008169162662367569,0.281768364350001,0.35557656099381596,0.5306829782816266,0.1538918733457504,0.13560252262850048,0.9240396039603961,nan,nan,nan,nan,nan,nan,nan,3.3838484212756157
284,0.0008157072238388959,0.2801819220383962,0.3545598220558442,0.5292076068153856,0.15402552037381956,0.13474237819821586,0.9245732444531581,nan,nan,nan,nan,nan,nan,nan,3.4514672979712486
285,0.0008144951148861733,0.2813840572834015,0.355541560467928,0.5303335552384216,0.1540505832761494,0.13532983694409045,0.9241044668823318,nan,nan,nan,nan,nan,nan,nan,3.388243444263935
286,0.0008132799513416149,0.2803629955450694,0.35493806960561464,0.5293555112419933,0.15361879554292063,0.1354734176387936,0.9244856713394112,nan,nan,nan,nan,nan,nan,nan,3.2555987536907196
287,0.0008120617451983945,0.2803946508566538,0.35459152576187386,0.5293966030721012,0.15367035911511942,0.13499843152632096,0.9245942554651505,nan,nan,nan,nan,nan,nan,nan,3.303265929222107
288,0.0008108405084797147,0.27860422786076866,0.3537957226415711,0.5277132669445895,0.15369676175538347,0.13446129464431592,0.9252112537986472,nan,nan,nan,nan,nan,nan,nan,3.308939315378666
289,0.0008096162532386891,0.2790847260951996,0.3541633136201925,0.5281524065513283,0.15288667777668857,0.1354652811815835,0.9249176224553148,nan,nan,nan,nan,nan,nan,nan,3.310745060443878
290,0.0008083889915582226,0.27978378772735596,0.3539606416880085,0.5288345391530941,0.15345622978139398,0.1344456425840604,0.9250226121622063,nan,nan,nan,nan,nan,nan,nan,3.267383359372616
291,0.0008071587355508924,0.2797714746793111,0.35440624508575547,0.5288163500966184,0.15380851550501584,0.13489017416593144,0.9246540862006993,nan,nan,nan,nan,nan,nan,nan,3.3529567047953606
292,0.000805925497358829,0.28136175628503163,0.3554324572192677,0.5303193563265989,0.15349161846877757,0.13586060190177435,0.9241453452275921,nan,nan,nan,nan,nan,nan,nan,3.229476034641266
293,0.000804689289153595,0.2803120011488597,0.35498042675554686,0.5292982510309511,0.15407858706662744,0.13500499950985198,0.9244587458745874,nan,nan,nan,nan,nan,nan,nan,3.2059123292565346
294,0.0008034501231360666,0.2803336511452993,0.3548204430784972,0.5293284890264303,0.1538590007515603,0.13523500963957782,0.9244869784008104,nan,nan,nan,nan,nan,nan,nan,3.32348345965147
295,0.0008022080115363118,0.27939994271596275,0.35433909384905077,0.528455078432835,0.15291134856059863,0.1354973695389341,0.9249532725549783,nan,nan,nan,nan,nan,nan,nan,3.422896981239319
296,0.0008009629666134711,0.2791520960330963,0.3540932887630502,0.5282248150858316,0.15371528935071724,0.13452236708819396,0.9248339705257654,nan,nan,nan,nan,nan,nan,nan,3.212019234895706
297,0.0007997150006556348,0.28149631595611574,0.35437431979197304,0.5304393933371467,0.15326902591249225,0.13489416070319904,0.9249487958696859,nan,nan,nan,nan,nan,nan,nan,3.2377061173319817
298,0.0007984641259797236,0.27921018163363137,0.354368937226334,0.5282755070485828,0.1536129137666242,0.13494967813613046,0.9249769957193739,nan,nan,nan,nan,nan,nan,nan,3.1255667731165886
299,0.000797210354931365,0.2804691166083018,0.35490799979015536,0.5294584789628926,0.15343469594484202,0.13535738326307878,0.9243010162402379,nan,nan,nan,nan,nan,nan,nan,3.1771961972117424
300,0.0007959536998847734,0.27916419450442,0.35404767129907605,0.5282305139427386,0.15346583668267816,0.1349604940692089,0.9250125804659673,0.2777236807346344,0.34181659197014996,0.5269026300985264,0.7214782864425057,0.1529310851877267,0.12559062836976767,0.9234427997255171,3.427027203142643
301,0.0007946941732426267,0.2798549979527791,0.35447735362954613,0.5288904421317425,0.15365192954939058,0.13491144659020357,0.9247364310688495,nan,nan,nan,nan,nan,nan,nan,3.286173790693283
302,0.0007934317874359444,0.2806585221687953,0.35467905515799103,0.5296669368038075,0.15349942816063786,0.13544721105773944,0.924532072019083,nan,nan,nan,nan,nan,nan,nan,3.32217675447464
303,0.0007921665549239647,0.2791031734148661,0.35407123854789563,0.528178232697774,0.15397630951213934,0.13426043198379245,0.9250889128516812,nan,nan,nan,nan,nan,nan,nan,3.255889445543289
304,0.0007908984881940217,0.2805762110153834,0.3546840831321684,0.5295589244147076,0.1532689278828873,0.13558850439499395,0.9244220174492697,nan,nan,nan,nan,nan,nan,nan,3.0991776511073112
305,0.0007896275997614223,0.27882394528388976,0.35372261093683627,0.5279152081486737,0.15275231186484986,0.1352801359343855,0.9251452145214522,nan,nan,nan,nan,nan,nan,nan,3.2828767374157906
306,0.0007883539021693218,0.2783296504020691,0.35364564525179315,0.5274431086551371,0.15329170342776852,0.1346467666568637,0.9253002973564683,nan,nan,nan,nan,nan,nan,nan,3.3037799447774887
307,0.0007870774079886016,0.2790688996315002,0.3537958939380943,0.5281452232943148,0.1532229846747051,0.13490432310557787,0.9249299088324674,nan,nan,nan,nan,nan,nan,nan,3.448404408991337
308,0.0007857981298177439,0.2782450580596924,0.35337425635354375,0.5273680908585655,0.15377976015423325,0.1340593405875241,0.9252624579289612,nan,nan,nan,nan,nan,nan,nan,3.3125050365924835
309,0.0007845160802827075,0.27927939673264823,0.3542783873568359,0.5283397497527116,0.15342554651504756,0.13493690161095317,0.9249886612423619,nan,nan,nan,nan,nan,nan,nan,3.2849366888403893
310,0.000783231272036804,0.27830755949020386,0.35333416990368594,0.5274308419647781,0.15321873672515765,0.1345753684279319,0.9252433421559978,nan,nan,nan,nan,nan,nan,nan,3.2247812896966934
311,0.000781943717760572,0.27952974367141725,0.3541094720084632,0.5285771379191407,0.15305780479038003,0.13536391857007482,0.9250551579910467,nan,nan,nan,nan,nan,nan,nan,3.2558651119470596
312,0.0007806534301616525,0.2790857117970785,0.35401665265149657,0.5281548697257816,0.153413194784825,0.13471483187922753,0.9249748063915303,nan,nan,nan,nan,nan,nan,nan,3.2638143226504326
313,0.000779360421974663,0.2795698444048564,0.3542374703358331,0.528622561207573,0.1530370225141326,0.1352672613796033,0.9246857497630951,nan,nan,nan,nan,nan,nan,nan,3.4778297170996666
314,0.0007780647059610726,0.28014614280064903,0.35444609405634253,0.5291570204881337,0.15365810541450184,0.13483919877136227,0.9246306571251185,nan,nan,nan,nan,nan,nan,nan,3.1540878042578697
315,0.0007767662949090747,0.2811630952358246,0.3542475219443355,0.5301236457548747,0.1529496127830605,0.1349361827271836,0.9249897395680162,nan,nan,nan,nan,nan,nan,nan,3.456210635602474
316,0.0007754652016334627,0.27865502786636354,0.35357913012255743,0.5277578731557908,0.15289664411985754,0.1352558245923602,0.9251813547691403,nan,nan,nan,nan,nan,nan,nan,3.3174595683813095
317,0.0007741614389755017,0.2776827827294668,0.353242805035454,0.5268301612248898,0.15323187269221972,0.1345942227886155,0.9254285527562657,nan,nan,nan,nan,nan,nan,nan,3.338407889008522
318,0.0007728550198028029,0.2795029480457306,0.35422820813370015,0.5285488970452001,0.153467797274777,0.13497098323693754,0.9248917426396105,nan,nan,nan,nan,nan,nan,nan,3.114803232252598
319,0.0007715459570091961,0.27960947060585023,0.35435946524339934,0.5286525691788252,0.15338934091428946,0.13516073587556776,0.9247625722968337,nan,nan,nan,nan,nan,nan,nan,3.221508763730526
320,0.0007702342635146026,0.27824156483014423,0.3533934203754534,0.5273662619010245,0.15363434957357122,0.13426624840701892,0.9253541482861157,nan,nan,nan,nan,nan,nan,nan,3.4021883383393288
321,0.0007689199522649077,0.2773513705730438,0.35297537491218184,0.526528796896518,0.15306260824102214,0.13453266019671273,0.925481031271444,nan,nan,nan,nan,nan,nan,nan,3.5085302591323853
322,0.0007676030362318327,0.27827987090746564,0.3532786682346298,0.5274072887843263,0.1532978466163448,0.1343360128092017,0.9252816390549946,nan,nan,nan,nan,nan,nan,nan,3.3851032853126526
323,0.0007662835284128072,0.27734638516108195,0.35269965937265135,0.5265232996828294,0.1531506061497239,0.1342588308335784,0.9256054961931837,nan,nan,nan,nan,nan,nan,nan,3.2362246811389923
324,0.0007649614418308407,0.27743104497591653,0.3527717963337949,0.5265990233817923,0.15285547168578245,0.1345675914126066,0.9256767963925105,nan,nan,nan,nan,nan,nan,nan,3.207992561161518
325,0.000763636789534394,0.27779615795612334,0.35331299250941495,0.5269392473130169,0.15310224487795315,0.13492968009672254,0.9255061595268438,nan,nan,nan,nan,nan,nan,nan,3.314039781689644
326,0.0007623095845972505,0.27984178256988523,0.35402783185574127,0.5288873735983081,0.15387383589844134,0.13447162042936966,0.924763748652093,nan,nan,nan,nan,nan,nan,nan,3.3132133036851883
327,0.0007609798401183871,0.2771675613721212,0.35285948975080056,0.5263335683326534,0.1529004999509852,0.13434519491553115,0.9255915106362121,nan,nan,nan,nan,nan,nan,nan,3.204441584646702
328,0.0007596475692218452,0.2810464880069097,0.3538874438882626,0.5300268957809987,0.1531497238832794,0.13458004117243408,0.9251781524687123,nan,nan,nan,nan,nan,nan,nan,3.249322585761547
329,0.0007583127850566003,0.2783130191167196,0.35344135391648696,0.5274419167899479,0.15340953501290724,0.13430706139920923,0.9253229748717446,nan,nan,nan,nan,nan,nan,nan,3.4532026425004005
330,0.0007569755007964333,0.2769979394276937,0.35245706513914077,0.5261923062475959,0.15299578472698755,0.13421824657713297,0.9256717315295886,nan,nan,nan,nan,nan,nan,nan,3.304587297141552
331,0.0007556357296398001,0.2774720348119736,0.3527754354914142,0.5266383083008389,0.15292190308139725,0.1345292618370748,0.9256219978433486,nan,nan,nan,nan,nan,nan,nan,3.462279722094536
332,0.000754293484809701,0.27703367567062376,0.3523674461041401,0.5262214588364991,0.1528765480508447,0.13411822370355847,0.9259359539914388,nan,nan,nan,nan,nan,nan,nan,3.3342599347233772
333,0.000752948779553551,0.2774042822519938,0.3525730521594084,0.5265824866820606,0.15251681207724732,0.13448537725059634,0.925886024245989,nan,nan,nan,nan,nan,nan,nan,3.3007841780781746
334,0.0007516016271430474,0.2797528875668844,0.3540067282389594,0.5287935219243122,0.153677678658955,0.13440904486488253,0.9247907067934517,nan,nan,nan,nan,nan,nan,nan,3.2744800820946693
335,0.0007502520408740412,0.2774968883196513,0.35313606260262476,0.5266476998537609,0.1527043100349639,0.1346900957422475,0.925530568898474,nan,nan,nan,nan,nan,nan,nan,3.350790821015835
336,0.0007489000340664038,0.2776404400666555,0.3528695568040715,0.5267897582114486,0.15322138352449105,0.13403888507662648,0.9254926967944319,nan,nan,nan,nan,nan,nan,nan,3.045055627822876
337,0.0007475456200638967,0.27675768915812177,0.3524883234997386,0.5259626553217214,0.15278433486913048,0.1342008299839885,0.9255626899323596,nan,nan,nan,nan,nan,nan,nan,3.3273672610521317
338,0.0007461888122340389,0.27721593793233235,0.3525256067879375,0.5263927824847167,0.1521623043492468,0.13477995621344313,0.9256568637061726,nan,nan,nan,nan,nan,nan,nan,3.1147795990109444
339,0.0007448296239679765,0.27777299920717874,0.35324804859817666,0.5269288470660491,0.1531264255138385,0.13448531189752638,0.925447897264974,nan,nan,nan,nan,nan,nan,nan,3.1556829139590263
340,0.0007434680686803485,0.27743286116917926,0.3527351301343006,0.5265976927156734,0.15269300395386073,0.13466751625657616,0.9255290004247949,nan,nan,nan,nan,nan,nan,nan,3.2922528013587
341,0.0007421041598091562,0.27606189306577045,0.3516376163335702,0.5253041779540695,0.1528294284874032,0.1335594876319315,0.9260526745743881,nan,nan,nan,nan,nan,nan,nan,3.2812658324837685
342,0.0007407379108156294,0.27735237455368045,0.35253494225698867,0.5265309813660543,0.15283972159592196,0.13421298565500114,0.9255126621573049,nan,nan,nan,nan,nan,nan,nan,3.1608032286167145
343,0.000739369335184094,0.2789683882395426,0.3537516855220485,0.5280553200035522,0.15296140901218835,0.13496751952422964,0.9251004149919942,nan,nan,nan,nan,nan,nan,nan,3.2562790513038635
344,0.0007379984464218392,0.27749624411265056,0.3526184180395917,0.5266642784943341,0.15333228768421397,0.13397996928405712,0.9256255922621965,nan,nan,nan,nan,nan,nan,nan,3.454996705055237
345,0.0007366252580589834,0.2765690522193909,0.35227017246317766,0.525778614419792,0.1528725941901121,0.1340838153122243,0.9257766885599451,nan,nan,nan,nan,nan,nan,nan,3.1710319593548775
346,0.0007352497836483414,0.2767000302473704,0.35209794293553737,0.5259083040410614,0.15275927196680064,0.13379211188445578,0.9257799235369082,nan,nan,nan,nan,nan,nan,nan,3.3260886296629906
347,0.0007338720367652904,0.275730917930603,0.351372375410499,0.5249898199693236,0.1528751756363755,0.1334342057968173,0.9263038264222462,nan,nan,nan,nan,nan,nan,nan,3.333347648382187
348,0.0007324920310076361,0.2772457361221313,0.3525555187093586,0.5264295471836045,0.1532232787635199,0.1338819723556514,0.9257686828088749,nan,nan,nan,nan,nan,nan,nan,3.376573160290718
349,0.0007311097799954778,0.27658873407046,0.35228961429945593,0.5257986682687678,0.1525310917230337,0.13429863085318433,0.9257870470215338,nan,nan,nan,nan,nan,nan,nan,3.530005395412445
350,0.0007297252973710752,0.2775336447556814,0.35277602788125345,0.5266942055531116,0.15237796948011634,0.13496885926216384,0.9254607064666863,0.27816075205802915,0.3407885600982747,0.5272547306407531,0.7209028526615038,0.1525497500245074,0.1265473973139888,0.9232712479168709,3.375232644379139
351,0.0007283385967987129,0.27564396206537883,0.3514645077305534,0.5249148754662618,0.1524439760807764,0.13395196549357907,0.9261419141914191,nan,nan,nan,nan,nan,nan,nan,3.2373922541737556
352,0.0007269496919645657,0.27549824746449786,0.35116597809804184,0.5247496452214848,0.1524839721595922,0.133634741691991,0.9264201222102408,nan,nan,nan,nan,nan,nan,nan,3.440231531858444
353,0.0007255585965765632,0.277504456003507,0.3523262741806359,0.5266897785228614,0.15286357546645754,0.1340168610920498,0.9257431297585204,nan,nan,nan,nan,nan,nan,nan,3.3571612909436226
354,0.0007241653243642559,0.27736861411730446,0.3526998955116737,0.5265444505259677,0.1527510701565206,0.13408518772669345,0.9255434761297912,nan,nan,nan,nan,nan,nan,nan,3.1987280175089836
355,0.0007227698890786776,0.2762209177017212,0.35207438672781266,0.5254505179870329,0.15265875894520145,0.13415325294905728,0.9258919713753554,nan,nan,nan,nan,nan,nan,nan,3.231361471116543
356,0.0007213723044922114,0.27462743333975476,0.3508510043184083,0.5239340079751806,0.15216302323301636,0.1335313858118485,0.9266961735777538,nan,nan,nan,nan,nan,nan,nan,3.1210126355290413
357,0.000719972584398453,0.27618372488021853,0.3515770312295772,0.5254062755602158,0.15274012351730223,0.13365460902525897,0.9260079730745352,nan,nan,nan,nan,nan,nan,nan,3.0983369946479797
358,0.0007185707426120743,0.27994239815076194,0.35336813116259025,0.528987021123755,0.15316302323301637,0.1342416429761788,0.9253286932653662,nan,nan,nan,nan,nan,nan,nan,3.045121170580387
359,0.0007171667929686882,0.2775827731291453,0.35271071335939286,0.5267557246929139,0.1529110871483188,0.1342613142502369,0.9256887233277783,nan,nan,nan,nan,nan,nan,nan,3.2131142616271973
360,0.0007157607493247106,0.27603164935112,0.35162265277811816,0.5252795218491169,0.1527692383099696,0.1336621246283044,0.9260890762343561,nan,nan,nan,nan,nan,nan,nan,3.1589452996850014
361,0.0007143526255572249,0.2765694323380788,0.3520778518445904,0.5257871686778159,0.15261288109008922,0.13419243211449858,0.9257721465215829,nan,nan,nan,nan,nan,nan,nan,3.151023954153061
362,0.0007129424355638437,0.2756146775086721,0.3513075210406251,0.5248739292334472,0.15299036042218084,0.1333766950952521,0.9262227886154952,nan,nan,nan,nan,nan,nan,nan,3.1228442639112473
363,0.0007115301932625734,0.27506669823328656,0.3510680081660703,0.5243639530167421,0.15270780642420678,0.13346965983727085,0.9264657386530732,nan,nan,nan,nan,nan,nan,nan,3.1220901757478714
364,0.0007101159125916754,0.2757960124015808,0.35176473162863936,0.5250474527423955,0.15277018592948405,0.1336778747181649,0.9262023657811326,nan,nan,nan,nan,nan,nan,nan,3.1347395330667496
365,0.0007086996075095284,0.27685407996177674,0.35197371479103357,0.5260488730873885,0.15321229944776657,0.13353916282717382,0.9258473352285723,nan,nan,nan,nan,nan,nan,nan,3.2574743926525116
366,0.0007072812919944924,0.275260005235672,0.3515580889230631,0.5245145942152762,0.15170038885076625,0.1345261248897167,0.9263102636996373,nan,nan,nan,nan,nan,nan,nan,3.138490781188011
367,0.0007058609800447685,0.27698600204785667,0.35180868935439336,0.5261821038608115,0.15238211940005883,0.13400702545502075,0.926010031696239,nan,nan,nan,nan,nan,nan,nan,3.1197527572512627
368,0.0007044386856782626,0.2754126220544179,0.35145397765333464,0.5246760822980332,0.15244822403032382,0.13374708361925303,0.9263033035976865,nan,nan,nan,nan,nan,nan,nan,3.0553287118673325
369,0.0007030144229324455,0.2758155330022176,0.3512853590104524,0.5250678873119846,0.15184125739306603,0.1341367186223573,0.9260967552200765,nan,nan,nan,nan,nan,nan,nan,3.2839896976947784
370,0.000701588205864216,0.27859953943888344,0.3526743125929239,0.5277121968711651,0.15290866908473025,0.13392575891252492,0.9257545665457635,nan,nan,nan,nan,nan,nan,nan,3.1077870577573776
371,0.0007001600485497603,0.2739053100744883,0.3505809905789465,0.5232352515330593,0.15245221056759142,0.13299284383883933,0.9269663758455053,nan,nan,nan,nan,nan,nan,nan,3.394683673977852
372,0.0006987299650844149,0.27623269939422607,0.3518204282719423,0.5254605892539487,0.15284707381629253,0.13350135607620167,0.9259714080318923,nan,nan,nan,nan,nan,nan,nan,3.2923701480031013
373,0.000697297969582526,0.2759489916960398,0.35158472502185245,0.5251921856346081,0.15260902525896153,0.13363392477861646,0.9260188543606835,nan,nan,nan,nan,nan,nan,nan,3.294794574379921
374,0.0006958640761773109,0.27472239057223,0.35065194122869897,0.5240284267147872,0.15238107375093946,0.13347812305983073,0.9267081005130215,nan,nan,nan,nan,nan,nan,nan,3.2740410193800926
375,0.0006944282990207192,0.2760257422924042,0.3519353004607391,0.5252725533033057,0.15228529882691239,0.1343839492860177,0.9261001209031794,nan,nan,nan,nan,nan,nan,nan,3.3994830921292305
376,0.0006929906522832914,0.2758832999865214,0.3514238835219382,0.5251318820317585,0.15285566774499232,0.13373169297127732,0.9262245204718491,nan,nan,nan,nan,nan,nan,nan,3.2693972513079643
377,0.0006915511501540203,0.2755579907099406,0.3515477949210453,0.5248124554638938,0.15273509133091526,0.1338120772473287,0.9263049374244355,nan,nan,nan,nan,nan,nan,nan,3.287817880511284
378,0.0006901098068402109,0.2779320724010467,0.3518111998313074,0.5270767268480854,0.1526517334901807,0.13352723589190602,0.9262118419762768,nan,nan,nan,nan,nan,nan,nan,3.3956544026732445
379,0.0006886666365673401,0.2763250294526418,0.35190161120846,0.5255489337291287,0.15240855471685782,0.13419194196647388,0.9260254550207496,nan,nan,nan,nan,nan,nan,nan,3.252492532134056
380,0.0006872216535789153,0.27553499523798625,0.3514051038960641,0.5247986614164981,0.15272260889455283,0.13345155703689182,0.9263144462961148,nan,nan,nan,nan,nan,nan,nan,3.227323994040489
381,0.0006857748721363358,0.2756326588789622,0.35110708534498253,0.524894865121286,0.15250913309152697,0.13377309414109728,0.9263082050779335,nan,nan,nan,nan,nan,nan,nan,3.2424619123339653
382,0.0006843263065187499,0.2750518954992294,0.3510598143972813,0.5243334164867535,0.15235019442538314,0.13355484756396432,0.9264037185896807,nan,nan,nan,nan,nan,nan,nan,3.333057999610901
383,0.0006828759710229157,0.27398837717374164,0.3504882792715379,0.5233278721112868,0.1522329183413391,0.13335852694180308,0.9268511910597,nan,nan,nan,nan,nan,nan,nan,3.303472988307476
384,0.0006814238799630589,0.2758165168762207,0.3511303999250482,0.5250735245922604,0.15235316799006635,0.13375557951834788,0.9262407607097344,nan,nan,nan,nan,nan,nan,nan,3.265977256000042
385,0.0006799700476707322,0.27479689757029213,0.35082958548794235,0.5240996620696299,0.1520229716040911,0.13375757278698167,0.9267150606149724,nan,nan,nan,nan,nan,nan,nan,3.2682167068123817
386,0.0006785144884946731,0.2753240178426107,0.35130591363591807,0.5245920967324251,0.1520533607816227,0.133904127046368,0.9264649870927687,nan,nan,nan,nan,nan,nan,nan,3.293222650885582
387,0.0006770572168006631,0.27455190841356913,0.35055718119189705,0.5238619926564088,0.1523171911250531,0.1331692317746626,0.9266884292389636,nan,nan,nan,nan,nan,nan,nan,3.3237880021333694
388,0.0006755982469713859,0.2742408764362335,0.3505129470558442,0.5235630462517793,0.15214831879227528,0.1333847988759272,0.9267467568539032,nan,nan,nan,nan,nan,nan,nan,3.305773362517357
389,0.0006741375934062841,0.27414286049207054,0.3503585343450806,0.5234721505047802,0.15252161552788943,0.13301146946377806,0.9267312681763226,nan,nan,nan,nan,nan,nan,nan,3.302833527326584
390,0.0006726752705214193,0.27680889280637105,0.35141478610655,0.5260079014411134,0.15215099826814366,0.1339141914191419,0.9263770218606019,nan,nan,nan,nan,nan,nan,nan,3.3241090774536133
391,0.0006712112927493273,0.27443134689331056,0.35053524138769077,0.5237501343812581,0.15228640982910172,0.13342087377054537,0.9267732248472372,nan,nan,nan,nan,nan,nan,nan,3.4267702251672745
392,0.0006697456745388782,0.276726588567098,0.35161301473201156,0.5259381639934944,0.15228471064928276,0.13382387347645655,0.9262912786328138,nan,nan,nan,nan,nan,nan,nan,3.2165466099977493
393,0.000668278430355132,0.2756265825430552,0.3513526654606983,0.5248779109860853,0.152646276508839,0.13352037381956017,0.9262938600790772,nan,nan,nan,nan,nan,nan,nan,3.2163845598697662
394,0.0006668095746791965,0.27465873503684995,0.35054749662002094,0.5239741333853497,0.15213975754011044,0.13338401463908767,0.9266113452929451,nan,nan,nan,nan,nan,nan,nan,3.225370869040489
395,0.0006653391220080838,0.27530421257019044,0.35095087140404946,0.5245924665148687,0.1522329183413391,0.13378988988007712,0.9265001470444074,nan,nan,nan,nan,nan,nan,nan,3.1783656254410744
396,0.0006638670868545684,0.27350928926467893,0.34990344722126915,0.5228751764394909,0.15168039081135837,0.13337731594941674,0.9270232330163709,nan,nan,nan,nan,nan,nan,nan,3.3791270703077316
397,0.0006623934837470433,0.27696664675076804,0.35194141633377446,0.5261650888298866,0.1526368656667647,0.1337839427507107,0.9259135705649773,nan,nan,nan,nan,nan,nan,nan,3.2559943795204163
398,0.0006609183272293757,0.2753359338442484,0.3509299030885452,0.5246199315764325,0.1522948730516616,0.13361435153416332,0.9263489853935889,nan,nan,nan,nan,nan,nan,nan,3.3739041164517403
399,0.0006594416318607653,0.2752563954194387,0.3510717863904274,0.5245425994347115,0.15237130346698036,0.13348884096330424,0.9264691370127112,nan,nan,nan,nan,nan,nan,nan,3.277434505522251
400,0.0006579634122155989,0.27507102529207866,0.350781103210878,0.5243623459905943,0.15200637192432115,0.13375185439336013,0.9264424729601674,0.2753500604629517,0.3394172312303941,0.5246319536312145,0.7219939221644937,0.14943142829134398,0.12857464954416234,0.9249250073522204,3.4228657260537148
401,0.0006564836828833079,0.2769534712632497,0.35202426756057414,0.5261572660126795,0.15269284057118584,0.13379113158840636,0.9258130575433781,nan,nan,nan,nan,nan,nan,nan,3.3094796240329742
402,0.0006550024584682231,0.2748188072045644,0.35104654172487176,0.5241179411443705,0.15286854229977453,0.13281527954775676,0.926623174198608,nan,nan,nan,nan,nan,nan,nan,3.3200243413448334
403,0.0006535197535894318,0.2736121237277985,0.34985502691474285,0.5229722295684908,0.1516351991634807,0.13340384929582066,0.9269441558017187,nan,nan,nan,nan,nan,nan,nan,3.2597453594207764
404,0.0006520355828806322,0.2754432162443797,0.35131840902801603,0.5247061062132489,0.15215567101264582,0.13378417148645558,0.9263745384439434,nan,nan,nan,nan,nan,nan,nan,3.3082552179694176
405,0.0006505499609899904,0.27574832081794737,0.35128244677809367,0.5250042089712564,0.15206845734078359,0.13401310329052707,0.9262752017776035,nan,nan,nan,nan,nan,nan,nan,3.3912451416254044
406,0.0006490629025799945,0.2729163587888082,0.3495648139071333,0.5223052930324971,0.15206623533640493,0.13284798875927198,0.927408391334183,nan,nan,nan,nan,nan,nan,nan,3.288360431790352
407,0.0006475744223273106,0.2744767551422119,0.3504339824858878,0.5238022591700595,0.15212217756429108,0.13330265006698688,0.9268764500212398,nan,nan,nan,nan,nan,nan,nan,3.0270384326577187
408,0.0006460845349226381,0.2757107146581014,0.35116607453211285,0.5249697568012763,0.15257216612750385,0.13356638238081234,0.9263951900140509,nan,nan,nan,nan,nan,nan,nan,3.287560671567917
409,0.0006445932550705639,0.2739746655623118,0.35009416802989085,0.5233263504416282,0.15235316799006635,0.13300094761951442,0.9267800215665131,nan,nan,nan,nan,nan,nan,nan,3.2590640038251877
410,0.0006431005974894184,0.2747288587888082,0.3506404983146056,0.524022344249474,0.15190072868673005,0.13357347318890306,0.9267264974022155,nan,nan,nan,nan,nan,nan,nan,3.3397627398371696
411,0.000641606576911129,0.2751263839403788,0.3507987851732265,0.5244124082594547,0.15229186681044343,0.13336189262490605,0.9265810214684835,nan,nan,nan,nan,nan,nan,nan,3.3405117094516754
412,0.0006401112080810759,0.27376409339904784,0.3501495921559978,0.5231160397157864,0.15219217070221874,0.13291069502989902,0.9270289514099925,nan,nan,nan,nan,nan,nan,nan,3.429116502404213
413,0.0006386145057579454,0.2735459759235382,0.3498894205633435,0.5229052659222738,0.15158337417900206,0.13355046890827696,0.9270574453484952,nan,nan,nan,nan,nan,nan,nan,3.323052629828453
414,0.0006371164847135857,0.2729430635770162,0.34945397063298533,0.5223165831155472,0.1520289187334575,0.1325776884619155,0.9272625559585661,nan,nan,nan,nan,nan,nan,nan,3.2688861191272736
415,0.0006356171597328594,0.27306892244021097,0.34975743984709423,0.5224477902020008,0.15160255530503544,0.13330833578407345,0.9270988138417802,nan,nan,nan,nan,nan,nan,nan,3.305256560444832
416,0.0006341165456134987,0.2736348861058553,0.34968065305331586,0.5229911774256362,0.15232944482567068,0.13267365944515244,0.927023167663301,nan,nan,nan,nan,nan,nan,nan,3.3129431754350662
417,0.0006326146571659595,0.2738956929842631,0.35015824914019866,0.5232431086443468,0.15184357742704963,0.1333269287324772,0.9268282848086788,nan,nan,nan,nan,nan,nan,nan,3.340922027826309
418,0.0006311115092132741,0.2748536245822906,0.35064551945989775,0.5241511317255174,0.1522373950266314,0.13333908440348985,0.926474299905238,nan,nan,nan,nan,nan,nan,nan,3.3752638772130013
419,0.000629607116590906,0.27260331304868063,0.34904491211033234,0.521996705717955,0.151895892559553,0.1327125445217789,0.9274191419141914,nan,nan,nan,nan,nan,nan,nan,3.355984181165695
420,0.000628101494146603,0.2769672611554464,0.3521070108016371,0.5261633929974293,0.1525209619971898,0.1342546809136359,0.9258087769172957,nan,nan,nan,nan,nan,nan,nan,3.3013874292373657
421,0.0006265946567402511,0.27369371859232583,0.35000724634073865,0.523034129990381,0.15204911283207528,0.13306254288795216,0.9269556579420318,nan,nan,nan,nan,nan,nan,nan,3.3107728958129883
422,0.0006250866192437267,0.27331603185335795,0.3498200819134358,0.5226749553368897,0.15195461229291246,0.13312819004672743,0.9272195863150672,nan,nan,nan,nan,nan,nan,nan,3.0918781757354736
423,0.0006235773965407515,0.2739247182607651,0.35026756440340817,0.5232723311376093,0.15167709048132536,0.1334520798614515,0.9270189523902885,nan,nan,nan,nan,nan,nan,nan,3.291670098900795
424,0.0006220670035267439,0.27340064585208895,0.34993770792998236,0.5227740140928602,0.15157187203868902,0.13348129268372383,0.9270800575107015,nan,nan,nan,nan,nan,nan,nan,3.426864393055439
425,0.0006205554551086734,0.27596901313463845,0.3509826370167957,0.5252065796035532,0.15240982910172204,0.13293458157696958,0.9263299022971604,nan,nan,nan,nan,nan,nan,nan,3.457191079854965
426,0.0006190427662049124,0.27468944120407107,0.35054311081634154,0.5240044014667347,0.15241737738130248,0.13307113681665197,0.9265602391922361,nan,nan,nan,nan,nan,nan,nan,3.4296837225556374
427,0.0006175289517450901,0.2743610674937566,0.35045615000469726,0.5236750952756384,0.15174179002058621,0.1336086004640068,0.9268745547822109,nan,nan,nan,nan,nan,nan,nan,3.199762813746929
428,0.0006160140266699438,0.2736926275889079,0.34972047477218327,0.5230449811190011,0.15170372185733424,0.13302003071594287,0.9273155899748391,nan,nan,nan,nan,nan,nan,nan,3.381722003221512
429,0.0006144980059311724,0.27377166167895,0.35011159757877086,0.5231129201688034,0.15193066039277195,0.13317184589746103,0.9268906316374211,nan,nan,nan,nan,nan,nan,nan,3.2367424368858337
430,0.0006129809044912888,0.27374293700853986,0.3496429738812371,0.5231000456414214,0.15219674541711598,0.1327028069143548,0.9269923210142796,nan,nan,nan,nan,nan,nan,nan,3.33250343054533
431,0.0006114627373234713,0.2728324158191681,0.34942816663705356,0.5222296581201056,0.15152968663202954,0.13307263993726104,0.927269516060517,nan,nan,nan,nan,nan,nan,nan,3.174810104072094
432,0.0006099435194114174,0.2744958979288737,0.3504212537629072,0.5238063019483017,0.15204159722902982,0.13321265888965134,0.9267595660556155,nan,nan,nan,nan,nan,nan,nan,3.3937889114022255
433,0.000608423265749194,0.27260570355256397,0.3493611152807731,0.5220029765961471,0.15185226938535437,0.13271894912263504,0.9273332353037284,nan,nan,nan,nan,nan,nan,nan,3.3577447459101677
434,0.0006069019913410915,0.27243747186660766,0.34917356856353954,0.5218423341216134,0.15178047903800282,0.13274613599973858,0.9272835342940234,nan,nan,nan,nan,nan,nan,nan,3.3926798328757286
435,0.0006053797112014739,0.2722424882253011,0.3491511296124971,0.521666660484355,0.15135104401529262,0.1334284547266608,0.9275449138973303,nan,nan,nan,nan,nan,nan,nan,3.294729508459568
436,0.0006038564403546317,0.27272203425566355,0.3490751565410254,0.5221165890140534,0.15188857301571743,0.13252981733816946,0.9272687971767474,nan,nan,nan,nan,nan,nan,nan,3.2221391573548317
437,0.000602332193834633,0.27187872167428334,0.34902381123786885,0.5213049938084006,0.1510282325262229,0.13318632160245727,0.9274767833218965,nan,nan,nan,nan,nan,nan,nan,3.180083654820919
438,0.000600806986685176,0.2741523249944051,0.3503470357787635,0.5234832098094441,0.15193673822827827,0.13348753390190504,0.9268042022023985,nan,nan,nan,nan,nan,nan,nan,3.114798568189144
439,0.0005992808339594393,0.2744570802052816,0.34986642394128026,0.5237844591458812,0.15166238604058427,0.1327377054537137,0.9270229062510211,nan,nan,nan,nan,nan,nan,nan,3.2509834095835686
440,0.0005977537507199338,0.27629458554585773,0.35049636747980184,0.5255279563760042,0.15198062281475672,0.1330542103715322,0.9268052805280528,nan,nan,nan,nan,nan,nan,nan,3.3711063489317894
441,0.0005962257520383552,0.2717295970916748,0.3488263379381719,0.5211694172657815,0.15131562265137405,0.13278930170244746,0.9276841486128811,nan,nan,nan,nan,nan,nan,nan,3.1906102374196053
442,0.0005946968529954331,0.27252300473054253,0.34896767461012806,0.5219292498283395,0.1518277619841192,0.13273401300526091,0.9273137274123452,nan,nan,nan,nan,nan,nan,nan,3.3912101089954376
443,0.0005931670686807841,0.276251448392868,0.35057457461788877,0.5254889620329033,0.15221625330849917,0.1327426396104957,0.9266827108453419,nan,nan,nan,nan,nan,nan,nan,3.160757251083851
444,0.0005916364141927618,0.2716310786406199,0.348599181133692,0.521070976361827,0.15131542659216415,0.1325725582459236,0.9276039277195046,nan,nan,nan,nan,nan,nan,nan,3.1989107206463814
445,0.0005901049046383079,0.273789958635966,0.3498579739935627,0.5231362253380496,0.15212325588994544,0.13288220109139626,0.9270060124824364,nan,nan,nan,nan,nan,nan,nan,3.309771530330181
446,0.0005885725551328033,0.2757065143585205,0.3504855947537823,0.5249750423992768,0.15218805345881123,0.1328100839786949,0.9267723752573277,nan,nan,nan,nan,nan,nan,nan,3.522924207150936
447,0.0005870393807999194,0.27210784928003945,0.34876359854426037,0.521537213669625,0.15129506911087148,0.13257232951017875,0.9276822533738522,nan,nan,nan,nan,nan,nan,nan,3.322945073246956
448,0.0005855053967714675,0.2720086929798126,0.34884793872332776,0.5214362316987069,0.15154948861222756,0.13249527824069535,0.9276102669672908,nan,nan,nan,nan,nan,nan,nan,3.4171549305319786
449,0.0005839706181872507,0.2733855856259664,0.34968464182433096,0.5227470430162334,0.15132794170506159,0.13341923994379637,0.9271578276639545,nan,nan,nan,nan,nan,nan,nan,3.465519793331623
450,0.0005824350601949143,0.2721299348672231,0.3488577704034327,0.5215472178824826,0.15189409535012907,0.13271483187922753,0.9276097114661961,0.2719512438774109,0.3379124308431771,0.5214033046029507,0.7238260954808352,0.14599843152632094,0.13017547299284385,0.9260513675129889,3.553817242383957
451,0.0005808987379497955,0.27178798977533974,0.34869161386087555,0.5212297687819473,0.1508019801980198,0.1330110773453583,0.9278480214358069,nan,nan,nan,nan,nan,nan,nan,3.374705232679844
452,0.0005793616666147748,0.2733645269870758,0.34947680489351535,0.522733566418164,0.15212570663006894,0.13256285331503448,0.9270610397673431,nan,nan,nan,nan,nan,nan,nan,3.3481905683875084
453,0.0005778238613601255,0.27282335531711577,0.3493270369734993,0.5222036741118414,0.15148126000718884,0.13305594222788616,0.9272966375845505,nan,nan,nan,nan,nan,nan,nan,3.423260733485222
454,0.0005762853373633648,0.27220776371161143,0.34878495980786195,0.5216143369681787,0.15177773420906446,0.13233607816227166,0.9275809234388785,nan,nan,nan,nan,nan,nan,nan,3.383190080523491
455,0.0005747461098091034,0.27136602918306985,0.34845569655395303,0.5208210985639411,0.15109580760056204,0.13286867300591446,0.927887560043133,nan,nan,nan,nan,nan,nan,nan,3.3048044815659523
456,0.000573206193888896,0.27262234981854755,0.34916985377761167,0.5220265598767008,0.15136274221481555,0.13325151128974283,0.9273869555272359,nan,nan,nan,nan,nan,nan,nan,3.0919302254915237
457,0.0005716656048010907,0.2728694066206614,0.3488568267408424,0.5222618112098327,0.15169725190340816,0.13244979250400288,0.9276732346501977,nan,nan,nan,nan,nan,nan,nan,3.1675386652350426
458,0.00057012435775068,0.2719654819170634,0.3487454403469431,0.5213926338850358,0.1509976799660164,0.13289615397183283,0.9277330980622814,nan,nan,nan,nan,nan,nan,nan,3.2172048538923264
459,0.0005685824679491501,0.27275898758570355,0.3492686041171413,0.5221622108740939,0.1514300558768748,0.1330287553507826,0.9275286736594451,nan,nan,nan,nan,nan,nan,nan,3.173331633210182
460,0.0005670399506143307,0.2731249783039093,0.349413101031251,0.5224923085476211,0.15197464300885535,0.1325707283599647,0.9272471979871254,nan,nan,nan,nan,nan,nan,nan,3.06138863414526
461,0.0005654968209702453,0.2724221704800924,0.3490119694402918,0.5218402644944649,0.1517356795085449,0.13279841845570695,0.9273262425252426,nan,nan,nan,nan,nan,nan,nan,3.1959391459822655
462,0.0005639530942469607,0.2724793581167857,0.3488872204496904,0.5218864204585374,0.15159843806162795,0.1327692709865046,0.9277493383001667,nan,nan,nan,nan,nan,nan,nan,3.228720471262932
463,0.0005624087856804361,0.27305200827121734,0.3490869230294007,0.522439942202342,0.15134767833218965,0.13283975427245695,0.9272679802633729,nan,nan,nan,nan,nan,nan,nan,3.220357283949852
464,0.0005608639105123735,0.27267415285110475,0.3492379773965175,0.5220762133843412,0.15197180015031206,0.13251459007286867,0.9273913668594582,nan,nan,nan,nan,nan,nan,nan,3.1141390576958656
465,0.0005593184839900676,0.2719280508359273,0.3488247933975019,0.5213705577585206,0.1512241283534294,0.13292732738620397,0.9277730614645623,nan,nan,nan,nan,nan,nan,nan,3.0593399181962013
466,0.0005577725213662538,0.2717772756814957,0.3483929773914118,0.5212015246995587,0.15097676698362905,0.13253266019671275,0.927601705715126,nan,nan,nan,nan,nan,nan,nan,3.1457613706588745
467,0.0005562260378989593,0.2725854091644287,0.34903430723448275,0.5219865187119738,0.1517899552331471,0.1324803123876744,0.9276464072149789,nan,nan,nan,nan,nan,nan,nan,3.3460096642374992
468,0.0005546790488513514,0.27146023631095884,0.34824579059855243,0.5209070499534703,0.1507264647256805,0.13296121295297847,0.9278108028624644,nan,nan,nan,nan,nan,nan,nan,3.084020271897316
469,0.0005531315694915879,0.27150502451260883,0.3483341942834444,0.5209584670203111,0.15122523935561874,0.1322672940561383,0.9278006404600856,nan,nan,nan,nan,nan,nan,nan,3.1445208862423897
470,0.0005515836150926646,0.2720319819053014,0.34891717379117243,0.521444576116859,0.1512707577688462,0.1328140378394275,0.9276268993235958,nan,nan,nan,nan,nan,nan,nan,3.1557124629616737
471,0.0005500352009322672,0.2715755947033564,0.34833670578150017,0.5210223724838156,0.15154729928438387,0.13236326503937523,0.9277200601248243,nan,nan,nan,nan,nan,nan,nan,3.3725622817873955
472,0.0005484863422926181,0.27307059331734973,0.34938149178083033,0.5224530840292179,0.1514210044766853,0.1330666274548247,0.9271939679116427,nan,nan,nan,nan,nan,nan,nan,3.339093141257763
473,0.0005469370544603264,0.27481512292226157,0.34989057700633924,0.5241139123990087,0.1513512400745025,0.133241283534294,0.9272117439466719,nan,nan,nan,nan,nan,nan,nan,3.171873301267624
474,0.0005453873527262381,0.2713198753197988,0.34830246192162534,0.5207788025729128,0.15131320458778552,0.1321976930366304,0.9277747933209163,nan,nan,nan,nan,nan,nan,nan,3.20189893245697
475,0.0005438372523852834,0.2746177992026011,0.34960583048945365,0.5239239294115151,0.15173548344933505,0.1326615037741398,0.927208247557429,nan,nan,nan,nan,nan,nan,nan,3.267285078763962
476,0.0005422867687363269,0.27208185764153797,0.3486690535216114,0.521505278530917,0.15096863052641898,0.13310456491193673,0.9274943959742509,nan,nan,nan,nan,nan,nan,nan,3.359706327319145
477,0.0005407359170820162,0.2707080992857615,0.3476726584709832,0.5201832070417716,0.15089664411985754,0.13226471260987485,0.9280450282652027,nan,nan,nan,nan,nan,nan,nan,3.4475656375288963
478,0.0005391847127286312,0.2714338585535685,0.34828368663560355,0.520883662690978,0.15130722478188413,0.1323651602784041,0.9278088749469007,nan,nan,nan,nan,nan,nan,nan,3.3927557095885277
479,0.0005376331709859322,0.2731717240810394,0.34934334052217103,0.5225508102254064,0.15119462144234225,0.1331887396660458,0.9271805378557658,nan,nan,nan,nan,nan,nan,nan,3.413573645055294
480,0.0005360813071670104,0.27161578702926636,0.3483898291476734,0.5210555633545494,0.15148338398196257,0.1322672940561383,0.9278204097637487,nan,nan,nan,nan,nan,nan,nan,3.3937993571162224
481,0.0005345291365881347,0.2703879791895549,0.34764597246389245,0.5198790985122949,0.15080492108616803,0.13227510374799856,0.9282035421363919,nan,nan,nan,nan,nan,nan,nan,3.440145790576935
482,0.0005329766745686023,0.2703449663718541,0.34758573467572623,0.519833039267844,0.15106420939123616,0.13212417083292488,0.9281682188020782,nan,nan,nan,nan,nan,nan,nan,3.4663001745939255
483,0.0005314239364305866,0.27114877303441365,0.3480597634040168,0.520612962806538,0.1509338626932,0.13245263536254615,0.9279249419991504,nan,nan,nan,nan,nan,nan,nan,3.383221559226513
484,0.0005298709374989861,0.27113614209493003,0.34809891142463567,0.5206041547213639,0.15116763062444857,0.13220004574714897,0.9278656014116263,nan,nan,nan,nan,nan,nan,nan,3.499556489288807
485,0.0005283176931012733,0.27147942153612775,0.3485135113004648,0.5209173802191336,0.15102617390451917,0.1326639545142633,0.927920596019998,nan,nan,nan,nan,nan,nan,nan,3.3765020817518234
486,0.0005267642185673432,0.27157196005185447,0.3482609596587753,0.5210150068324158,0.1515606313106558,0.13199562134431264,0.9279327843675457,nan,nan,nan,nan,nan,nan,nan,3.538176193833351
487,0.0005252105292293626,0.2704389334519704,0.3480972258387658,0.5199258827557763,0.15093559454955396,0.1327689115446198,0.9281417834852792,nan,nan,nan,nan,nan,nan,nan,3.3661720603704453
488,0.0005236566404216177,0.2701700692176819,0.3476162263503578,0.5196648577707332,0.1509988236447407,0.1322271019181126,0.9282661830539489,nan,nan,nan,nan,nan,nan,nan,3.3727700784802437
489,0.000522102567480364,0.270783863067627,0.3481908972108535,0.5202572654599364,0.15115367774401203,0.13225360258798158,0.9280587524098944,nan,nan,nan,nan,nan,nan,nan,3.306891620159149
490,0.0005205483257436736,0.271849133570989,0.3485893267331838,0.5212793420854605,0.15103058523674148,0.13263216024572755,0.9279154984805411,nan,nan,nan,nan,nan,nan,nan,3.2487492114305496
491,0.0005189939305512854,0.27239798045158387,0.3485517197430603,0.5218087791607176,0.15127873084338136,0.13233134006469954,0.9277893997320524,nan,nan,nan,nan,nan,nan,nan,3.325843870639801
492,0.0005174393972444522,0.2710315016110738,0.34783847822823744,0.5205011197660298,0.1511892298140705,0.1319282423291834,0.9280903832957553,nan,nan,nan,nan,nan,nan,nan,3.4961931854486465
493,0.0005158847411657902,0.2719124850432078,0.3485837998674558,0.5213385101306787,0.1509212822272326,0.1327499264777963,0.927712283109499,nan,nan,nan,nan,nan,nan,nan,3.3678456470370293
494,0.0005143299776591273,0.2706268452008565,0.34781171895422835,0.5201061313647768,0.1511609972878476,0.13175760546351664,0.9280868542299775,nan,nan,nan,nan,nan,nan,nan,3.330428048968315
495,0.0005127751220693514,0.2709714170296987,0.3479130407200683,0.5204360517123304,0.15067901839688919,0.13282442897755123,0.9280288860569226,nan,nan,nan,nan,nan,nan,nan,3.5441493317484856
496,0.0005112201897422597,0.2732625954945882,0.34909896356668463,0.5226357848241298,0.15188988007711662,0.1321910923765644,0.9273058523674149,nan,nan,nan,nan,nan,nan,nan,3.4876413345336914
497,0.0005096651960244064,0.2706923722823461,0.34785050408660917,0.5201789141569411,0.15111168839656242,0.13247629317387186,0.9280972453681011,nan,nan,nan,nan,nan,nan,nan,3.3928338289260864
498,0.0005081101562629519,0.27133105047543843,0.3482585168325001,0.5207919831925625,0.15122929124595627,0.13238803385289025,0.9280465640623469,nan,nan,nan,nan,nan,nan,nan,3.4018699526786804
499,0.0005065550858055105,0.2718230678240458,0.3481994769073906,0.5212658509884065,0.15171597555795183,0.1318158677253864,0.927841192039996,nan,nan,nan,nan,nan,nan,nan,3.4243582636117935
500,0.0005050000000000001,0.2700842179457347,0.3474754885780193,0.5195882612563703,0.1505583112766722,0.13238492958206713,0.928279319021011,0.27395135402679444,0.3370392991495932,0.5232598943145053,0.7228242329183413,0.15121948828546222,0.12595627879619645,0.9249357906087639,3.364755004644394
501,0.0005034449141944898,0.2735493633747101,0.3493573171441525,0.5229106691740454,0.15139411168839656,0.1332504002875535,0.9272027578995523,nan,nan,nan,nan,nan,nan,nan,3.2832770869135857
502,0.0005018898437370485,0.2711248203118642,0.34825029670549046,0.5205845038182046,0.15102682743521878,0.13238309969610823,0.9279799039309872,nan,nan,nan,nan,nan,nan,nan,3.326246701180935
503,0.0005003348039755938,0.2694720522960027,0.34703056596269155,0.5189932850830723,0.15085413194784825,0.13199121001209033,0.9286650655164527,nan,nan,nan,nan,nan,nan,nan,3.168660044670105
504,0.0004987798102577405,0.2705427443186442,0.347799541201026,0.5200308174752442,0.15113296082083455,0.13218828219455608,0.9281986733326798,nan,nan,nan,nan,nan,nan,nan,3.2688780650496483
505,0.000497224877930649,0.27121437096595763,0.34810377282507027,0.5206805336999608,0.15114469169689246,0.13235725255693886,0.9279668006404601,nan,nan,nan,nan,nan,nan,nan,3.290609896183014
506,0.000495670022340873,0.27031183942159015,0.34753348042879784,0.5198024198121078,0.15065297519850995,0.13235859229487304,0.9282673594092082,nan,nan,nan,nan,nan,nan,nan,3.180996648967266
507,0.0004941152588342101,0.27191476440429685,0.3479028178150426,0.5213445260356976,0.1506715681469137,0.13229366401986734,0.9284259386334673,nan,nan,nan,nan,nan,nan,nan,3.108538292348385
508,0.000492560602755548,0.2702719227472941,0.3478522096485639,0.519752461654469,0.1509543508806326,0.13239247786164754,0.9282583733620887,nan,nan,nan,nan,nan,nan,nan,3.421264097094536
509,0.0004910060694487148,0.26911987924575803,0.3470857318037652,0.5186536449153342,0.1504514263307519,0.1323161781524687,0.9287486520929321,nan,nan,nan,nan,nan,nan,nan,3.3327923640608788
510,0.0004894516742563265,0.27067917116483053,0.3479347624466964,0.5201444046495681,0.15094575695193282,0.13231019834656732,0.9280343430382643,nan,nan,nan,nan,nan,nan,nan,3.4143857657909393
511,0.0004878974325196363,0.2705889661312103,0.347448817122198,0.5200816011447311,0.15090409436983301,0.1320996634316897,0.9282898081887396,nan,nan,nan,nan,nan,nan,nan,3.2041358053684235
512,0.00048634335957838234,0.2700131727059682,0.34761004295432635,0.5195136370222189,0.1508350488514198,0.1322548769728458,0.9284950821814855,nan,nan,nan,nan,nan,nan,nan,3.273165889084339
513,0.00048478947077063754,0.27078502090771994,0.34802508441012725,0.5202583944767986,0.15156500996634317,0.13196948011632847,0.9280467601215567,nan,nan,nan,nan,nan,nan,nan,3.434050031006336
514,0.00048323578143265696,0.27119133043289184,0.348143967835057,0.5206417037104645,0.15079067411691663,0.13275757278698166,0.9279837597621148,nan,nan,nan,nan,nan,nan,nan,3.355800800025463
515,0.00048168230689872685,0.27138705531756085,0.3480596465471114,0.5208423105212678,0.151566937881907,0.13180080384276052,0.927910727706434,nan,nan,nan,nan,nan,nan,nan,3.3976570442318916
516,0.00048012906250101417,0.27353360152244566,0.3484995288707398,0.5228901121580963,0.15149201058719733,0.1319533705845832,0.9277088193967912,nan,nan,nan,nan,nan,nan,nan,3.347589887678623
517,0.00047857606356941366,0.27035644674301146,0.34775687981468323,0.5198444050810288,0.15103104270823123,0.13219560173839165,0.9282286377152567,nan,nan,nan,nan,nan,nan,nan,3.238239496946335
518,0.00047702332543139795,0.26991197077433265,0.3472403555717577,0.5194282693100634,0.15110025160931934,0.13178276639545142,0.9284261673692121,nan,nan,nan,nan,nan,nan,nan,3.2968510314822197
519,0.0004754708634118656,0.2707454987366994,0.34778965457073246,0.5202246551545419,0.15099114465902036,0.13223497696304284,0.9282283109499069,nan,nan,nan,nan,nan,nan,nan,3.3018765822052956
520,0.00047391869283299,0.2684040392637253,0.34662401778930985,0.5179686469655582,0.15049743489200404,0.13178355063229094,0.9288885076626474,nan,nan,nan,nan,nan,nan,nan,3.186309777200222
521,0.00047236682901406795,0.2713049034277598,0.3480419643932989,0.5207659892783474,0.15079681730549294,0.13254370486553607,0.9278192007319543,nan,nan,nan,nan,nan,nan,nan,3.3876569643616676
522,0.0004708152872713692,0.2703548851807912,0.3473778798111092,0.5198623918807846,0.15096670261085515,0.13210829003692448,0.9282918341339085,nan,nan,nan,nan,nan,nan,nan,3.267218217253685
523,0.00046926408291798405,0.2702515198389689,0.34747921644732543,0.5197350535945765,0.1507633238571382,0.13207231317191126,0.9282752017776035,nan,nan,nan,nan,nan,nan,nan,3.2610318437218666
524,0.0004677132312636733,0.2699474964141846,0.3469177532252761,0.51945495516505,0.15014969120674443,0.13240509100414993,0.9285065516452635,nan,nan,nan,nan,nan,nan,nan,3.2533282712101936
525,0.0004661627476147168,0.2699133876959483,0.347174041352155,0.5194167121116487,0.15121069829755251,0.1316770578047904,0.9284657059765382,nan,nan,nan,nan,nan,nan,nan,3.165550611913204
526,0.00046461264727376203,0.27019379774729413,0.34739917482814187,0.5196833772636531,0.15090360422180832,0.13206535306996045,0.9283877397640754,nan,nan,nan,nan,nan,nan,nan,3.321605898439884
527,0.00046306294553967366,0.2683274629910787,0.3462452417987003,0.5178973168156557,0.15065627552854297,0.1315168447537823,0.9290486226840505,nan,nan,nan,nan,nan,nan,nan,3.2241552844643593
528,0.00046151365770738214,0.27149917256832123,0.34821091477959676,0.5209482532188174,0.15115831781197922,0.13250540796653923,0.927809887919485,nan,nan,nan,nan,nan,nan,nan,3.3023523539304733
529,0.000459964799067733,0.2709329796632131,0.34771619867741727,0.5204091802746,0.1510503872169395,0.1322235074992648,0.9282445838643271,nan,nan,nan,nan,nan,nan,nan,3.218101494014263
530,0.00045841638490733545,0.26820404346783955,0.34627273335896397,0.5177662858611383,0.15042401071790348,0.13177270202267752,0.9290703852563474,nan,nan,nan,nan,nan,nan,nan,3.413591057062149
531,0.0004568684305084125,0.2699567761421204,0.3471967733708705,0.5194670842215234,0.15078371401496585,0.13213756821226677,0.9285121393327451,nan,nan,nan,nan,nan,nan,nan,3.3636782318353653
532,0.0004553209511486487,0.2700291436513265,0.34712219211556056,0.5195310642942126,0.15052524262327222,0.13205891579256934,0.9283866614384211,nan,nan,nan,nan,nan,nan,nan,3.261288434267044
533,0.00045377396210104096,0.269481840689977,0.34693326558058035,0.5190079326822568,0.15060422180831945,0.13195673626768617,0.9285651406724831,nan,nan,nan,nan,nan,nan,nan,3.3716308623552322
534,0.0004522274786337464,0.27062879864374795,0.34770190607589535,0.5201142660048121,0.15062732411855048,0.13254324739404633,0.9281986733326798,nan,nan,nan,nan,nan,nan,nan,3.3260174319148064
535,0.0004506815160099326,0.27009642485777535,0.34721238177731756,0.5195980575215176,0.15096242198477272,0.1318919060222854,0.9284374407737803,nan,nan,nan,nan,nan,nan,nan,3.353809140622616
536,0.0004491360894876266,0.2696893096367518,0.3471259347276002,0.5192090198487265,0.1508596869587949,0.13191448550795673,0.9286076855210273,nan,nan,nan,nan,nan,nan,nan,3.228371188044548
537,0.00044759121431956416,0.26992266496022543,0.3471790161631417,0.5194274102130019,0.15072551710616605,0.13202653334640393,0.9284990360422181,nan,nan,nan,nan,nan,nan,nan,3.244245506823063
538,0.0004460469057530396,0.2705129209359487,0.3471106897199621,0.5200028764083484,0.15058683789170996,0.13203359147795968,0.9283992092278535,nan,nan,nan,nan,nan,nan,nan,3.384810045361519
539,0.00044450317902975474,0.26758410771687824,0.3459474496857947,0.5171639625025719,0.15007031990327746,0.13175423978041367,0.9292451720419567,nan,nan,nan,nan,nan,nan,nan,3.3475501611828804
540,0.0004429600493856695,0.26973378161589306,0.3471779753006241,0.5192509614072333,0.15027075776884619,0.1325380518249845,0.9285678855014214,nan,nan,nan,nan,nan,nan,nan,3.3680929988622665
541,0.0004414175320508502,0.2692296797434489,0.34659529843377285,0.5187670379618838,0.15067199294186845,0.131629774858674,0.9286520602555305,nan,nan,nan,nan,nan,nan,nan,3.366264469921589
542,0.00043987564224932024,0.27026904400189716,0.3473521707175359,0.5197644301594053,0.15063680031369472,0.13185841257393066,0.9282766068686077,nan,nan,nan,nan,nan,nan,nan,3.3714239820837975
543,0.00043833439519890954,0.27040601976712547,0.34712258780797633,0.5198936116538129,0.1511375028591968,0.13139875175636376,0.9282921608992583,nan,nan,nan,nan,nan,nan,nan,3.4067210629582405
544,0.0004367938061111043,0.26972223933537803,0.3469505445748783,0.5192425799546618,0.15008603731660294,0.13245178577263667,0.9287440120249649,nan,nan,nan,nan,nan,nan,nan,3.3906236067414284
545,0.0004352538901908967,0.268809007247289,0.34639849187579647,0.5183623206594068,0.15077227722772277,0.13145145900728686,0.9287895957912623,nan,nan,nan,nan,nan,nan,nan,3.3414113521575928
546,0.00043371466263663526,0.2692071844339371,0.34668077303746775,0.5187481666167743,0.15040946965983726,0.13204649870927687,0.9287439793484299,nan,nan,nan,nan,nan,nan,nan,3.3809627816081047
547,0.0004321761386398747,0.26943390289942426,0.34678708620784726,0.5189642973201063,0.1506957161062641,0.13193775120086265,0.9286162140966572,nan,nan,nan,nan,nan,nan,nan,3.3731996417045593
548,0.00043063833338522536,0.26955206402142845,0.3467755074819054,0.5190665692337962,0.15074688756004315,0.13173509133091527,0.9286201026043198,nan,nan,nan,nan,nan,nan,nan,3.4209099039435387
549,0.0004291012620502047,0.26889637144406636,0.34632638854850833,0.5184446806169878,0.1499218377283273,0.13197474103846027,0.9287899225566121,nan,nan,nan,nan,nan,nan,nan,3.108927331864834
550,0.00042756493980508593,0.2693061545689901,0.346721864609883,0.5188310247124345,0.15029510178740646,0.1319573571218508,0.9288159657549914,0.27259103655815126,0.3392192937579649,0.5220487250740687,0.72345456327811,0.1532565434761298,0.12328889324576021,0.9256092539947064,3.363561138510704
551,0.00042602938181274946,0.27068530464172363,0.3473612481568392,0.5201605777003807,0.1507119236676143,0.13193690161095317,0.9281618795542921,nan,nan,nan,nan,nan,nan,nan,3.3161979392170906
552,0.0004244946032285328,0.2691588447888692,0.3467267245424264,0.5186877486344754,0.15096255269091266,0.13136342842205012,0.9286859784988399,nan,nan,nan,nan,nan,nan,nan,3.250024735927582
553,0.000422960619200081,0.269042142868042,0.34665990281538983,0.5185798715453512,0.15019004672744501,0.13221265888965134,0.9288084174754109,nan,nan,nan,nan,nan,nan,nan,3.2607842311263084
554,0.00042142744486719694,0.2701901218891144,0.3470791352920874,0.5197023615841541,0.15081978890958403,0.13193994052870633,0.9283285625592262,nan,nan,nan,nan,nan,nan,nan,3.5042889937758446
555,0.00041989509536169244,0.2681437927087148,0.34586047898184,0.5177129115208265,0.15033094794627977,0.13133434630591773,0.9290939777146031,nan,nan,nan,nan,nan,nan,nan,3.1172947138547897
556,0.00041836358580723865,0.26947187383969623,0.34680200228020946,0.5190033501372621,0.15037019246479102,0.1319985295559259,0.9285217789105643,nan,nan,nan,nan,nan,nan,nan,3.009453885257244
557,0.00041683293131921615,0.26960959180196126,0.34669006510799594,0.5191366461826913,0.15032944482567068,0.13203130412051106,0.9285754664575369,nan,nan,nan,nan,nan,nan,nan,3.1958563700318336
558,0.00041530314700456727,0.2687302276690801,0.34645392072468384,0.518291028619593,0.1505244583864327,0.13170859066104632,0.9289161846877757,nan,nan,nan,nan,nan,nan,nan,3.2999648228287697
559,0.00041377424796164525,0.26964387448628746,0.34706401352349037,0.5191649085584209,0.1504537136882005,0.13215697807404503,0.9285607620167957,nan,nan,nan,nan,nan,nan,nan,3.1173368021845818
560,0.00041224624928006654,0.2685575245221456,0.34605482165249324,0.5181195669432751,0.15066918275986013,0.13134931215893866,0.9289361827271836,nan,nan,nan,nan,nan,nan,nan,3.0251938328146935
561,0.0004107191660405613,0.26871200315157573,0.3463911002138271,0.5182651350533691,0.1504250890435578,0.13168293958108682,0.9288709276868281,nan,nan,nan,nan,nan,nan,nan,3.145429588854313
562,0.00040919301331482453,0.26867921686172486,0.3462252331011257,0.5182321571510959,0.1505060941737738,0.13168218802078227,0.9288747181648858,nan,nan,nan,nan,nan,nan,nan,3.0835908204317093
563,0.0004076678061653673,0.26935967230796815,0.34637831437073163,0.5188864097357335,0.1502156978074045,0.13172584387151587,0.9289358559618338,nan,nan,nan,nan,nan,nan,nan,3.1001470908522606
564,0.0004061435596453688,0.26970166762669884,0.3467831844253423,0.5192174746107117,0.150871091069503,0.13164532888932456,0.9286246446426821,nan,nan,nan,nan,nan,nan,nan,3.200474500656128
565,0.0004046202887985266,0.2683204549153646,0.3459765464170179,0.5178842696202235,0.15039280462699736,0.13156706858804693,0.9291244975982746,nan,nan,nan,nan,nan,nan,nan,3.260908789932728
566,0.00040309800865890894,0.2696412456035614,0.346893290307527,0.5191668137364588,0.1508525634741692,0.1319401692644512,0.9285598143972813,nan,nan,nan,nan,nan,nan,nan,3.225712262094021
567,0.0004015767342508065,0.26878838193416593,0.34637219409402265,0.5183308589303066,0.15008107048328595,0.13188631833480377,0.9289712773257524,nan,nan,nan,nan,nan,nan,nan,3.3279452845454216
568,0.00040005648058858323,0.26919198401769,0.3465227446553443,0.5187274116688607,0.15080969186027512,0.1312971930856452,0.928672842531778,nan,nan,nan,nan,nan,nan,nan,3.368055447936058
569,0.00039853726267652915,0.26858885924021403,0.3460130249179002,0.5181480654274306,0.15072499428160638,0.13129921903081399,0.9290111426984282,nan,nan,nan,nan,nan,nan,nan,3.464712843298912
570,0.0003970190955087117,0.26871684296925863,0.346408406523666,0.518272966905206,0.1501292683723818,0.13226918929516715,0.9289154658040062,nan,nan,nan,nan,nan,nan,nan,3.3645987808704376
571,0.00039550199406882805,0.2690758614142736,0.3464106823932703,0.5186212035844899,0.15037819821586118,0.1315581805705323,0.9289028199849688,nan,nan,nan,nan,nan,nan,nan,3.43649061024189
572,0.00039398597333005654,0.26934687678019203,0.34686950919333887,0.5188737998296685,0.15068398523020618,0.13186815018135478,0.9288266836584649,nan,nan,nan,nan,nan,nan,nan,3.3232627883553505
573,0.00039247104825491035,0.26871037832895917,0.34638778131177905,0.5182526127970527,0.15038323040224816,0.13166192856909453,0.9290028428585433,nan,nan,nan,nan,nan,nan,nan,3.355774238705635
574,0.000390957233795088,0.26886690795421603,0.3463661312565353,0.5184206015741526,0.1501773682318727,0.13189978106721564,0.9288335130542758,nan,nan,nan,nan,nan,nan,nan,3.3607290238142014
575,0.0003894445448913272,0.26749706888198854,0.34574921295502076,0.5170846948853737,0.1497882560533281,0.13190402901676307,0.9293572198804039,nan,nan,nan,nan,nan,nan,nan,3.3273646906018257
576,0.00038793299647325657,0.2695913375218709,0.34682211634684507,0.5191066015416018,0.15075845505342614,0.13175077606770577,0.928500800575107,nan,nan,nan,nan,nan,nan,nan,3.1871301233768463
577,0.000386422603459249,0.2681256405512492,0.34591976174721434,0.5177016670635988,0.14997330327092115,0.1318239715060615,0.929095872953632,nan,nan,nan,nan,nan,nan,nan,3.346704661846161
578,0.00038491338075627364,0.2679928595225016,0.3459786724340751,0.5175641356636006,0.15058040061431885,0.13131996863052642,0.9292944809332419,nan,nan,nan,nan,nan,nan,nan,3.438845306634903
579,0.00038340534325974926,0.2681463545958201,0.34597934715346534,0.5177181520623153,0.15014485507956737,0.13175044930235597,0.9291343985883737,nan,nan,nan,nan,nan,nan,nan,3.3510833382606506
580,0.00038189850585339724,0.26843228816986087,0.346086591285985,0.5179938048888465,0.15032529490572819,0.13159762114825344,0.9289934646930039,nan,nan,nan,nan,nan,nan,nan,3.2494294866919518
581,0.00038039288340909415,0.2700103285312653,0.3466490296345538,0.5195229538751722,0.14997363003627096,0.13194820769205634,0.9287373786883639,nan,nan,nan,nan,nan,nan,nan,3.3084438517689705
582,0.00037888849078672617,0.26791946176687875,0.34602071060486306,0.5175035825917879,0.1499588275659249,0.1320269254648237,0.9291135182825213,nan,nan,nan,nan,nan,nan,nan,3.5209299698472023
583,0.00037738534283404066,0.2682883369922638,0.3459165483418701,0.5178622403174364,0.15039332745155704,0.13131219161520113,0.9290465640623469,nan,nan,nan,nan,nan,nan,nan,3.3599728643894196
584,0.00037588345438650133,0.26885043263435365,0.34642545084683285,0.5184029272511085,0.15065777864915206,0.13126115086756202,0.9288590007515604,nan,nan,nan,nan,nan,nan,nan,3.2889236509799957
585,0.0003743828402671407,0.2684092818498611,0.34612525222200435,0.5179736200106544,0.1500510734241741,0.13201146946377806,0.9289539587622129,nan,nan,nan,nan,nan,nan,nan,3.3555240854620934
586,0.00037288351528641446,0.2685396259625753,0.3461531501966719,0.5181077221172244,0.1504583537561677,0.13166797372806588,0.9289291572721629,nan,nan,nan,nan,nan,nan,nan,3.3483738973736763
587,0.0003713854942420546,0.26732463562488556,0.3454409445024793,0.5169236181724681,0.15020795346861418,0.13133134006469954,0.9293971506061497,nan,nan,nan,nan,nan,nan,nan,3.213246129453182
588,0.00036988879191892423,0.2681256998380025,0.34568332046694766,0.5177039668759498,0.14998866124236185,0.13170326438584454,0.9290896970885207,nan,nan,nan,nan,nan,nan,nan,3.345022812485695
589,0.00036839342308887124,0.26766997559865313,0.34569302246205436,0.5172597566940166,0.15014374407737804,0.13149367709048132,0.9292183772832728,nan,nan,nan,nan,nan,nan,nan,3.456105537712574
590,0.00036689940251058173,0.268896944920222,0.34628791441760204,0.5184418060025605,0.15050945985687678,0.13165990262392577,0.9289857857072836,nan,nan,nan,nan,nan,nan,nan,3.2179308235645294
591,0.00036540674492943626,0.270224746465683,0.3467924656462397,0.5197334329925575,0.15060422180831945,0.13157713296082083,0.92852903310133,nan,nan,nan,nan,nan,nan,nan,3.307103544473648
592,0.00036391546507736207,0.26665101675192515,0.3451147851364654,0.5162710250405509,0.15000996634316896,0.1314175080874424,0.9296145802699082,nan,nan,nan,nan,nan,nan,nan,3.3509242087602615
593,0.00036242557767268956,0.2680952916145325,0.3458809298975999,0.5176759307323954,0.14961310982583406,0.13226713067346338,0.9292963108192007,nan,nan,nan,nan,nan,nan,nan,3.313003346323967
594,0.0003609370974200057,0.26767755262056986,0.3455747926316456,0.5172692658403374,0.1507216612750384,0.1307566905205372,0.9292308923961703,nan,nan,nan,nan,nan,nan,nan,3.2177076265215874
595,0.00035945003901000983,0.2680072826544444,0.3455894411648776,0.517600157132735,0.14986187628663855,0.1316978400810378,0.9290615952684378,nan,nan,nan,nan,nan,nan,nan,3.443782217800617
596,0.0003579644171193679,0.26826496370633446,0.34594430878151244,0.5178373042539605,0.15029608208345588,0.13153733294121492,0.929118975263863,nan,nan,nan,nan,nan,nan,nan,3.3994568958878517
597,0.00035648024641056855,0.26743820718924205,0.345110700952521,0.5170399887244324,0.15013959415743555,0.13099761461294646,0.9294183576773519,nan,nan,nan,nan,nan,nan,nan,3.2178236544132233
598,0.0003549975415317772,0.2687937503655752,0.3464013505620364,0.5183400896767612,0.15065888965134136,0.1312713786230108,0.9289874522105676,nan,nan,nan,nan,nan,nan,nan,3.0745697990059853
599,0.0003535163171166923,0.2678285601139069,0.34552668102902495,0.5174141557194673,0.15007247655458616,0.1313571872038689,0.9292954939058262,nan,nan,nan,nan,nan,nan,nan,3.3837802559137344
600,0.0003520365877844013,0.26718598171075186,0.3454680415191117,0.5167853931343263,0.15003944057772114,0.13125798124366891,0.9296617978629547,0.2717162752151489,0.33703368733763844,0.5211469479451678,0.7239260856778748,0.14650622487991374,0.12956768944221156,0.925755318106068,3.326026365160942
601,0.0003505583681392349,0.2671883105436961,0.3450908161322011,0.5167937780687605,0.15000401921380258,0.1312499101395288,0.9294117896938209,nan,nan,nan,nan,nan,nan,nan,3.3358287066221237
602,0.00034908167277062437,0.2677916096846263,0.345741008336601,0.5173804348246873,0.15003813351632192,0.13159392869980066,0.9292616736921216,nan,nan,nan,nan,nan,nan,nan,3.1085005402565002
603,0.0003476065162529568,0.2684686691761017,0.3458115042591821,0.5180271230917908,0.15009397771460314,0.13161346926771886,0.9291115576904225,nan,nan,nan,nan,nan,nan,nan,3.220283307135105
604,0.0003461329131454316,0.2680299425919851,0.3456132581466686,0.5176169254368022,0.15058700127438487,0.1311606705224978,0.9292051759631409,nan,nan,nan,nan,nan,nan,nan,3.257268399000168
605,0.00034466087799191625,0.26667070531845094,0.3448967425323906,0.5162931808927631,0.1499633042512172,0.13109342221350848,0.9296842466424861,nan,nan,nan,nan,nan,nan,nan,3.2692762911319733
606,0.00034319042532080375,0.26921477619806927,0.34624950793733456,0.518755639808869,0.15001535797144072,0.13212962781426657,0.9288972649740221,nan,nan,nan,nan,nan,nan,nan,3.1716561168432236
607,0.0003417215696448681,0.2668298772176107,0.3450669981292684,0.5164471695015465,0.14982374277031663,0.1315395222690586,0.9296408848805673,nan,nan,nan,nan,nan,nan,nan,3.2778258472681046
608,0.0003402543254611219,0.26731185177961986,0.3454785169652485,0.516920735840146,0.14995804332908538,0.13164062346828742,0.929550403555207,nan,nan,nan,nan,nan,nan,nan,3.0426304787397385
609,0.0003387887072506728,0.267823624531428,0.34563791610248584,0.517405207266686,0.150100839786949,0.13154040453550306,0.9292830441459987,nan,nan,nan,nan,nan,nan,nan,3.19539837539196
610,0.00033732472947858096,0.26678599905967715,0.3449252288123305,0.5164025235183252,0.1497722445511878,0.13121118844557722,0.9297742378198216,nan,nan,nan,nan,nan,nan,nan,3.2948382943868637
611,0.0003358624065937159,0.26689765429496765,0.34503002163033447,0.5165136851209602,0.1497343724471457,0.1311452798745221,0.92961990654511,nan,nan,nan,nan,nan,nan,nan,3.230317674577236
612,0.0003344017530286142,0.26835424240430195,0.34594971591837403,0.5179218652788137,0.14982475574290102,0.1319555272358919,0.9291114269842826,nan,nan,nan,nan,nan,nan,nan,3.319575309753418
613,0.00033294278319933684,0.26665177873770396,0.34514970748119056,0.5162739472824049,0.15009394503806817,0.13108352122340947,0.9296789203672843,nan,nan,nan,nan,nan,nan,nan,3.269540272653103
614,0.0003314855115053269,0.2663651288350423,0.3446822954959481,0.5159997514296057,0.1498305721661275,0.13112309250727053,0.9297744992321014,nan,nan,nan,nan,nan,nan,nan,3.2134311199188232
615,0.00033002995232926793,0.2674247286717097,0.3454644352294914,0.5170282971646406,0.14983276149397118,0.13156141554749534,0.9293328431853086,nan,nan,nan,nan,nan,nan,nan,3.239972785115242
616,0.0003285761200369411,0.2675007229646047,0.34552650430768633,0.5170977742890099,0.1501280593405875,0.1312338659608535,0.9293945691598863,nan,nan,nan,nan,nan,nan,nan,3.0995861813426018
617,0.00032712402897708433,0.2666282062530518,0.3448936208383369,0.5162487702645144,0.14977730941410972,0.13117540763977387,0.9296007580956115,nan,nan,nan,nan,nan,nan,nan,3.4787996038794518
618,0.0003256736934812501,0.26669471963246666,0.34482072159490085,0.516315679984109,0.1500806783648662,0.13099513119628794,0.9296177498938013,nan,nan,nan,nan,nan,nan,nan,3.4217507168650627
619,0.00032422512786366424,0.2672181948026021,0.34519013007813776,0.516825454570384,0.14991628271738064,0.1313535274319511,0.9293450315328563,nan,nan,nan,nan,nan,nan,nan,3.347793936729431
620,0.0003227783464210846,0.2677462885379791,0.3454669552157877,0.5173306376748531,0.1499907525406006,0.1312366761428618,0.9293562069078195,nan,nan,nan,nan,nan,nan,nan,3.249514825642109
621,0.00032133336343265987,0.26624044358730314,0.3446338693178569,0.5158595519818228,0.14933199359539914,0.1314477992353691,0.9298525634741692,nan,nan,nan,nan,nan,nan,nan,3.2532648742198944
622,0.00031989019315978903,0.267123433192571,0.3450658518338684,0.5167319129674248,0.15034581576969577,0.13076113452929453,0.9294162010260432,nan,nan,nan,nan,nan,nan,nan,3.146658629179001
623,0.0003184488498459796,0.26613981946309406,0.3446686017940439,0.5157739203691478,0.14986736594451525,0.13113348364539423,0.9298042675554684,nan,nan,nan,nan,nan,nan,nan,3.4047325551509857
624,0.00031700934771670866,0.2683972704013189,0.345804980184745,0.5179631073565265,0.15043956474855405,0.13120409763748653,0.9291013952880437,nan,nan,nan,nan,nan,nan,nan,3.412067472934723
625,0.00031557170097928076,0.26732837200164794,0.34551439484333646,0.5169338865552371,0.15002480149004999,0.13147789432408588,0.9294559683691141,nan,nan,nan,nan,nan,nan,nan,3.089730992913246
626,0.0003141359238226889,0.26662067325909933,0.3448342952488318,0.5162381920422894,0.1497654478319119,0.13094121491357055,0.9297355488024049,nan,nan,nan,nan,nan,nan,nan,3.2104728743433952
627,0.000312702030417474,0.2673748905658722,0.3455146292591821,0.516976686550682,0.15007646309185374,0.13132111230925073,0.9294670130379374,nan,nan,nan,nan,nan,nan,nan,3.3886034041643143
628,0.00031127003491558506,0.2694738658269246,0.3452163402331879,0.5190118793860712,0.15004617194392705,0.13100921478286442,0.9293269287324772,nan,nan,nan,nan,nan,nan,nan,3.1501075327396393
629,0.00030983995145023935,0.2670627116759618,0.345002461717397,0.5166800205160877,0.14947629317387184,0.13158651112636016,0.9295204064960951,nan,nan,nan,nan,nan,nan,nan,3.1535509303212166
630,0.00030841179413578363,0.26814566723505656,0.34563623613289546,0.5177213607598602,0.15050086592817696,0.13125543247394048,0.929189981374375,nan,nan,nan,nan,nan,nan,nan,3.2901024743914604
631,0.00030698557706755413,0.26898950250943504,0.34603762237107066,0.5185405149537365,0.15010335588014248,0.13160804496291215,0.9291404437473451,nan,nan,nan,nan,nan,nan,nan,3.136459529399872
632,0.0003055613143217371,0.2659566005071004,0.34485194262000457,0.5156009234535549,0.14948161944907362,0.13145789628467797,0.9300409763748652,nan,nan,nan,nan,nan,nan,nan,3.239200308918953
633,0.0003041390199552312,0.26552909962336224,0.3439477483059259,0.5151934695444143,0.14967744992321014,0.13071087801849493,0.930081103159821,nan,nan,nan,nan,nan,nan,nan,3.308623678982258
634,0.0003027187080055074,0.26701499823729197,0.3451164681056596,0.5166321645741347,0.15009773551612587,0.13110057837466915,0.9295389014148939,nan,nan,nan,nan,nan,nan,nan,3.3670982867479324
635,0.0003013003924904713,0.2656792991558711,0.3441212045438764,0.5153305623645349,0.14931630885860864,0.13116439564748555,0.9300745678528249,nan,nan,nan,nan,nan,nan,nan,3.3848838806152344
636,0.0002998840874083245,0.2676611504157384,0.3456141017373705,0.5172459384745518,0.15014325392935332,0.13135313531353135,0.9291890991079306,nan,nan,nan,nan,nan,nan,nan,3.276973605155945
637,0.0002984698067374264,0.2658397588332494,0.3445292387337434,0.5154907749875548,0.14956458517138843,0.13120373819560174,0.9300502891873346,nan,nan,nan,nan,nan,nan,nan,3.2627941220998764
638,0.00029705756443615606,0.2671003373463949,0.34519741247794333,0.5167048409277591,0.14980822141620104,0.13144505440643076,0.9296237296997026,nan,nan,nan,nan,nan,nan,nan,3.259613797068596
639,0.0002956473744427751,0.26943549569447833,0.3458487992905107,0.5189614054768562,0.1502319053687547,0.1311446590203575,0.9291696565696174,nan,nan,nan,nan,nan,nan,nan,3.2652849182486534
640,0.00029423925067528913,0.26694625624020896,0.3451681858702578,0.5165563435629055,0.1496398065549129,0.13155533771198902,0.9295840603862366,nan,nan,nan,nan,nan,nan,nan,3.3138607516884804
641,0.00029283320703131163,0.2654514325459798,0.34405636753341173,0.5151118817062704,0.14975093945038068,0.13078257033624155,0.9300510407476391,nan,nan,nan,nan,nan,nan,nan,3.3827470764517784
642,0.0002914292573879256,0.2661720500787099,0.34464672912990557,0.515810591535802,0.14986563408816128,0.13086579747083618,0.9298523020618894,nan,nan,nan,nan,nan,nan,nan,3.3357164338231087
643,0.0002900274156015469,0.26561970289548237,0.3441914888986578,0.5152810790780085,0.14940620200633925,0.13124892984347938,0.9298785086429435,nan,nan,nan,nan,nan,nan,nan,3.482639379799366
644,0.0002886276955077885,0.26878294138113656,0.3455480643748162,0.5183340557700741,0.15012590268927883,0.13092373296735615,0.9292590922458582,nan,nan,nan,nan,nan,nan,nan,3.4160859286785126
645,0.0002872301109213221,0.2664012423753738,0.3450279731562265,0.5160264581341322,0.1498783452602686,0.131161977583897,0.9296790510734242,nan,nan,nan,nan,nan,nan,nan,3.289007492363453
646,0.00028583467563574397,0.2668099158207575,0.3447491892134758,0.5164283686647626,0.14974306440545043,0.1311241381563899,0.9295308956638239,nan,nan,nan,nan,nan,nan,nan,3.3943913355469704
647,0.0002844414034234365,0.26685392459233603,0.34460998883381533,0.5164696838805234,0.14939741201842957,0.13132274613599973,0.9295760873117015,nan,nan,nan,nan,nan,nan,nan,3.236010953783989
648,0.0002830503080354343,0.2659932792981466,0.3445066964559234,0.5156389668015982,0.14949913407182303,0.13111792961474364,0.9299524229650687,nan,nan,nan,nan,nan,nan,nan,3.217569813132286
649,0.0002816614032012868,0.2685543399651845,0.3456356427219145,0.5181033830874807,0.1502183446067379,0.13111525013887526,0.9291501813547691,nan,nan,nan,nan,nan,nan,nan,3.4503621459007263
650,0.0002802747026289245,0.26702395447095234,0.3447755355633026,0.5166346420934448,0.14969329804267556,0.1311347253537235,0.92961163938176,0.2701764440536499,0.3370781788014043,0.5197258193188292,0.7250553867267915,0.1461444956376826,0.12880011763552593,0.9266895402411528,3.364817552268505
651,0.00027889022000452204,0.2668465947707494,0.34459178213226643,0.5164618640413003,0.14924863575466457,0.13120736529098453,0.9297209750678038,nan,nan,nan,nan,nan,nan,nan,3.220155753195286
652,0.0002775079689923637,0.26730614686012266,0.3452336453942424,0.5169137364053636,0.14975358624971408,0.13147269875502401,0.9294956376825801,nan,nan,nan,nan,nan,nan,nan,3.3990772515535355
653,0.0002761279632347091,0.26632493376731875,0.3445833904534482,0.515971846009929,0.14981724013985556,0.1310421854066595,0.9297177727673758,nan,nan,nan,nan,nan,nan,nan,3.3467302471399307
654,0.00027475021635165825,0.26651309951146446,0.3445665919063286,0.5161390902041649,0.1495047871123746,0.13093507172499427,0.9297827337189164,nan,nan,nan,nan,nan,nan,nan,3.4780628755688667
655,0.0002733747419410164,0.2666168056329091,0.3447714105336895,0.5162395980585824,0.14980037904780577,0.13115704342711498,0.9297893670555174,nan,nan,nan,nan,nan,nan,nan,3.0388446152210236
656,0.0002720015535781607,0.2663208525975545,0.3445583422938519,0.5159539772192077,0.14973505865438028,0.13109923863673495,0.9298366500016338,nan,nan,nan,nan,nan,nan,nan,3.2995685040950775
657,0.00027063066481590567,0.2674016595681508,0.34501453856903325,0.5169947002878097,0.1498634774368526,0.1310540796653923,0.9294530274809659,nan,nan,nan,nan,nan,nan,nan,3.0739755779504776
658,0.00026926208918437027,0.2659969368775686,0.3442677784602408,0.5156452381365838,0.149360324151227,0.13123399666699342,0.9299184393686893,nan,nan,nan,nan,nan,nan,nan,3.0741214752197266
659,0.00026789584019084353,0.26679712828000385,0.3445170192413734,0.5164239350104844,0.15000490148024703,0.1307872757572787,0.9298807633238572,nan,nan,nan,nan,nan,nan,nan,3.025561235845089
660,0.00026653193131965125,0.2690276481310527,0.34559126492398623,0.518565367911476,0.14994229323922492,0.1311904388458648,0.929342155997778,nan,nan,nan,nan,nan,nan,nan,2.9504168182611465
661,0.0002651703760320232,0.26689767654736835,0.3447949250022465,0.5165153979934847,0.14986952259582395,0.1308894226056269,0.9294934483547365,nan,nan,nan,nan,nan,nan,nan,2.919359527528286
662,0.0002638111877659608,0.26860172001520793,0.3458285206285944,0.5181640615341396,0.1494378328922001,0.13209770283959088,0.9291660948273045,nan,nan,nan,nan,nan,nan,nan,3.066678896546364
663,0.00026245437993610327,0.2658794402281443,0.34433022421208703,0.5155261235166635,0.15003823154592688,0.13073146423553247,0.9299660164036205,nan,nan,nan,nan,nan,nan,nan,3.1399597227573395
664,0.0002610999659335958,0.2658402975400289,0.34422385092198887,0.5154965963590042,0.1496722543541483,0.1306295787994641,0.9298849132437996,nan,nan,nan,nan,nan,nan,nan,3.07575237005949
665,0.00025974795912595846,0.26639426851272585,0.3446611891986692,0.5160343838836617,0.14960160768552103,0.13128683462405646,0.9299327190144757,nan,nan,nan,nan,nan,nan,nan,2.9186671748757362
666,0.00025839837285695225,0.26714370942115784,0.34486725840552807,0.5167469488704227,0.14971718458974612,0.1313839819625527,0.9296624513936542,nan,nan,nan,nan,nan,nan,nan,3.189016602933407
667,0.0002570512204464489,0.26628712844848634,0.3443179841692399,0.515918610687899,0.14922782080188216,0.13141446916968924,0.9301161650818547,nan,nan,nan,nan,nan,nan,nan,3.207990437746048
668,0.0002557065151902986,0.26587058448791506,0.34422354930225385,0.5155189585671701,0.14971133548998464,0.13076688559945104,0.9298700454203837,nan,nan,nan,nan,nan,nan,nan,3.128598116338253
669,0.0002543642703601997,0.26638624906539915,0.3446389026530283,0.5160279083857099,0.14966558834101232,0.1312175276933634,0.9298287096036336,nan,nan,nan,nan,nan,nan,nan,3.2466848641633987
670,0.00025302449920356636,0.26652295390764874,0.3444622686220509,0.5161480733434831,0.14994056138287096,0.13077276737574747,0.9298801424696925,nan,nan,nan,nan,nan,nan,nan,3.1821599155664444
671,0.0002516872149433995,0.26661582867304484,0.3448234980792324,0.5162393002400988,0.1495761853413064,0.1314841355422671,0.9296260497336862,nan,nan,nan,nan,nan,nan,nan,3.0577499493956566
672,0.0002503524307781545,0.2674874789317449,0.34500704160182416,0.5170930230052425,0.1499077541417508,0.13099575205045258,0.9295995163872823,nan,nan,nan,nan,nan,nan,nan,3.044388808310032
673,0.0002490201598816124,0.2651440236568451,0.34402349283311684,0.5148137930800389,0.14919945756951933,0.1309705584419828,0.9303892102081496,nan,nan,nan,nan,nan,nan,nan,3.0856248512864113
674,0.00024769041540274915,0.26579050441582996,0.34416111369800345,0.5154455969541655,0.14971574682220698,0.13091631539391563,0.9300343757147992,nan,nan,nan,nan,nan,nan,nan,2.9172265753149986
675,0.0002463632104656056,0.26736219668388367,0.3447256923596134,0.5169684308137342,0.14986524196974152,0.13074590726399374,0.9295291638074699,nan,nan,nan,nan,nan,nan,nan,3.133539952337742
676,0.00024503855816915884,0.26917365566889445,0.34546816992768276,0.5187144986703502,0.14947168578243963,0.13158389700356174,0.9296110185275953,nan,nan,nan,nan,nan,nan,nan,3.0146065279841423
677,0.00024371647158719244,0.2668671500682831,0.34472784390521355,0.5164871686354248,0.1499896088618763,0.13074316243505538,0.9295313858118485,nan,nan,nan,nan,nan,nan,nan,2.9764925613999367
678,0.00024239696376816705,0.26612580502033234,0.3442538470876017,0.515775581686501,0.14969862431787734,0.13088432506616998,0.9298876907492729,nan,nan,nan,nan,nan,nan,nan,3.2252949252724648
679,0.00024108004773509194,0.2650900651216507,0.34408067096158873,0.5147651408828611,0.14907309740875077,0.13137228376302976,0.9302676534980231,nan,nan,nan,nan,nan,nan,nan,3.128021664917469
680,0.00023976573648539705,0.2673036322593689,0.34509178889733033,0.5169057611702893,0.14993739175897788,0.13124468189393196,0.9293890141489396,nan,nan,nan,nan,nan,nan,nan,3.0274187549948692
681,0.00023845404299080363,0.26799535783131917,0.3452108780184949,0.517583896369296,0.14972702022677514,0.13118991602130511,0.9293837205502729,nan,nan,nan,nan,nan,nan,nan,3.1612429171800613
682,0.00023714498019719674,0.26537483461697897,0.3439548661742721,0.5150336071311151,0.14896552625559586,0.1313241512270039,0.930300820181028,nan,nan,nan,nan,nan,nan,nan,3.1596753373742104
683,0.00023583856102449792,0.26738777542114256,0.34491336046506876,0.5170018291079789,0.15027170538836063,0.130785151782505,0.9295671666176518,nan,nan,nan,nan,nan,nan,nan,3.127722568809986
684,0.00023453479836653713,0.2652843933105469,0.34371662487644183,0.5149444278325576,0.14896748684769467,0.1310355520700585,0.9302504002875535,nan,nan,nan,nan,nan,nan,nan,3.0884166806936264
685,0.00023323370509092516,0.2665637529293696,0.3448315788842189,0.5161895556518609,0.15011724340750907,0.13096454595954646,0.9297067607750874,nan,nan,nan,nan,nan,nan,nan,3.103183761239052
686,0.00023193529403892736,0.2657529016335805,0.34426104013750697,0.5154072336041784,0.14942718034179656,0.1309833022906251,0.9301030291147927,nan,nan,nan,nan,nan,nan,nan,3.047172836959362
687,0.00023063957802533684,0.26634032813707986,0.34440441079612294,0.5159789451757566,0.1498203117341437,0.13089680750253244,0.9297665588341012,nan,nan,nan,nan,nan,nan,nan,3.0938399955630302
688,0.00022934656983834723,0.26595704340934756,0.3443308374076888,0.5156144789767094,0.14960412377871452,0.1310715616116067,0.930046237296997,nan,nan,nan,nan,nan,nan,nan,3.311173088848591
689,0.00022805628223942768,0.2655066078106562,0.3437947828720836,0.5151672026838606,0.1498801751462275,0.13015589974839067,0.9301185504689082,nan,nan,nan,nan,nan,nan,nan,3.0966685861349106
690,0.0002267687279631956,0.2649009343783061,0.3437985603305844,0.5145772005759484,0.1490401921380257,0.13116256576152666,0.9302544195013561,nan,nan,nan,nan,nan,nan,nan,3.0655985698103905
691,0.00022548391971729222,0.2652744643688202,0.3438140255857269,0.5149414071984849,0.149474365258308,0.13061497238832795,0.930218279253668,nan,nan,nan,nan,nan,nan,nan,3.2790250182151794
692,0.0002242018701822559,0.26927012928326927,0.34564284623852237,0.5188089441483428,0.14991219815050813,0.1311416527791393,0.9291781524687123,nan,nan,nan,nan,nan,nan,nan,3.0999507531523705
693,0.0002229225920113982,0.2652508171399434,0.34390771610422183,0.5149109545932969,0.14913302617390453,0.13103741463255236,0.9301345619710486,nan,nan,nan,nan,nan,nan,nan,3.212258316576481
694,0.0002216460978306777,0.2674708071152369,0.34494440547086885,0.517071573678925,0.14976884619154984,0.13125562853315034,0.9295086102669673,nan,nan,nan,nan,nan,nan,nan,2.9272506162524223
695,0.00022037240023857737,0.2646744352976481,0.34322195319392707,0.5143488623637232,0.14913283011469464,0.13066225533444434,0.9304400875731137,nan,nan,nan,nan,nan,nan,nan,2.9419011175632477
696,0.0002191015118059779,0.2680636037190755,0.3445353740084714,0.5176446299772641,0.14924438780511715,0.13108580858085808,0.9298919713753554,nan,nan,nan,nan,nan,nan,nan,2.826877474784851
697,0.0002178334450760348,0.2663942503929138,0.3444429538540952,0.5160287828510589,0.14943459791523706,0.13084798875927198,0.9298357677351894,nan,nan,nan,nan,nan,nan,nan,2.9353463873267174
698,0.00021656821256405516,0.2656856024662654,0.3443199549727559,0.5153371789522354,0.14939300068620723,0.13117955755971636,0.9300948273045127,nan,nan,nan,nan,nan,nan,nan,3.138338215649128
699,0.00021530582675737288,0.26500639963150024,0.3436387577147257,0.5146749358138063,0.1494591706695422,0.13060869849361173,0.9302547462667059,nan,nan,nan,nan,nan,nan,nan,3.359230600297451
700,0.00021404630011522606,0.2651656283537547,0.3439511965738653,0.514829636981091,0.14938868738358985,0.13091562918668104,0.9302314152207299,0.2703385639190674,0.33690989049786785,0.5198831606884262,0.7242329183413391,0.15316635623958436,0.12260072541907656,0.9262268405058328,3.1734700798988342
701,0.00021278964506863432,0.2663604129155477,0.34429846127983776,0.5159976629446638,0.1495831454432572,0.13081710943371566,0.9299020357481292,nan,nan,nan,nan,nan,nan,nan,3.1672442480921745
702,0.00021153587402027589,0.26686753050486245,0.34494234991259026,0.5164879143068112,0.1497386857497631,0.13132973891448552,0.9296848348201157,nan,nan,nan,nan,nan,nan,nan,3.2726520150899887
703,0.00021028499934436462,0.26455933690071104,0.3435671126247835,0.5142501332458217,0.14929510178740646,0.13064931542659217,0.9304576348723981,nan,nan,nan,nan,nan,nan,nan,3.2937106862664223
704,0.00020903703338652857,0.2663070672750473,0.3443928499401611,0.5159469471041465,0.1495796490540143,0.1308768421396595,0.9298605692252394,nan,nan,nan,nan,nan,nan,nan,3.242296025156975
705,0.0002077919884636877,0.26532260223229726,0.34393092499611966,0.5149933305258272,0.1495328889324576,0.13087680946312452,0.9300796980688167,nan,nan,nan,nan,nan,nan,nan,3.2507245764136314
706,0.00020654987686393294,0.2648729439576467,0.3436636166439973,0.514548839146865,0.14915861190079405,0.13065294252197496,0.9305313204587785,nan,nan,nan,nan,nan,nan,nan,3.2040799036622047
707,0.00020531071084640455,0.26551141222318014,0.34389163210101953,0.5151769825483166,0.149563637551874,0.13081743619906544,0.9301035192628174,nan,nan,nan,nan,nan,nan,nan,3.0316406935453415
708,0.0002040745026411705,0.2662877269585927,0.3439408497277636,0.5159270923425602,0.14930454530601575,0.1306943763683299,0.9300156847367905,nan,nan,nan,nan,nan,nan,nan,3.115620844066143
709,0.00020284126444910697,0.26587223609288535,0.34400574711323234,0.5155209060027579,0.14946946377806097,0.13083367643695062,0.9300890762343561,nan,nan,nan,nan,nan,nan,nan,3.296779438853264
710,0.00020161100844177693,0.2657195283969243,0.34414096012594764,0.5153713150165088,0.1498199849687939,0.13070385256347417,0.9300607783550632,nan,nan,nan,nan,nan,nan,nan,3.1449818834662437
711,0.0002003837467613105,0.26499058953921,0.34363104349961604,0.5146679483080437,0.14918351142044897,0.13069094533215697,0.9301861255432474,nan,nan,nan,nan,nan,nan,nan,3.0095339193940163
712,0.00019915949152028457,0.26789191901683806,0.34450828209754764,0.5174796890926437,0.14936548704375388,0.13101548867758062,0.929869424566219,nan,nan,nan,nan,nan,nan,nan,3.3177648037672043
713,0.00019793825480160493,0.2650922372341156,0.3437158572969766,0.5147719603784342,0.14931513250334935,0.13070986504591053,0.9302376237623763,nan,nan,nan,nan,nan,nan,nan,3.2547857239842415
714,0.00019672004865838456,0.2658377673625946,0.34396599368321734,0.5154856430387758,0.14939218377283273,0.13092059601999803,0.9301480247034605,nan,nan,nan,nan,nan,nan,nan,3.4009867385029793
715,0.00019550488511382608,0.26704400932788847,0.34505611671547726,0.5166597280444507,0.1499955233147077,0.13118756331078651,0.9296137960330687,nan,nan,nan,nan,nan,nan,nan,3.2949044331908226
716,0.00019429277616110348,0.2656679168144862,0.3441945655348332,0.5153294303537432,0.14954569813416985,0.13090268927882887,0.9299989216743456,nan,nan,nan,nan,nan,nan,nan,3.3199046924710274
717,0.00019308373376324253,0.2654079439242681,0.34389327205461884,0.5150765549308431,0.1493176485965428,0.13095637682580138,0.9302180505179231,nan,nan,nan,nan,nan,nan,nan,3.2606270164251328
718,0.00019187776985300355,0.26725370820363364,0.3447406873151733,0.5168589408832134,0.14952465444564259,0.13106139920922785,0.9298036140247689,nan,nan,nan,nan,nan,nan,nan,3.2683407440781593
719,0.00019067489633276354,0.2669738826354345,0.34470852773318794,0.5165954748845882,0.15005894846910434,0.13078358330882595,0.9295959219684344,nan,nan,nan,nan,nan,nan,nan,3.272263988852501
720,0.0001894751250743987,0.266824533979098,0.34437445751846224,0.5164476901959556,0.14945201450838153,0.13081864523085973,0.929842825866745,nan,nan,nan,nan,nan,nan,nan,3.0497133284807205
721,0.0001882784679191669,0.2658304078578949,0.34418381297636264,0.5154837364506412,0.14964366238604057,0.1305531810606803,0.9300383949286017,nan,nan,nan,nan,nan,nan,nan,3.263965792953968
722,0.000187084936677591,0.2646487812201182,0.3436361045970779,0.5143349708409979,0.14938058360291476,0.1306938862203052,0.9304369833022906,nan,nan,nan,nan,nan,nan,nan,3.0782634764909744
723,0.00018589454312934248,0.2671891385714213,0.34453820103931804,0.5167987469826669,0.14971692317746627,0.13083099696108225,0.9295660556154626,nan,nan,nan,nan,nan,nan,nan,3.28181941062212
724,0.00018470729902312513,0.26539957118034363,0.34356400063157616,0.5150763956489522,0.14897278044636147,0.1309279482403686,0.9303957781916805,nan,nan,nan,nan,nan,nan,nan,3.2353703677654266
725,0.00018352321607655926,0.26757758561770123,0.3444547075143777,0.5171702175663685,0.14972290298336766,0.13049550697644022,0.929973597359736,nan,nan,nan,nan,nan,nan,nan,3.2830087170004845
726,0.00018234230597606507,0.2654586787223816,0.3437932069313058,0.5151185720955426,0.1491910597000294,0.13089416070319904,0.9300718883769565,nan,nan,nan,nan,nan,nan,nan,3.2339876145124435
727,0.00018116458037674893,0.2691611535549164,0.34493213485759155,0.5187010819294889,0.1493252622291932,0.13114828611574028,0.9297615920007842,nan,nan,nan,nan,nan,nan,nan,3.396981865167618
728,0.00017999005090228677,0.2634391394058863,0.34267892636649183,0.5131610438178215,0.1490127438486423,0.13040747639120348,0.930823089239617,nan,nan,nan,nan,nan,nan,nan,3.21263787150383
729,0.00017881872914481042,0.26532467142740884,0.34394387473246085,0.5149938841055209,0.14955167794007124,0.13067679639251054,0.9302213181714211,nan,nan,nan,nan,nan,nan,nan,2.8755823746323586
730,0.00017765062666479239,0.26581050912539167,0.34394856841036825,0.5154690007793756,0.1493499330131033,0.1307403195765121,0.9301726301343005,nan,nan,nan,nan,nan,nan,nan,3.2827654406428337
731,0.00017648575499093315,0.26575658877690633,0.34411743448865306,0.5154052788666573,0.14994719471947196,0.13042358592294873,0.9300636865666765,nan,nan,nan,nan,nan,nan,nan,3.1898401007056236
732,0.00017532412562004562,0.26553632092475893,0.3439803381076814,0.5151933326587326,0.14932634055484756,0.13090700258144627,0.9300873770545371,nan,nan,nan,nan,nan,nan,nan,3.1762760132551193
733,0.0001741657500169427,0.2652420358657837,0.3435458302443796,0.5149107005031213,0.149061170473483,0.13083214063980655,0.93022301735124,nan,nan,nan,nan,nan,nan,nan,3.0871077105402946
734,0.00017301063961432374,0.26654623134930927,0.34406629054187904,0.5161794809221842,0.14964153841126687,0.1305494232591576,0.9298687710355193,nan,nan,nan,nan,nan,nan,nan,3.30828894674778
735,0.00017185880581266247,0.2688134149710337,0.34517399654956216,0.5183695213489878,0.1497720811685129,0.13082632421658008,0.9296244485834723,nan,nan,nan,nan,nan,nan,nan,3.1349238231778145
736,0.00017071025998009303,0.26492376895745595,0.3435475858422785,0.5146026482901902,0.1493525798124367,0.13065882429827141,0.9303186288925922,nan,nan,nan,nan,nan,nan,nan,3.222076505422592
737,0.00016956501345229943,0.26517945345242816,0.3436300954971735,0.5148524922663457,0.14925040028755351,0.1307259419011208,0.9301961245629513,nan,nan,nan,nan,nan,nan,nan,3.2504935413599014
738,0.00016842307753240263,0.2646349874337514,0.3435479987664608,0.5143221106142477,0.14931781197921773,0.13072679149103028,0.9304715877528347,nan,nan,nan,nan,nan,nan,nan,3.1065905168652534
739,0.00016728446349084897,0.2653394242922465,0.34370786596953323,0.51500850830186,0.14885001470444073,0.13112354997876025,0.9302426886252981,nan,nan,nan,nan,nan,nan,nan,3.238303802907467
740,0.00016614918256529942,0.2651648387114207,0.34370511099299905,0.5148371294920208,0.14969480116328465,0.13026605234780902,0.9303646374538443,nan,nan,nan,nan,nan,nan,nan,3.3008203580975533
741,0.00016501724596051814,0.2640212076505025,0.34306757367026924,0.5137284335560011,0.14875002450740124,0.13067859360193446,0.9307179361500506,nan,nan,nan,nan,nan,nan,nan,3.311338759958744
742,0.00016388866484826263,0.2647082484563192,0.34347901962225924,0.5143841337772194,0.1490847956082737,0.13081037806750972,0.9304163644087181,nan,nan,nan,nan,nan,nan,nan,3.175262436270714
743,0.00016276345036717304,0.26566286444664,0.34402280885962977,0.5153229980752027,0.14932009933666635,0.13074143057870144,0.9300697317256478,nan,nan,nan,nan,nan,nan,nan,3.2306171730160713
744,0.0001616416136226618,0.26516708890597024,0.3434272492050412,0.5148398089705802,0.14940806456883313,0.13029144201548867,0.9303374505767409,nan,nan,nan,nan,nan,nan,nan,3.012676164507866
745,0.0001605231656868046,0.26456285468737284,0.3433490659361419,0.514255012995565,0.14910704832859523,0.1305887658072738,0.930385060288207,nan,nan,nan,nan,nan,nan,nan,2.8836560100317
746,0.00015940811759823127,0.2664140088955561,0.34430018962601705,0.5160480774180394,0.14933493448354737,0.131047936476816,0.9299247459399406,nan,nan,nan,nan,nan,nan,nan,3.289301313459873
747,0.00015829648036201613,0.264743327220281,0.34330110265435576,0.5144223532116831,0.14885109303009508,0.1308406365389014,0.9305394242394537,nan,nan,nan,nan,nan,nan,nan,3.2835747227072716
748,0.0001571882649495697,0.2647446945508321,0.34331522593781655,0.5144279598869129,0.14890014050910041,0.13079096820573147,0.9303554226709799,nan,nan,nan,nan,nan,nan,nan,3.2654363811016083
749,0.00015608348229853122,0.26480330514907835,0.34346501453595235,0.5144772361273291,0.1492174950168284,0.13076799660164037,0.9303285952357612,nan,nan,nan,nan,nan,nan,nan,3.345620520412922
750,0.00015498214331265915,0.2643142884572347,0.3429364577972339,0.5140086506852216,0.14878802731758325,0.1305044930235598,0.9306705551743293,0.26848296642303465,0.3358701381528159,0.518100574576614,0.7258945201450838,0.14717674737770806,0.12692873247720812,0.9269993137927655,3.017571583390236
751,0.00015388425886172466,0.26488465253512067,0.3431921828282766,0.5145632533885802,0.14962856582687972,0.12996902264483873,0.9303728065875895,nan,nan,nan,nan,nan,nan,nan,3.243984781205654
752,0.00015278983978140388,0.266714333375295,0.344116222457255,0.5163484296301092,0.14919710485900076,0.13074469823219945,0.9299511159036695,nan,nan,nan,nan,nan,nan,nan,3.0854837000370026
753,0.00015169889687317165,0.26494386470317843,0.34364213475803024,0.5146185741871396,0.14918586413096754,0.13068189393196744,0.9303481684802144,nan,nan,nan,nan,nan,nan,nan,3.1418115571141243
754,0.00015061144090419367,0.2648764971494675,0.34325947408903945,0.5145619226053675,0.14936682678168808,0.13003676110185275,0.930375224651178,nan,nan,nan,nan,nan,nan,nan,3.2574148923158646
755,0.0001495274826072217,0.2668580573399862,0.3442406159628958,0.516482308924857,0.14913276476162468,0.13094111688396562,0.9300986831356403,nan,nan,nan,nan,nan,nan,nan,3.3056658804416656
756,0.00014844703268048618,0.2651538807551066,0.3434802511191713,0.5148190165825901,0.14893013756821227,0.1307413325490965,0.9303314054177695,nan,nan,nan,nan,nan,nan,nan,3.013410985469818
757,0.00014737010178759197,0.2640452839533488,0.34296163608857794,0.5137515091384081,0.1488756984609352,0.13057366924811292,0.9304919452341274,nan,nan,nan,nan,nan,nan,nan,3.231066308915615
758,0.00014629670055741213,0.26423047471046446,0.3428488197133451,0.5139260480608601,0.1490058164232265,0.1301808319445806,0.9305688984740058,nan,nan,nan,nan,nan,nan,nan,3.275838740170002
759,0.00014522683958398326,0.2651012788216273,0.3438069106531631,0.5147771499633916,0.14990229716040912,0.13051511289742837,0.9303101656700323,nan,nan,nan,nan,nan,nan,nan,3.3711258471012115
760,0.00014416052942640135,0.2664094495375951,0.3440373108590253,0.5160503863929756,0.14903234976963042,0.13128964480606475,0.9300476097114662,nan,nan,nan,nan,nan,nan,nan,2.9661516174674034
761,0.0001430977806087174,0.2651941727002462,0.3437287890995164,0.5148626515324454,0.1495387053556841,0.13042672287030682,0.9302624579289612,nan,nan,nan,nan,nan,nan,nan,3.0310421139001846
762,0.00014203860361983303,0.2657683933973312,0.3438893050466866,0.515423988246186,0.14926173904519166,0.1309398424991014,0.9300272195536385,nan,nan,nan,nan,nan,nan,nan,3.1254942566156387
763,0.00014098300891339727,0.2655406069755554,0.3435580359513365,0.5152015566983282,0.148963663693102,0.1307664608044963,0.9303225827533248,nan,nan,nan,nan,nan,nan,nan,3.0560109615325928
764,0.0001399310069077041,0.26669797639052073,0.3440898675553663,0.5163163128627184,0.14959945103421232,0.13058324347286213,0.9299633369277521,nan,nan,nan,nan,nan,nan,nan,2.99810129404068
765,0.00013888260798558847,0.264818452278773,0.34333319764912756,0.5144970264530216,0.1488664510015358,0.13086605888311603,0.9304026075874914,nan,nan,nan,nan,nan,nan,nan,3.0857061371207237
766,0.0001378378224943243,0.2648888878822327,0.343258460031492,0.5145684928915516,0.14922455314838415,0.13049361173741136,0.9304374407737803,nan,nan,nan,nan,nan,nan,nan,2.963851347565651
767,0.00013679666074552273,0.2651695054372152,0.3434422056125012,0.5148466766280076,0.14898630853184328,0.13065127601869098,0.9302001437767539,nan,nan,nan,nan,nan,nan,nan,3.1271884441375732
768,0.00013575913301503,0.26632620851198835,0.3435016624825385,0.5159683612361233,0.14943806162794498,0.1300018298859589,0.93038022416103,nan,nan,nan,nan,nan,nan,nan,2.9811543747782707
769,0.00013472524954282592,0.26799316302935283,0.3443690545299889,0.5175782170347242,0.1497244714570467,0.1303360128092017,0.9299891187138516,nan,nan,nan,nan,nan,nan,nan,3.1683448553085327
770,0.00013369502053292264,0.2672744221687317,0.34435533536336305,0.5168797763528834,0.14941486128810902,0.13078325654347614,0.929998300820181,nan,nan,nan,nan,nan,nan,nan,3.056465223431587
771,0.00013266845615326505,0.2646420052846273,0.34346829693218395,0.5143224697256683,0.14942551383851257,0.13046456229781395,0.9303394765219096,nan,nan,nan,nan,nan,nan,nan,3.1245201900601387
772,0.00013164556653562872,0.26503494238853453,0.3433250816785732,0.5147153646749022,0.1490340489494494,0.1308075678855014,0.9302528510276771,nan,nan,nan,nan,nan,nan,nan,3.0202879905700684
773,0.0001306263617755216,0.2636252788702647,0.34276953584513775,0.5133362582453767,0.14881645590301604,0.13061807665915107,0.9307728327288174,nan,nan,nan,nan,nan,nan,nan,3.1112419590353966
774,0.00012961085193208282,0.2643070786794027,0.3432539135256347,0.5140019310111216,0.14895578864817174,0.1306999967323465,0.9306338267490115,nan,nan,nan,nan,nan,nan,nan,3.2358701825141907
775,0.00012859904702798485,0.26432529179255165,0.3430796736252369,0.5140126229237693,0.14882645492272,0.13044949841518805,0.9304979577165637,nan,nan,nan,nan,nan,nan,nan,3.000229313969612
776,0.00012759095704933357,0.26470887299378715,0.3431991242943911,0.5143958135365998,0.14895565794203183,0.13068741626637911,0.9303877724406104,nan,nan,nan,nan,nan,nan,nan,3.2827074602246284
777,0.00012658659194556996,0.26542772340774534,0.34389466929559603,0.5150868251323714,0.14956229781393982,0.13063196418651765,0.9302261216220632,nan,nan,nan,nan,nan,nan,nan,3.197784833610058
778,0.00012558596162937194,0.26440172481536867,0.3430264239565974,0.5140907703380987,0.14926526811096952,0.13021922687318238,0.9305398817109434,nan,nan,nan,nan,nan,nan,nan,3.1487269774079323
779,0.00012458907597655725,0.26470106410980226,0.3431576270734283,0.5143933240555407,0.1489704277358429,0.1306667973728066,0.9304581250204228,nan,nan,nan,nan,nan,nan,nan,3.2972660064697266
780,0.00012359594482598454,0.26321831794579825,0.34264510257879127,0.5129414273496393,0.1486570597653825,0.13054543672189,0.9310271215240336,nan,nan,nan,nan,nan,nan,nan,3.198068678379059
781,0.00012260657797945728,0.26371177967389425,0.3426881355330768,0.5134296321546508,0.14919798712544521,0.13012988922654642,0.9308525634741692,nan,nan,nan,nan,nan,nan,nan,3.025416113436222
782,0.00012162098520162699,0.2648918368021647,0.3434226035846159,0.5145773443229756,0.14872724896252001,0.13073499330131033,0.9303960069274254,nan,nan,nan,nan,nan,nan,nan,3.107096567749977
783,0.00012063917621989639,0.2641568002700806,0.34300098157247655,0.5138602862882449,0.14896336960428716,0.1306287618860896,0.930543868248211,nan,nan,nan,nan,nan,nan,nan,3.0583947747945786
784,0.00011966116072432363,0.2648453549941381,0.3434115588519712,0.5145304646017217,0.14904225075972943,0.130692579158906,0.9303746691500834,nan,nan,nan,nan,nan,nan,nan,2.9992411956191063
785,0.00011868694836752692,0.263495050907135,0.34255542948710094,0.5132150661483296,0.14873280397346667,0.13057216612750383,0.9309210208149528,nan,nan,nan,nan,nan,nan,nan,3.0162866339087486
786,0.00011771654876458905,0.2644978675842285,0.3430935471757262,0.5141887986137121,0.14936597719177858,0.1301512596804235,0.9305467764598242,nan,nan,nan,nan,nan,nan,nan,3.0125894397497177
787,0.00011674997149296226,0.26337087575594587,0.34234090184428406,0.5130957172353886,0.14847681599843152,0.1304444662288011,0.9307845636048754,nan,nan,nan,nan,nan,nan,nan,3.278068795800209
788,0.00011578722609237397,0.26427691713968915,0.34300036576019916,0.513969452610244,0.1490186583014737,0.13046573865307323,0.9305650753194131,nan,nan,nan,nan,nan,nan,nan,3.1680374294519424
789,0.0001148283220647324,0.265046303431193,0.34340682509425136,0.5147163374649538,0.14913263405548477,0.1306943763683299,0.930399895435088,nan,nan,nan,nan,nan,nan,nan,3.3006940111517906
790,0.00011387326887403343,0.26401896619796755,0.3427251377520178,0.513722350079909,0.1492522628500474,0.12979776492500736,0.930629840211744,nan,nan,nan,nan,nan,nan,nan,3.221096269786358
791,0.00011292207594626652,0.26373987046877545,0.34286668407713294,0.5134518823994221,0.14886870568244942,0.1306986569944123,0.9307853805182499,nan,nan,nan,nan,nan,nan,nan,3.0708969831466675
792,0.00011197475266932167,0.2636851495107015,0.3425578697605218,0.5133955107535149,0.14905809887919486,0.1301198575303075,0.9308353429402346,nan,nan,nan,nan,nan,nan,nan,3.0405190512537956
793,0.00011103130839289735,0.2646965471108754,0.3432664620171021,0.5143836710454908,0.1491656046792798,0.13051762899062183,0.9304718164885796,nan,nan,nan,nan,nan,nan,nan,3.2550556287169456
794,0.0001100917524284076,0.2661551568110784,0.34410352156038626,0.5158002083006535,0.1492056007580956,0.13099183086625493,0.9301335163219292,nan,nan,nan,nan,nan,nan,nan,3.232452891767025
795,0.00010915609404889051,0.2632587833404541,0.3425136083727494,0.512977935288916,0.1487656438911218,0.13037872104042086,0.9309494167238506,nan,nan,nan,nan,nan,nan,nan,3.1775312200188637
796,0.0001082243424889162,0.2649219714005788,0.34332166787416674,0.51461035651922,0.14905153089566384,0.13061908963173546,0.9305566774499232,nan,nan,nan,nan,nan,nan,nan,3.2344616800546646
797,0.00010729650694449703,0.265256765127182,0.3436732722409772,0.5149314461193548,0.1490879325556318,0.13090324477992354,0.930338921020815,nan,nan,nan,nan,nan,nan,nan,3.078353501856327
798,0.00010637259657299485,0.2653100297451019,0.34336639866802277,0.5149810132547042,0.14983615985360912,0.13008443616638893,0.9303030095088717,nan,nan,nan,nan,nan,nan,nan,3.1163496524095535
799,0.00010545262049303214,0.2648817716439565,0.3433739799432449,0.5145647256863668,0.14887279024932196,0.13079162173643108,0.9304908015554031,nan,nan,nan,nan,nan,nan,nan,3.116038002073765
800,0.00010453658778440125,0.2643840302626292,0.3428624566780626,0.5140796955061535,0.14909662451393654,0.1300262719341241,0.9305382478841944,0.2684467566013336,0.33718344479095186,0.5180702890681844,0.7251347907067934,0.1443760415645525,0.13048916772865404,0.9269414763258504,3.299655996263027
801,0.0001036245074879754,0.2632559425830841,0.34252169951679573,0.5129833109173231,0.14863176812730777,0.13048939646439892,0.9309102048818744,nan,nan,nan,nan,nan,nan,nan,3.1748577505350113
802,0.00010271638860561868,0.2639863644440969,0.34258305328521715,0.5136986901348639,0.14865392281802436,0.1303056236316701,0.9307425415808908,nan,nan,nan,nan,nan,nan,nan,3.231176272034645
803,0.00010181224010009799,0.26594843196868895,0.34382271199157355,0.5155952988354331,0.14948086788876908,0.13065284449237002,0.9299986275855309,nan,nan,nan,nan,nan,nan,nan,3.3210943564772606
804,0.00010091207089499414,0.26384461057186126,0.34273690628267656,0.5135442846353754,0.14874636473548344,0.1302579812436689,0.9307990719864065,nan,nan,nan,nan,nan,nan,nan,3.1997907385230064
805,0.00010001588987461366,0.2645551064014435,0.3428523542677597,0.5142462069618012,0.14908162598438063,0.13021769107603828,0.930452831421756,nan,nan,nan,nan,nan,nan,nan,3.1035662069916725
806,9.912370588390137e-05,0.2645011420249939,0.3431238693408326,0.5141949084698023,0.1488988661242362,0.13070270888474986,0.9306138940626736,nan,nan,nan,nan,nan,nan,nan,3.430376850068569
807,9.823552772835307e-05,0.26404835176467895,0.3428319427297773,0.5137556736159127,0.14883615985360912,0.13055197202888605,0.930639806554913,nan,nan,nan,nan,nan,nan,nan,3.2739910408854485
808,9.735136417392859e-05,0.2639441692829132,0.34274523420395875,0.5136455281079569,0.14880704506094175,0.13043034996568964,0.9307325098846518,nan,nan,nan,nan,nan,nan,nan,3.3795451670885086
809,9.647122394696539e-05,0.2631601794163386,0.3424857848137846,0.5128914191188623,0.1487345358298206,0.13031261641015587,0.9309297454497925,nan,nan,nan,nan,nan,nan,nan,3.2690707072615623
810,9.559511573409213e-05,0.2633946067492167,0.3423031667646963,0.5131152920593742,0.1488976570924419,0.13014152207299937,0.9308873313073882,nan,nan,nan,nan,nan,nan,nan,3.305477850139141
811,9.472304818214304e-05,0.2650493331750234,0.3434503631945806,0.5147267566372481,0.14919952292258928,0.13060043133026175,0.9302968663202954,nan,nan,nan,nan,nan,nan,nan,3.1516064256429672
812,9.385502989807297e-05,0.26499840974807737,0.34319081360487536,0.5146738715549354,0.1491246609809496,0.13033591477959677,0.9305987321504428,nan,nan,nan,nan,nan,nan,nan,3.2162488624453545
813,9.299106944887187e-05,0.26529061603546145,0.34346209955927526,0.5149622309574455,0.14922193902558573,0.13067450903506192,0.9303299676502303,nan,nan,nan,nan,nan,nan,nan,3.107996203005314
814,9.213117536148036e-05,0.26484870533148447,0.342976551969476,0.5145322111165722,0.14869826487599255,0.1304410025160932,0.9306456556546744,nan,nan,nan,nan,nan,nan,nan,3.151470825076103
815,9.12753561227064e-05,0.2638201677401861,0.34269836290559746,0.513522552174286,0.1487178381204457,0.13058219782374278,0.930717315295886,nan,nan,nan,nan,nan,nan,nan,3.3206348344683647
816,9.042362017914006e-05,0.2655620201428731,0.34324042296711105,0.5152235036752898,0.14881959285037413,0.13070898277946608,0.930548835081528,nan,nan,nan,nan,nan,nan,nan,3.258429229259491
817,8.95759759370713e-05,0.26386528531710307,0.342371127320034,0.513576317455104,0.1490058164232265,0.129976865013234,0.9307969806881679,nan,nan,nan,nan,nan,nan,nan,3.0034461840987206
818,8.873243176240651e-05,0.2672045563856761,0.3439951739565974,0.5168109707941139,0.149236349377512,0.13052204032284417,0.9301443322550077,nan,nan,nan,nan,nan,nan,nan,3.1297940388321877
819,8.789299598058631e-05,0.26532875299453734,0.3430199211984936,0.5149996355613317,0.14878685096232397,0.13033375812828807,0.93056197104859,nan,nan,nan,nan,nan,nan,nan,3.2385632544755936
820,8.705767687650271e-05,0.26405748987197875,0.3430393828193927,0.513764611659377,0.14896405581152175,0.1306188608959906,0.9306423880011764,nan,nan,nan,nan,nan,nan,nan,3.118286833167076
821,8.622648269441833e-05,0.26466472204526265,0.34321680504413377,0.5143476554802123,0.14928725941901122,0.13027160735875568,0.930461065908571,nan,nan,nan,nan,nan,nan,nan,3.1865995302796364
822,8.539942163788396e-05,0.26450953261057536,0.3430604067871205,0.5142048477611286,0.149085971963533,0.13043740809724536,0.9305604352514459,nan,nan,nan,nan,nan,nan,nan,3.2347316816449165
823,8.457650186965851e-05,0.2642835141023,0.3431943607959187,0.5139868840932418,0.14924170832924877,0.1304238146586936,0.9305393588863837,nan,nan,nan,nan,nan,nan,nan,3.19037626683712
824,8.375773151162777e-05,0.2650156446297963,0.34353135785809397,0.514694169596308,0.148895859883018,0.13106005947129368,0.9302568375649446,nan,nan,nan,nan,nan,nan,nan,3.327145077288151
825,8.294311864472453e-05,0.26534451615810395,0.3435825734762523,0.5150113099125996,0.14912992190308139,0.13075796490540142,0.9302375584093063,nan,nan,nan,nan,nan,nan,nan,3.2386267632246017
826,8.213267130884901e-05,0.26622959566116333,0.3432679256961123,0.5158671347551785,0.14910358461588732,0.13039643172238016,0.9306918602751364,nan,nan,nan,nan,nan,nan,nan,3.3775485157966614
827,8.132639750278934e-05,0.26488851992289225,0.34326021180010946,0.514570183526531,0.14913299349736953,0.1305531810606803,0.9304093062771623,nan,nan,nan,nan,nan,nan,nan,3.2419554069638252
828,8.052430518414238e-05,0.26341550330320995,0.3423262503114482,0.5131431013393134,0.14825334117570174,0.13038525634741693,0.9308913178446557,nan,nan,nan,nan,nan,nan,nan,3.2976268976926804
829,7.97264022692353e-05,0.264275288105011,0.34276773174300723,0.5139730728121868,0.14884913243799627,0.13051945887658073,0.9306032088357351,nan,nan,nan,nan,nan,nan,nan,3.1007053330540657
830,7.89326966330481e-05,0.2639044636885325,0.34250088035180376,0.5136145780518082,0.14902333104597587,0.1300914289448747,0.9308405058327615,nan,nan,nan,nan,nan,nan,nan,3.2193086743354797
831,7.814319610913479e-05,0.2638734133243561,0.34265413578989395,0.5135819432455812,0.14883727085579845,0.13039358886383687,0.9306847041139757,nan,nan,nan,nan,nan,nan,nan,3.2200546264648438
832,7.735790848954658e-05,0.2643337777853012,0.3427907280459636,0.5140281230767844,0.1488890958402771,0.1303861059373264,0.9306509819298762,nan,nan,nan,nan,nan,nan,nan,3.2731690406799316
833,7.657684152475574e-05,0.26516519832611085,0.3433682942899797,0.5148405851676051,0.14926798026337287,0.1305788321406398,0.9302075613501944,nan,nan,nan,nan,nan,nan,nan,2.935019515454769
834,7.580000292357758e-05,0.26679664532343544,0.3437989401314822,0.5164189437053496,0.1484818155082835,0.13099251707348952,0.9303765970656471,nan,nan,nan,nan,nan,nan,nan,3.178965210914612
835,7.502740035309556e-05,0.26376421030362446,0.34245556016771234,0.5134735071683247,0.1486300689474888,0.13037839427507106,0.9308936052021044,nan,nan,nan,nan,nan,nan,nan,3.2194510251283646
836,7.425904143858494e-05,0.26360157382488253,0.34251466557353444,0.5133127505287851,0.1484800182988596,0.13042358592294873,0.9309439597425089,nan,nan,nan,nan,nan,nan,nan,3.2666771858930588
837,7.349493376343831e-05,0.26597621019681295,0.34336039671611035,0.5156267368663062,0.14913243799627487,0.13026454922719996,0.9303038264222462,nan,nan,nan,nan,nan,nan,nan,3.26119863986969
838,7.273508486908968e-05,0.26386434535185493,0.3427147010454449,0.5135689443658121,0.14888906316374212,0.13043943404241415,0.930705813155573,nan,nan,nan,nan,nan,nan,nan,3.323156975209713
839,7.197950225494106e-05,0.263107622385025,0.3425287699020521,0.5128405409205711,0.14866022938927556,0.13048142338986374,0.9311111002189327,nan,nan,nan,nan,nan,nan,nan,3.172526389360428
840,7.122819337828767e-05,0.2645821878115336,0.3426473716833317,0.5142690521246409,0.14893912361533182,0.13024232918341339,0.930616573538542,nan,nan,nan,nan,nan,nan,nan,3.1002292037010193
841,7.048116565424496e-05,0.265535351951917,0.34354706748521385,0.515192485391299,0.14925595529850014,0.13040509100414993,0.9302551383851256,nan,nan,nan,nan,nan,nan,nan,3.320704646408558
842,6.973842645567488e-05,0.26356958826382954,0.34249477341375845,0.5132850262249129,0.1490619873868575,0.13023331045975886,0.9307599908505702,nan,nan,nan,nan,nan,nan,nan,3.190676435828209
843,6.899998311311337e-05,0.2631273318926493,0.3419263802772604,0.512860926330203,0.14809508871679247,0.13052782406953567,0.930965199490246,nan,nan,nan,nan,nan,nan,nan,3.263760417699814
844,6.826584291469823e-05,0.2656922119061152,0.34379366950850404,0.515351415353026,0.1492426886252982,0.13067349606247752,0.9300921151521093,nan,nan,nan,nan,nan,nan,nan,3.325503669679165
845,6.75360131060969e-05,0.2645951315164566,0.34317947867651866,0.5142637784211646,0.14896350031042707,0.13058389700356174,0.9305924909322616,nan,nan,nan,nan,nan,nan,nan,3.330647848546505
846,6.681050089043486e-05,0.2636488948663076,0.34244144843591723,0.5133672113437017,0.14870672809855243,0.12995003757801524,0.9308945854981537,nan,nan,nan,nan,nan,nan,nan,3.228872075676918
847,6.608931342822467e-05,0.264967776298523,0.34320988572403033,0.514645224400947,0.14920978335457308,0.13021573048393947,0.93056210175473,nan,nan,nan,nan,nan,nan,nan,3.174146145582199
848,6.537245783729563e-05,0.26454100116093954,0.3429588182480067,0.514231174762405,0.14894879586968598,0.13054965199490245,0.9305940594059406,nan,nan,nan,nan,nan,nan,nan,3.187633439898491
849,6.465994119272294e-05,0.26351664169629413,0.34262149761154953,0.5132360024167587,0.14860036597719178,0.1306320622161226,0.9307962618043982,nan,nan,nan,nan,nan,nan,nan,3.21620786935091
850,6.395177052675809e-05,0.2647971147696177,0.34317561588886303,0.5144835042564047,0.14905747802503022,0.13043897657092443,0.9304473090873444,0.26902196288108826,0.33523522318583965,0.5185968079681521,0.7253279090285266,0.15104891677286542,0.12362317419860798,0.9269061856680717,2.9918601140379906
851,6.324795282875974e-05,0.2649386199315389,0.3432673278814577,0.5146169917301255,0.14886011175374964,0.13059879750351272,0.9304096983955822,nan,nan,nan,nan,nan,nan,nan,3.2993982657790184
852,6.254849504512459e-05,0.2648017783959707,0.3431266894789726,0.5144852754923631,0.14910113387576382,0.13034493350325133,0.93033875763814,nan,nan,nan,nan,nan,nan,nan,3.3451370671391487
853,6.185340407921843e-05,0.26553973893324534,0.34381866539840866,0.5151954867767948,0.14906126850308793,0.13095229225892888,0.9302667712315786,nan,nan,nan,nan,nan,nan,nan,3.257289633154869
854,6.116268679130839e-05,0.2638119513988495,0.3425448856882904,0.5135310864524113,0.14896938208672353,0.13015011600169918,0.9308874620135281,nan,nan,nan,nan,nan,nan,nan,3.1029185205698013
855,6.047634999849546e-05,0.26317118779818216,0.3423348093936869,0.5129013656584028,0.14879567362676863,0.13023978041368492,0.931071202169722,nan,nan,nan,nan,nan,nan,nan,3.223535902798176
856,5.9794400474646463e-05,0.26296930873394014,0.34211572816084207,0.5127004093783397,0.1483649642191942,0.13042806260824102,0.9310848609613437,nan,nan,nan,nan,nan,nan,nan,3.213386617600918
857,5.911684495032811e-05,0.2641640328168869,0.3429603532792945,0.5138679196769627,0.1489316080122864,0.13033699310525113,0.9306433356206908,nan,nan,nan,nan,nan,nan,nan,3.3253049850463867
858,5.844369011273974e-05,0.2644442791938782,0.34291997886747216,0.5141378265111064,0.14883717282619352,0.13050547331960918,0.9304614253504558,nan,nan,nan,nan,nan,nan,nan,3.229774907231331
859,5.7774942605647907e-05,0.2637036294142405,0.34253533182255413,0.5134121986576318,0.14884815214194685,0.1302556938862203,0.9307501878900761,nan,nan,nan,nan,nan,nan,nan,3.20007561147213
860,5.711060902932057e-05,0.26401863622665406,0.3428360491873754,0.5137161795675177,0.1491135182825213,0.13012603339541876,0.9306273894716204,nan,nan,nan,nan,nan,nan,nan,3.2051831856369972
861,5.6450695940461756e-05,0.2647193829615911,0.3429243346112922,0.5144078125050308,0.1488857628337091,0.13030170244747247,0.9304509361827272,nan,nan,nan,nan,nan,nan,nan,3.2143028378486633
862,5.5795209852147226e-05,0.26297659198443096,0.34214881379072315,0.5127061556910913,0.14830601575008986,0.13002552037381956,0.931130673463386,nan,nan,nan,nan,nan,nan,nan,3.3140054792165756
863,5.514415723376027e-05,0.26338839586575824,0.34217508649070355,0.513103370269998,0.14884557069568344,0.12987360716269647,0.930910825736039,nan,nan,nan,nan,nan,nan,nan,3.2521363347768784
864,5.449754451092729e-05,0.2636946386496226,0.3425158354190153,0.5134088874488543,0.14846649021337777,0.13055102440937164,0.9308416168349508,nan,nan,nan,nan,nan,nan,nan,3.050774946808815
865,5.385537806545472e-05,0.2647628589471181,0.34310091892543215,0.5144481351371378,0.14901251511289743,0.1306213116361141,0.9304681240401268,nan,nan,nan,nan,nan,nan,nan,2.9960755929350853
866,5.321766423526627e-05,0.2638181604544322,0.34291087245327256,0.5135330848619662,0.1492654314936444,0.13007904453811717,0.9307293729372937,nan,nan,nan,nan,nan,nan,nan,2.857928231358528
867,5.258440931433989e-05,0.2638694181442261,0.34283427680445955,0.5135769868890645,0.148854524066268,0.13027670489821258,0.9307823416004967,nan,nan,nan,nan,nan,nan,nan,2.940526582300663
868,5.195561955264595e-05,0.2645220745404561,0.3432361244072272,0.5142138530242419,0.14928418782472308,0.13031722380158808,0.9304847563964317,nan,nan,nan,nan,nan,nan,nan,2.9630767852067947
869,5.1331301156085604e-05,0.2643012812137604,0.3429918224418358,0.5139923668185856,0.14893137927654151,0.13046884292389635,0.9306734960624775,nan,nan,nan,nan,nan,nan,nan,2.9602969512343407
870,5.071146028642945e-05,0.2630044542948405,0.34202867659522757,0.5127353366921408,0.14864653792111884,0.1300243113420253,0.9312468385452407,nan,nan,nan,nan,nan,nan,nan,2.9990431889891624
871,5.009610306125661e-05,0.2640102310180664,0.3426763465795837,0.513710479897946,0.1486173577753815,0.13056968271084535,0.9307461686762736,nan,nan,nan,nan,nan,nan,nan,3.0077581256628036
872,4.948523555389438e-05,0.26432093278567,0.34287815411530326,0.5140209168221432,0.14896454595954645,0.1302827827337189,0.9306176191876614,nan,nan,nan,nan,nan,nan,nan,3.022449992597103
873,4.887886379335842e-05,0.2642949094772339,0.3430034385670931,0.5139915814559618,0.14891474692023657,0.1305406659477829,0.9305411887723426,nan,nan,nan,nan,nan,nan,nan,3.053747944533825
874,4.827699376429324e-05,0.26390477387110395,0.3425281736829314,0.5136162692172874,0.14874554782210894,0.1304459366728752,0.9306861745580499,nan,nan,nan,nan,nan,nan,nan,3.273466646671295
875,4.7679631406913166e-05,0.26334544161955514,0.3424387044366565,0.5130664977072312,0.14866467339803288,0.1302128876253962,0.9308137764271477,nan,nan,nan,nan,nan,nan,nan,3.1254184022545815
876,4.7086782616943313e-05,0.26392314370473224,0.3426789023696615,0.5136290365292684,0.1484902787308434,0.1304890696990491,0.93069418030912,nan,nan,nan,nan,nan,nan,nan,3.1732723638415337
877,4.649845324556213e-05,0.2642122153441111,0.3426772861576071,0.5139083804817272,0.1493631343332353,0.12984517857726366,0.9308042022023985,nan,nan,nan,nan,nan,nan,nan,3.074560396373272
878,4.591464909934277e-05,0.26340636118253075,0.3422282223020415,0.51312897114383,0.14883331699506586,0.13008224683854525,0.9309547756755874,nan,nan,nan,nan,nan,nan,nan,3.225018359720707
879,4.533537594019662e-05,0.2640719409783681,0.34253816070422016,0.513774956873831,0.14868895206352317,0.13014168545567428,0.9307271182563801,nan,nan,nan,nan,nan,nan,nan,3.3449866250157356
880,4.4760639485315624e-05,0.2657945014635722,0.34334805845219424,0.5154522565771659,0.14933810410744044,0.13015155376923832,0.9303668594582231,nan,nan,nan,nan,nan,nan,nan,3.3871947303414345
881,4.419044540711689e-05,0.2630947405497233,0.34243816769904095,0.5128327069977409,0.1484251543966278,0.13051132241937066,0.9310971800150312,nan,nan,nan,nan,nan,nan,nan,3.1717186123132706
882,4.3624799333185675e-05,0.2626863116423289,0.34206932722588473,0.51242060998246,0.14862069078194948,0.13025066169983335,0.9311499526190242,nan,nan,nan,nan,nan,nan,nan,3.226527228951454
883,4.306370684622038e-05,0.26415867670377097,0.3423509889374612,0.5138588165054195,0.14875152762801033,0.13001715518086462,0.9309319674541712,nan,nan,nan,nan,nan,nan,nan,3.270861752331257
884,4.250717348397714e-05,0.2625396988391876,0.3418738265167018,0.5122774385431502,0.14871555076299708,0.1299343855177597,0.9312554651504754,nan,nan,nan,nan,nan,nan,nan,3.3511950746178627
885,4.195520473921579e-05,0.26504919763406115,0.3432728130718394,0.5147185625192205,0.14871724994281607,0.13074698558964806,0.9304624383230402,nan,nan,nan,nan,nan,nan,nan,3.094952166080475
886,4.1407806059644906e-05,0.2632639909585317,0.3422913157768438,0.5129878979106339,0.14871901447570499,0.13004029016763063,0.9309633369277521,nan,nan,nan,nan,nan,nan,nan,3.304663583636284
887,4.0864982847868386e-05,0.2628320085207621,0.3421318793041123,0.5125696478422025,0.1486544129660491,0.13034160049668334,0.9310816913374506,nan,nan,nan,nan,nan,nan,nan,3.3544402718544006
888,4.032674046133242e-05,0.2644868522485097,0.34305946944284466,0.5141801262430626,0.1490133647028069,0.13032771296931672,0.9305102767702513,nan,nan,nan,nan,nan,nan,nan,3.1490813568234444
889,3.979308421227186e-05,0.26332376209894814,0.3424562027849598,0.5130423858700497,0.14869757866875796,0.13033895369734994,0.9310857759043231,nan,nan,nan,nan,nan,nan,nan,2.987873524427414
890,3.926401936765854e-05,0.2643531909783681,0.3428968817267711,0.5140514664763649,0.14882831748521386,0.13050145410580663,0.9305725582459236,nan,nan,nan,nan,nan,nan,nan,3.1313068941235542
891,3.873955114914877e-05,0.2651023235321045,0.343376443639104,0.5147777846095236,0.14932310557788453,0.13056268993235956,0.9302684704113976,nan,nan,nan,nan,nan,nan,nan,3.210945874452591
892,3.8219684733032144e-05,0.2625911679267883,0.34201304776594615,0.5123297700685088,0.14862046204620463,0.13015155376923832,0.9312616736921216,nan,nan,nan,nan,nan,nan,nan,3.25557504594326
893,3.7704425250180505e-05,0.2629361034234365,0.3420998240062249,0.5126640404001285,0.1484079665392282,0.13046652288991276,0.9311583504885143,nan,nan,nan,nan,nan,nan,nan,2.9739082232117653
894,3.7193777785996756e-05,0.2651413413683573,0.3433150976568882,0.5148054257331068,0.14918070123844068,0.13048822010913963,0.9302448452766069,nan,nan,nan,nan,nan,nan,nan,3.3851099610328674
895,3.668774738036516e-05,0.26319097566604616,0.3423878534937343,0.5129148834025571,0.14881609646113125,0.13024337483253276,0.9309174590726399,nan,nan,nan,nan,nan,nan,nan,3.2951635643839836
896,3.618633902760168e-05,0.2633020149072011,0.3425429650483613,0.5130229658823019,0.14857102244877954,0.13039744469496456,0.931048001829886,nan,nan,nan,nan,nan,nan,nan,3.274404987692833
897,3.5689557676404286e-05,0.26217993128299716,0.3415321375636171,0.5119247107548169,0.14847746952913113,0.12973813024866843,0.931378623010816,nan,nan,nan,nan,nan,nan,nan,3.2178469449281693
898,3.51974082298042e-05,0.263897562901179,0.3424807851762899,0.513603091771956,0.14857451883802242,0.1306269320001307,0.930781720746332,nan,nan,nan,nan,nan,nan,nan,3.2257878109812737
899,3.470989554511803e-05,0.2645689545869827,0.34258156382237853,0.5142658597379199,0.1488168480214358,0.130001633826749,0.9307203542136392,nan,nan,nan,nan,nan,nan,nan,3.1908664032816887
900,3.422702443389908e-05,0.2647265743811925,0.3430011434234389,0.5144118090800226,0.1490832924876646,0.13032506616998332,0.9306141227984185,0.2684480917453766,0.3355255995123027,0.5180624882766425,0.7252387020880305,0.15396823840799923,0.1207930595039702,0.9269571610626409,3.2919819355010986
901,3.37487996618902e-05,0.2635222256183624,0.3423941207510293,0.5132404785943108,0.14932588308335784,0.12949531091723035,0.9310472175930464,nan,nan,nan,nan,nan,nan,nan,3.2804607301950455
902,3.3275225948976796e-05,0.2634505684375763,0.34249084291164267,0.5131668674282629,0.1482589942162533,0.1309178511910597,0.9310642093912361,nan,nan,nan,nan,nan,nan,nan,3.3893653973937035
903,3.280630796914032e-05,0.2638125781218211,0.3425487138209489,0.5135233253289678,0.14885380518249844,0.13022452047184915,0.9308524327680293,nan,nan,nan,nan,nan,nan,nan,3.363402307033539
904,3.234205035041182e-05,0.2626927057504654,0.3419778201636686,0.5124381057969791,0.1482803319935954,0.13024425709897722,0.9310791425677222,nan,nan,nan,nan,nan,nan,nan,3.249602645635605
905,3.188245767482667e-05,0.26322307233015696,0.3421404581709718,0.5129474602409272,0.14890484593013756,0.129938829526517,0.9310756135019442,nan,nan,nan,nan,nan,nan,nan,3.227974057197571
906,3.1427534478378964e-05,0.2637435029347738,0.34218337828909745,0.5134571705324281,0.14850452570009476,0.13011227657419208,0.9311425677221188,nan,nan,nan,nan,nan,nan,nan,3.32049497961998
907,3.097728525097708e-05,0.2633160627683004,0.3423309520308466,0.5130322795045369,0.14873956801620755,0.13032072019083096,0.930872855602392,nan,nan,nan,nan,nan,nan,nan,3.3275385573506355
908,3.053171443639904e-05,0.26293775061766306,0.34218064213986377,0.5126598206822189,0.1484008430546025,0.130436362448126,0.9310431003496389,nan,nan,nan,nan,nan,nan,nan,3.2156262323260307
909,3.0090826432248907e-05,0.2651115324497223,0.3434173555543983,0.5147868676253528,0.1492108943567624,0.130542169068392,0.9303829363134333,nan,nan,nan,nan,nan,nan,nan,3.2973970398306847
910,2.9654625589913264e-05,0.2637204238971074,0.3423441645197162,0.51343149298217,0.1487560696663726,0.1300125804659674,0.9308542626539882,nan,nan,nan,nan,nan,nan,nan,3.4002752155065536
911,2.9223116214518397e-05,0.26347046371301014,0.3423668529484446,0.5131861839724805,0.14852998072084436,0.1302915727216286,0.9308883769565075,nan,nan,nan,nan,nan,nan,nan,3.2219519913196564
912,2.87963025648876e-05,0.2637839546998342,0.34269876880943045,0.5134934815337779,0.14881482207626703,0.13052096199718982,0.9307829951311963,nan,nan,nan,nan,nan,nan,nan,3.1804715767502785
913,2.83741888534992e-05,0.2630465626716614,0.3421799061519704,0.512773656118027,0.14874440414338463,0.13012449759827469,0.9312058294938405,nan,nan,nan,nan,nan,nan,nan,3.1434643864631653
914,2.7956779246445272e-05,0.2637939944267273,0.3423213155164526,0.5135050219683099,0.14870192464791032,0.13018125673953534,0.9308679214456099,nan,nan,nan,nan,nan,nan,nan,3.275994010269642
915,2.7544077863390085e-05,0.2633468197186788,0.34223654160744044,0.5130695219783251,0.14853360781622718,0.1302079534686142,0.9309378165539326,nan,nan,nan,nan,nan,nan,nan,3.306428961455822
916,2.713608877752951e-05,0.2644870749314626,0.3429489381274916,0.5141768216552699,0.14917347972421005,0.13020471849165113,0.9305746168676273,nan,nan,nan,nan,nan,nan,nan,3.212742529809475
917,2.673281601555126e-05,0.26272540974617004,0.34195081504979086,0.5124678155289114,0.1484686141881515,0.13016844753782308,0.9311226350357809,nan,nan,nan,nan,nan,nan,nan,3.307551756501198
918,2.6334263557594757e-05,0.2642254199584325,0.3428653479131948,0.5139263434943492,0.14882828480867888,0.13059392869980066,0.9304753455543574,nan,nan,nan,nan,nan,nan,nan,3.12411417812109
919,2.5940435337211733e-05,0.2627261730035146,0.34217168187657254,0.5124606532142789,0.14883615985360912,0.13000705813155572,0.9310790118615822,nan,nan,nan,nan,nan,nan,nan,3.2501348331570625
920,2.55513352413277e-05,0.2627615872224172,0.34189064082769666,0.5125021897216601,0.14865826879717675,0.13020586217037544,0.931218181224063,nan,nan,nan,nan,nan,nan,nan,3.2148934230208397
921,2.5166967110203602e-05,0.26278051813443504,0.34196243155797634,0.5125222432216938,0.14852965395549456,0.1301573701924648,0.9311589386661439,nan,nan,nan,nan,nan,nan,nan,3.2652942165732384
922,2.478733473739771e-05,0.26349387764930726,0.3424926135713819,0.5132084498084736,0.14875642910825737,0.1303865960853511,0.9309129170342777,nan,nan,nan,nan,nan,nan,nan,3.237048350274563
923,2.4412441869728235e-05,0.2637974814573924,0.3428546206918031,0.5135027444890122,0.14872800052282456,0.13047514949514755,0.9309225239355619,nan,nan,nan,nan,nan,nan,nan,3.2434551268815994
924,2.4042292207236456e-05,0.26317887409528096,0.34248179400048606,0.5129024877229931,0.1483859752311865,0.13058174035225303,0.9309195503708787,nan,nan,nan,nan,nan,nan,nan,3.292714737355709
925,2.3676889403150176e-05,0.2620638982454936,0.34140473347690586,0.5118130569249533,0.14827245694866517,0.13000954154821423,0.9315327582263176,nan,nan,nan,nan,nan,nan,nan,2.9698738157749176
926,2.3316237063847446e-05,0.26491060161590574,0.34269075259165765,0.5145896728066569,0.14908433813678398,0.12987334575041662,0.9303205894846911,nan,nan,nan,nan,nan,nan,nan,3.2129032760858536
927,2.2960338748821335e-05,0.26441473432381946,0.34261930030603616,0.5141026140493543,0.14865581805705322,0.13070669542201746,0.9307431624350554,nan,nan,nan,nan,nan,nan,nan,3.165820613503456
928,2.2609197970644337e-05,0.26367330650488535,0.3426146167757246,0.5133873952119533,0.1488871025716433,0.12990781949482078,0.9308474986112473,nan,nan,nan,nan,nan,nan,nan,3.2845561504364014
929,2.2262818194934498e-05,0.26347919249534607,0.34232540729513855,0.5131982994564316,0.14848717446002027,0.13043391170800248,0.9310712348462569,nan,nan,nan,nan,nan,nan,nan,3.191516101360321
930,2.192120284032014e-05,0.26570721379915874,0.34292052939050094,0.5153652725429035,0.14883299022971605,0.13019579779760154,0.9307296016730386,nan,nan,nan,nan,nan,nan,nan,3.2914622351527214
931,2.15843552784069e-05,0.26220130709807077,0.3415795230706548,0.5119564897492705,0.14832506616998334,0.12983263078783125,0.9312987288827893,nan,nan,nan,nan,nan,nan,nan,3.277908504009247
932,2.125227883374429e-05,0.2644911277294159,0.3427004539485508,0.5141874681025702,0.1488389700356174,0.13033284318530863,0.9308255726562755,nan,nan,nan,nan,nan,nan,nan,3.1095415875315666
933,2.092497678379281e-05,0.26313148824373883,0.34195386622124463,0.5128635261625365,0.14873228114890696,0.1299284383883933,0.9310393098715812,nan,nan,nan,nan,nan,nan,nan,3.2878965362906456
934,2.060245235889139e-05,0.2636201016902924,0.3424752241661357,0.5133295509052104,0.14871094337156487,0.13032771296931672,0.9308378263568932,nan,nan,nan,nan,nan,nan,nan,3.196690857410431
935,2.0284708742225964e-05,0.26332712356249494,0.34221948643464284,0.5130522006402324,0.1483778387739764,0.13022174296637584,0.9308686730059145,nan,nan,nan,nan,nan,nan,nan,3.2443334236741066
936,1.9971749069797864e-05,0.2636957528193792,0.34249724138564847,0.5134140770757326,0.14853161454759337,0.13040799921576315,0.9309487958696859,nan,nan,nan,nan,nan,nan,nan,3.048550769686699
937,1.9663576430392626e-05,0.26343407956759135,0.3420638779031059,0.5131537360884765,0.14882338332843184,0.12984589746103323,0.9309831389079501,nan,nan,nan,nan,nan,nan,nan,3.167388141155243
938,1.9360193865549737e-05,0.2635097835063934,0.34225753449416724,0.5132313871746329,0.14843606835931117,0.13011714537790411,0.9308829199751658,nan,nan,nan,nan,nan,nan,nan,3.1914384365081787
939,1.9061604369532646e-05,0.2623655454317729,0.3415388553996953,0.5121170446525276,0.14850635558605366,0.12980021566513086,0.9311984772734699,nan,nan,nan,nan,nan,nan,nan,3.13787043094635
940,1.8767810889299133e-05,0.2646951472759247,0.3427639444560174,0.5143829571263563,0.14906286965330195,0.12974257425742575,0.9306394797895631,nan,nan,nan,nan,nan,nan,nan,2.9810284599661827
941,1.8478816324472356e-05,0.2620438747406006,0.3413944726619939,0.5117965349798419,0.14830503545404045,0.13016442832402053,0.9315714472437343,nan,nan,nan,nan,nan,nan,nan,3.2678143233060837
942,1.819462352731183e-05,0.2637346812089284,0.34272567806362936,0.5134455008689178,0.14858618436101037,0.1306885926216384,0.9308831813874456,nan,nan,nan,nan,nan,nan,nan,3.2369451373815536
943,1.7915235302685892e-05,0.2633660306930542,0.3418437988233384,0.5130844341574214,0.14849112832075287,0.12997510048034505,0.931125575923929,nan,nan,nan,nan,nan,nan,nan,3.2592682242393494
944,1.76406544080434e-05,0.2621698055267334,0.3415918346572436,0.5119172217455724,0.14812008626605236,0.13018524327680292,0.9312978466163448,nan,nan,nan,nan,nan,nan,nan,3.351657971739769
945,1.7370883553386974e-05,0.2645885615348816,0.34300466380951217,0.5142736858528559,0.14913930006862072,0.13044319184393688,0.930457863608143,nan,nan,nan,nan,nan,nan,nan,3.262695334851742
946,1.7105925401246002e-05,0.2637019497553508,0.34230825256102343,0.5134152215139125,0.14860239192236055,0.130337189164461,0.930847923406202,nan,nan,nan,nan,nan,nan,nan,3.336139604449272
947,1.684578256665055e-05,0.26424364280700685,0.3427303956745458,0.5139456309350046,0.14895542920628696,0.13030418586413098,0.9307377708067837,nan,nan,nan,nan,nan,nan,nan,3.186670921742916
948,1.6590457617105354e-05,0.26515312035878497,0.3430844152329837,0.5148308109375261,0.14914508381531222,0.13035457308107049,0.9306246119661471,nan,nan,nan,nan,nan,nan,nan,3.3607083335518837
949,1.633995307256455e-05,0.2632570642630259,0.34237283594541384,0.5129875819064975,0.14867522791883148,0.13018181224063,0.9309447113028134,nan,nan,nan,nan,nan,nan,nan,3.250061273574829
950,1.609427140540689e-05,0.26394774786631264,0.3423063672781263,0.5136548887148675,0.14850004901480246,0.1305474299905238,0.9306768944221154,0.26786681056022643,0.3351956657512131,0.5174967290433525,0.7256465052445839,0.1495902362513479,0.12476325850406823,0.9272287030683266,2.9926437065005302
951,1.5853415040411214e-05,0.2625558669567108,0.34160843133740976,0.512294897139424,0.14861533183021272,0.1297750547331961,0.9313479397444695,nan,nan,nan,nan,nan,nan,nan,3.1179630905389786
952,1.5617386354732623e-05,0.2640301279624303,0.3426774552842042,0.5137414750481362,0.14885543900924747,0.13003565009966342,0.9308544913897331,nan,nan,nan,nan,nan,nan,nan,3.2442755848169327
953,1.5386187677878943e-05,0.2625840535163879,0.34186212761514395,0.5123235786727595,0.1485464496944744,0.1301226350357808,0.931287553507826,nan,nan,nan,nan,nan,nan,nan,3.100546360015869
954,1.5159821291687814e-05,0.26306730715433757,0.342329000756666,0.5127947746304672,0.14840143123223212,0.13046423553246414,0.9310509753945692,nan,nan,nan,nan,nan,nan,nan,3.2398557290434837
955,1.4938289430304044e-05,0.26259736907482145,0.3419077012976669,0.5123315859969261,0.1485084142077574,0.13006747704473418,0.9312601052184426,nan,nan,nan,nan,nan,nan,nan,3.1914749518036842
956,1.4721594280157686e-05,0.2642245029608409,0.3427661298269369,0.5139178772520119,0.14882106329444825,0.1302486030781296,0.9306096134365912,nan,nan,nan,nan,nan,nan,nan,3.2977702766656876
957,1.450973797994238e-05,0.2640058461030324,0.34259419502632504,0.513712774656775,0.14890340816259845,0.1302937293729373,0.9305348495245565,nan,nan,nan,nan,nan,nan,nan,3.1850882843136787
958,1.4302722620594259e-05,0.2633795336087545,0.34236807653150836,0.5131036307902106,0.1483226154298598,0.13064572100774433,0.9308733784269516,nan,nan,nan,nan,nan,nan,nan,3.289699748158455
959,1.4100550245271438e-05,0.26322040418783826,0.34234132810713,0.512948002093429,0.14890788484789072,0.13000133973793418,0.9309631408685423,nan,nan,nan,nan,nan,nan,nan,3.2521471679210663
960,1.3903222849333525e-05,0.262536194562912,0.34188441913885076,0.5122768820279948,0.14833565336731694,0.130125641276999,0.9311882495180211,nan,nan,nan,nan,nan,nan,nan,3.165770560503006
961,1.3710742380322275e-05,0.2631255468527476,0.3421537276523135,0.5128527255473746,0.14872800052282456,0.1300632944482567,0.9311097604809986,nan,nan,nan,nan,nan,nan,nan,3.2993768602609634
962,1.3523110737942293e-05,0.26252793840567273,0.3416798316724463,0.5122679737788308,0.14823115380845014,0.13029268372381791,0.931193445087083,nan,nan,nan,nan,nan,nan,nan,3.27557223290205
963,1.334032977404203e-05,0.26228326427936555,0.3416095048126409,0.5120400244620774,0.14847599908505701,0.1297755122046858,0.9313978694899193,nan,nan,nan,nan,nan,nan,nan,3.232626274228096
964,1.3162401292595862e-05,0.26453232979774477,0.34303841637257787,0.514220033140849,0.14914335195895828,0.13009930398980493,0.9305412214488775,nan,nan,nan,nan,nan,nan,nan,3.263354077935219
965,1.2989327049686062e-05,0.26400865109761557,0.34306802948240367,0.5137108435367159,0.14841515537692382,0.13126203313400647,0.9307341437114008,nan,nan,nan,nan,nan,nan,nan,3.2210373505949974
966,1.2821108753485548e-05,0.26425887576738993,0.34300330964795117,0.5139570331910394,0.14897941378296245,0.13042868346240566,0.9307581282880764,nan,nan,nan,nan,nan,nan,nan,3.0860913023352623
967,1.2657748064241012e-05,0.26334372234344483,0.3421668000533036,0.5130637655545138,0.1486305917720485,0.13029676829069045,0.931018168153449,nan,nan,nan,nan,nan,nan,nan,2.883742570877075
968,1.2499246594256428e-05,0.2637302664518356,0.34270294272620333,0.5134364669024885,0.1485562199784335,0.13050622487991373,0.9307334248276313,nan,nan,nan,nan,nan,nan,nan,3.0227200388908386
969,1.2345605907877394e-05,0.2622600789864858,0.3417278146112105,0.5120029034905722,0.14847266607848902,0.13027046368003137,0.9312270692415776,nan,nan,nan,nan,nan,nan,nan,2.905002601444721
970,1.2196827521475414e-05,0.2633161703745524,0.34242503115758666,0.5130339569151219,0.14907411038133517,0.13009397771460315,0.9309575205045257,nan,nan,nan,nan,nan,nan,nan,2.943871982395649
971,1.2052912903433114e-05,0.26390787506103514,0.342738619120266,0.5136118125928361,0.148031402150116,0.13120906447080352,0.9308524654445642,nan,nan,nan,nan,nan,nan,nan,3.14061089605093
972,1.1913863474129623e-05,0.26429037110010783,0.3427195705511919,0.5139819805026541,0.14917906741169165,0.13001496585302094,0.9307209097147339,nan,nan,nan,nan,nan,nan,nan,3.2879758775234222
973,1.1779680605926778e-05,0.2635963816642761,0.34236546598270595,0.5133089774646291,0.1489201712250433,0.12990507466588244,0.9308970689148123,nan,nan,nan,nan,nan,nan,nan,3.1108651980757713
974,1.1650365623155226e-05,0.2625327061812083,0.3418818703691223,0.5122733814005012,0.14839215109629775,0.1302342254027383,0.9312339966669935,nan,nan,nan,nan,nan,nan,nan,3.0177976861596107
975,1.1525919802101667e-05,0.26302108232180277,0.34199338146995395,0.512746759327561,0.1482373623500964,0.13045721007744338,0.9309928438388393,nan,nan,nan,nan,nan,nan,nan,3.1635968163609505
976,1.1406344370996111e-05,0.26290357728799185,0.3422780064071537,0.5126335105253208,0.1490127438486423,0.1300861353462079,0.9310639806554913,nan,nan,nan,nan,nan,nan,nan,3.2472855001688004
977,1.129164050999978e-05,0.2622216630776723,0.34173804549390585,0.5119641374370478,0.14844407411038132,0.129935496519949,0.9313845374636474,nan,nan,nan,nan,nan,nan,nan,3.234390154480934
978,1.118180935119352e-05,0.26316262046496075,0.34211855263883445,0.5128826026451321,0.1484856059863412,0.1303832957553181,0.931009933666634,nan,nan,nan,nan,nan,nan,nan,3.3406457975506783
979,1.1076851978566473e-05,0.2625565857887268,0.3418738090934712,0.5122902876210179,0.14864006796719276,0.12992758879848382,0.9312061235826553,nan,nan,nan,nan,nan,nan,nan,3.049388349056244
980,1.0976769428005584e-05,0.2633961133956909,0.3422303930578701,0.5131222834822079,0.14851873999281115,0.130026435316799,0.9308686730059145,nan,nan,nan,nan,nan,nan,nan,3.117630548775196
981,1.0881562687285163e-05,0.26292770473162336,0.3420221703907705,0.5126547794705631,0.14877031663562396,0.12986341208378263,0.93123134986766,nan,nan,nan,nan,nan,nan,nan,3.094342440366745
982,1.079123269605737e-05,0.26418295550346377,0.34290818870137324,0.5138852345086691,0.14880567264647257,0.1302802012874555,0.9307844655752704,nan,nan,nan,nan,nan,nan,nan,3.0725824162364006
983,1.0705780345842657e-05,0.2657435979445775,0.3435286589167116,0.5154015079953156,0.14900702545502076,0.13067251576642813,0.9303441492664117,nan,nan,nan,nan,nan,nan,nan,3.1456051096320152
984,1.0625206480021358e-05,0.26471714584032696,0.34315557706760774,0.5143955286706011,0.14896395778191682,0.13025549782701043,0.9305106688886711,nan,nan,nan,nan,nan,nan,nan,3.0556087270379066
985,1.0549511893824902e-05,0.2626203440030416,0.34194505651253554,0.5123568132513487,0.14859203346077182,0.12991543312747117,0.9311163611410646,nan,nan,nan,nan,nan,nan,nan,2.9139515087008476
986,1.0478697334328274e-05,0.26360107107957204,0.3426019064971163,0.5133143586402971,0.14839545142633076,0.130714047642388,0.9308813188249518,nan,nan,nan,nan,nan,nan,nan,3.1492934226989746
987,1.0412763500442658e-05,0.2624899190266927,0.3416393802282456,0.5122280456867788,0.14896817305492926,0.12949642191941965,0.9312907231317191,nan,nan,nan,nan,nan,nan,nan,3.127169691026211
988,1.0351711042908346e-05,0.26559888482093813,0.34291007136759466,0.5152598029777273,0.14856350684573408,0.1302945462863118,0.9307362676861746,nan,nan,nan,nan,nan,nan,nan,3.1849283427000046
989,1.0295540564288417e-05,0.2645955565770467,0.34287312435412787,0.5142834809714955,0.1484755416135673,0.13059347122831094,0.930742116785936,nan,nan,nan,nan,nan,nan,nan,3.2406469359993935
990,1.024425261896286e-05,0.2640147838592529,0.34264726631427067,0.513717396320384,0.14905218442636342,0.13021292030193118,0.9306969578145934,nan,nan,nan,nan,nan,nan,nan,3.223236531019211
991,1.0197847713123016e-05,0.26464907693862916,0.3430094707703289,0.5143316625328159,0.14877874718164885,0.13022157958370095,0.930705649772898,nan,nan,nan,nan,nan,nan,nan,3.09602689743042
992,1.0156326304766531e-05,0.2630648166338603,0.34192132588104107,0.5127910346571329,0.1484343691794922,0.13019785641930529,0.930940594059406,nan,nan,nan,nan,nan,nan,nan,3.211367443203926
993,1.01196888036929e-05,0.2635881278514862,0.34234526422552525,0.5133027855708231,0.1488026337287194,0.12992641244322453,0.9309102702349443,nan,nan,nan,nan,nan,nan,nan,3.0851958468556404
994,1.0087935571499563e-05,0.26419994831085203,0.342797949687837,0.5139037174419909,0.14931068849459203,0.13007211711270136,0.930723915955952,nan,nan,nan,nan,nan,nan,nan,3.1513787880539894
995,1.006106692157801e-05,0.26287982308864594,0.34203919984356107,0.5126206050925318,0.14826118354409698,0.13042606933960724,0.9310174165931444,nan,nan,nan,nan,nan,nan,nan,3.0856180414557457
996,1.0039083119111025e-05,0.26368406224250795,0.3426769129303091,0.5133991458798189,0.14871264255138386,0.13038934091428944,0.9308533803875437,nan,nan,nan,nan,nan,nan,nan,3.067093275487423
997,1.0021984381069836e-05,0.2640618484020233,0.34305922309240516,0.5137603031545088,0.148814854752802,0.13058772015815442,0.9307014998529556,nan,nan,nan,nan,nan,nan,nan,3.179560273885727
998,1.000977087621213e-05,0.2640931481520335,0.3427755535609254,0.5137874171210032,0.14862863117994968,0.1307029702970297,0.9307246675162566,nan,nan,nan,nan,nan,nan,nan,3.182268090546131
999,1.0002442725080185e-05,0.2634242839813232,0.3423046894146407,0.5131405151121066,0.1487667875698461,0.12993598666797374,0.930814952782407,nan,nan,nan,nan,nan,nan,nan,3.049275115132332
1000,1e-05,0.26357356437047325,0.34237985744351046,0.5132861163039478,0.14872028886056923,0.1302416429761788,0.9309527170538836,0.2679754030704498,0.33568195386022204,0.517606208780645,0.7255965101460641,0.14724242721301833,0.12716106264091756,0.9271953730026468,3.2936192974448204
